date,va,P_Kweek_-36_Kday_52_ETE_67_ORD_69_EXT_83_E2Ekor_80_EXTkor_66_DIFF_25
Wed Feb 18 11:00:00 UTC 2026,null,0.008790801110909241
Wed Feb 18 12:00:00 UTC 2026,null,0.006912846083372282
Wed Feb 18 13:00:00 UTC 2026,null,0.0014298423743708266
Wed Feb 18 14:00:00 UTC 2026,null,0.00700518174674869
Wed Feb 18 15:00:00 UTC 2026,null,-0.0034321798273244664
Wed Feb 18 16:00:00 UTC 2026,null,-1.7456132110482692E-4
Wed Feb 18 17:00:00 UTC 2026,null,-0.002587991647093446
Wed Feb 18 18:00:00 UTC 2026,null,-0.0032948201677498457
Wed Feb 18 19:00:00 UTC 2026,null,-0.001356073629737109
Wed Feb 18 20:00:00 UTC 2026,null,0.0026909575497429117
Wed Feb 18 21:00:00 UTC 2026,null,-0.004398650784958269
Wed Feb 18 22:00:00 UTC 2026,null,-0.004475958605406172
Wed Feb 18 23:00:00 UTC 2026,null,-0.002850730617526054
Thu Feb 19 00:00:00 UTC 2026,null,8.341155354405494E-4
Thu Feb 19 01:00:00 UTC 2026,null,0.0044077322949283015
Thu Feb 19 02:00:00 UTC 2026,null,-0.007880566031087
Thu Feb 19 03:00:00 UTC 2026,null,-0.007774746651007636
Thu Feb 19 04:00:00 UTC 2026,null,-9.45255239566789E-4
Thu Feb 19 05:00:00 UTC 2026,null,0.005505248852379241
Thu Feb 19 06:00:00 UTC 2026,null,-0.009180969184886756
Thu Feb 19 07:00:00 UTC 2026,null,0.0031678463329325446
Thu Feb 19 08:00:00 UTC 2026,null,0.006342533732701883
Thu Feb 19 09:00:00 UTC 2026,null,0.006292542465210493
Thu Feb 19 10:00:00 UTC 2026,null,0.005242515469179088
Thu Feb 19 11:00:00 UTC 2026,null,0.0018311702424056442
Thu Feb 19 12:00:00 UTC 2026,null,0.00213883809160742
Thu Feb 19 13:00:00 UTC 2026,null,0.019364591045243795
Thu Feb 19 14:00:00 UTC 2026,null,0.015135478290468907
Thu Feb 19 15:00:00 UTC 2026,null,0.014739610259958624
Thu Feb 19 16:00:00 UTC 2026,null,0.01032421223965474
Thu Feb 19 17:00:00 UTC 2026,null,0.007662545287208333
Thu Feb 19 18:00:00 UTC 2026,null,0.013683016307885376
Thu Feb 19 19:00:00 UTC 2026,null,0.016260824181662414
Thu Feb 19 20:00:00 UTC 2026,null,0.016417955758329494
Thu Feb 19 21:00:00 UTC 2026,null,0.017487860818057976
Thu Feb 19 22:00:00 UTC 2026,null,0.01491749273417553
Thu Feb 19 23:00:00 UTC 2026,null,0.019085864808351838
Fri Feb 20 00:00:00 UTC 2026,null,0.019239198748297826
Fri Feb 20 01:00:00 UTC 2026,null,0.01786495619023465
Fri Feb 20 02:00:00 UTC 2026,null,0.013534827671637384
Fri Feb 20 03:00:00 UTC 2026,null,0.020028839769989926
Fri Feb 20 04:00:00 UTC 2026,null,0.019258709361743565
Fri Feb 20 05:00:00 UTC 2026,null,0.01756379801064223
Fri Feb 20 06:00:00 UTC 2026,null,0.012826828332480611
Fri Feb 20 07:00:00 UTC 2026,null,0.014664248039084837
Fri Feb 20 08:00:00 UTC 2026,null,0.013223224665917854
Fri Feb 20 09:00:00 UTC 2026,null,0.02242155061566975
Fri Feb 20 10:00:00 UTC 2026,null,0.019120096872917713
Fri Feb 20 11:00:00 UTC 2026,null,0.02253136668912581
Fri Feb 20 12:00:00 UTC 2026,null,0.017425894979132828
Fri Feb 20 13:00:00 UTC 2026,null,0.026785463175741153
Fri Feb 20 14:00:00 UTC 2026,null,0.016634464624290635
Fri Feb 20 15:00:00 UTC 2026,null,0.016991617902784473
Fri Feb 20 16:00:00 UTC 2026,null,0.015927560942761154
Fri Feb 20 17:00:00 UTC 2026,null,0.019542108667446323
Fri Feb 20 18:00:00 UTC 2026,null,0.014677297025150304
Fri Feb 20 19:00:00 UTC 2026,null,0.014591471321844685
Fri Feb 20 20:00:00 UTC 2026,null,0.012560713590754391
Sun Feb 22 21:00:00 UTC 2026,null,0.018173700267086312
Sun Feb 22 22:00:00 UTC 2026,null,0.015378853919540747
Sun Feb 22 23:00:00 UTC 2026,null,0.010940708108919672
Mon Feb 23 00:00:00 UTC 2026,null,0.013035861898017753
Mon Feb 23 01:00:00 UTC 2026,null,0.012166094609550537
Mon Feb 23 02:00:00 UTC 2026,null,0.01310842947966262
Mon Feb 23 03:00:00 UTC 2026,null,0.012114268818838037
Mon Feb 23 04:00:00 UTC 2026,null,0.011721294269931182
Mon Feb 23 05:00:00 UTC 2026,null,0.012732615171450634
Mon Feb 23 06:00:00 UTC 2026,null,0.009680528404014233
Mon Feb 23 07:00:00 UTC 2026,null,0.01924049846986753
Mon Feb 23 08:00:00 UTC 2026,null,0.013381860477568619
Mon Feb 23 09:00:00 UTC 2026,null,0.02435815166018407
Mon Feb 23 10:00:00 UTC 2026,null,0.0208525547114371
Mon Feb 23 11:00:00 UTC 2026,null,0.02354990013345115
Mon Feb 23 12:00:00 UTC 2026,null,0.026092348087184192
Mon Feb 23 13:00:00 UTC 2026,null,0.018997639874837713
Mon Feb 23 14:00:00 UTC 2026,null,0.031029573818560863
Mon Feb 23 15:00:00 UTC 2026,null,0.02441491365983861
Mon Feb 23 16:00:00 UTC 2026,null,0.02477193458487914
Mon Feb 23 17:00:00 UTC 2026,null,0.015212052328715586
Mon Feb 23 18:00:00 UTC 2026,null,0.013418967708675789
Mon Feb 23 19:00:00 UTC 2026,null,0.01293930037754687
Mon Feb 23 20:00:00 UTC 2026,null,0.018911476020258666
Mon Feb 23 21:00:00 UTC 2026,null,0.014360880024842926
Mon Feb 23 22:00:00 UTC 2026,null,0.02250681852874381
Mon Feb 23 23:00:00 UTC 2026,null,0.01630154990766086
Tue Feb 24 00:00:00 UTC 2026,null,0.015502354173949406
Tue Feb 24 01:00:00 UTC 2026,null,0.016248651861873853
Tue Feb 24 02:00:00 UTC 2026,null,0.01730985338410118
Tue Feb 24 03:00:00 UTC 2026,null,0.022922455919342832
Tue Feb 24 04:00:00 UTC 2026,null,0.02614834444914993
Tue Feb 24 05:00:00 UTC 2026,null,0.01710122985874407
Tue Feb 24 06:00:00 UTC 2026,null,0.021651113918455422
Tue Feb 24 07:00:00 UTC 2026,null,0.02316102937881359
Tue Feb 24 08:00:00 UTC 2026,null,0.02323309182585942
Tue Feb 24 09:00:00 UTC 2026,null,0.013137729323043024
Tue Feb 24 10:00:00 UTC 2026,null,0.020312189896317223
Tue Feb 24 11:00:00 UTC 2026,null,0.014917228327003595
Tue Feb 24 12:00:00 UTC 2026,null,0.022454519925653837
Tue Feb 24 13:00:00 UTC 2026,null,0.012864658090371073
Tue Feb 24 14:00:00 UTC 2026,null,0.016767619749512352
Tue Feb 24 15:00:00 UTC 2026,null,0.016777372871159102
Tue Feb 24 16:00:00 UTC 2026,null,0.020379185029117286
Tue Feb 24 17:00:00 UTC 2026,null,0.025514255839684585
Tue Feb 24 18:00:00 UTC 2026,null,0.023320449587868497
Tue Feb 24 19:00:00 UTC 2026,null,0.023549611760346645
Tue Feb 24 20:00:00 UTC 2026,null,0.022239462866438853
Tue Feb 24 21:00:00 UTC 2026,null,0.029471377306717672
Tue Feb 24 22:00:00 UTC 2026,null,0.022081522855005975
Tue Feb 24 23:00:00 UTC 2026,null,0.022985977604755847
Wed Feb 25 00:00:00 UTC 2026,null,0.024472078962137767
Wed Feb 25 01:00:00 UTC 2026,null,0.02719847998457081
Wed Feb 25 02:00:00 UTC 2026,null,0.025979592117380657
Wed Feb 25 03:00:00 UTC 2026,null,0.020995725706766333
Wed Feb 25 04:00:00 UTC 2026,null,0.026170216986254324
Wed Feb 25 05:00:00 UTC 2026,null,0.02308145092681979
Wed Feb 25 06:00:00 UTC 2026,null,0.026473422298900484
Wed Feb 25 07:00:00 UTC 2026,null,0.02792071452864464
Wed Feb 25 08:00:00 UTC 2026,null,0.029988747737120125
Wed Feb 25 09:00:00 UTC 2026,null,0.034942160446959525
Wed Feb 25 10:00:00 UTC 2026,null,0.0345832126783896
Wed Feb 25 11:00:00 UTC 2026,null,0.04039428538589762
Wed Feb 25 12:00:00 UTC 2026,null,0.03715327985917671
Wed Feb 25 13:00:00 UTC 2026,null,0.02501281435568825
Wed Feb 25 14:00:00 UTC 2026,null,0.026956104939412695
Wed Feb 25 15:00:00 UTC 2026,null,0.016767994545520803
Wed Feb 25 16:00:00 UTC 2026,null,0.021933201846451977
Wed Feb 25 17:00:00 UTC 2026,null,0.019609139668835818
Wed Feb 25 18:00:00 UTC 2026,null,0.020436659068091334
Wed Feb 25 19:00:00 UTC 2026,null,0.025913444803589814
Wed Feb 25 20:00:00 UTC 2026,null,0.025162459288957217
Wed Feb 25 21:00:00 UTC 2026,null,0.017245585627804205
Wed Feb 25 22:00:00 UTC 2026,null,0.013778671642583395
Wed Feb 25 23:00:00 UTC 2026,null,0.015474066428626365
Thu Feb 26 00:00:00 UTC 2026,null,0.02566908930843881
Thu Feb 26 01:00:00 UTC 2026,null,0.022932838680340906
Thu Feb 26 02:00:00 UTC 2026,null,0.018106326548710472
Thu Feb 26 03:00:00 UTC 2026,null,0.02117254611913677
Thu Feb 26 04:00:00 UTC 2026,null,0.015761599738042475
Thu Feb 26 05:00:00 UTC 2026,null,0.020182200399918138
Thu Feb 26 06:00:00 UTC 2026,null,0.017585129475873318
Thu Feb 26 07:00:00 UTC 2026,null,0.017829895202040147
Thu Feb 26 08:00:00 UTC 2026,null,0.016352822369183118
Thu Feb 26 09:00:00 UTC 2026,null,0.02483243320692785
Thu Feb 26 10:00:00 UTC 2026,null,0.022244589783813273
Thu Feb 26 11:00:00 UTC 2026,null,0.026861626237238756
Thu Feb 26 12:00:00 UTC 2026,null,0.03117463295434164
Thu Feb 26 13:00:00 UTC 2026,null,0.023894948381208758
Thu Feb 26 14:00:00 UTC 2026,null,0.021675021901481628
Thu Feb 26 15:00:00 UTC 2026,null,0.023627927662568604
Thu Feb 26 16:00:00 UTC 2026,null,0.023349600049829666
Thu Feb 26 17:00:00 UTC 2026,null,0.022306749596995745
Thu Feb 26 18:00:00 UTC 2026,null,0.02599064728247158
Thu Feb 26 19:00:00 UTC 2026,null,0.024890087509313652
Thu Feb 26 20:00:00 UTC 2026,null,0.024397459117523335
Thu Feb 26 21:00:00 UTC 2026,null,0.027263111584025612
Thu Feb 26 22:00:00 UTC 2026,null,0.022493094304564698
Thu Feb 26 23:00:00 UTC 2026,null,0.023311702074192864
Fri Feb 27 00:00:00 UTC 2026,null,0.02644057360565988
Fri Feb 27 01:00:00 UTC 2026,null,0.03059300020499256
Fri Feb 27 02:00:00 UTC 2026,null,0.030513190613949304
Fri Feb 27 03:00:00 UTC 2026,null,0.03381447689884132
Fri Feb 27 04:00:00 UTC 2026,null,0.03274976365992588
Fri Feb 27 05:00:00 UTC 2026,null,0.03327310949082718
Fri Feb 27 06:00:00 UTC 2026,null,0.038824146768861034
Fri Feb 27 07:00:00 UTC 2026,null,0.03849619846756758
Fri Feb 27 08:00:00 UTC 2026,null,0.030493489223976766
Fri Feb 27 09:00:00 UTC 2026,null,0.03401609737078792
Fri Feb 27 10:00:00 UTC 2026,null,0.0329046360363785
Fri Feb 27 11:00:00 UTC 2026,null,0.03182626570471703
Fri Feb 27 12:00:00 UTC 2026,null,0.03662034509499157
Fri Feb 27 13:00:00 UTC 2026,null,0.03787359254311351
Fri Feb 27 14:00:00 UTC 2026,null,0.04013005711439255
Fri Feb 27 15:00:00 UTC 2026,null,0.04764016420972039
Fri Feb 27 16:00:00 UTC 2026,null,0.04288938489216365
Fri Feb 27 17:00:00 UTC 2026,null,0.03865388576657014
Fri Feb 27 18:00:00 UTC 2026,null,0.038462358914505446
Fri Feb 27 19:00:00 UTC 2026,null,0.04323789181271542
Fri Feb 27 20:00:00 UTC 2026,null,0.03584187163019914
Sun Mar 01 21:00:00 UTC 2026,null,0.041640359645197966
Sun Mar 01 22:00:00 UTC 2026,null,0.04262652081860052
Sun Mar 01 23:00:00 UTC 2026,null,0.03763756981500155
Mon Mar 02 00:00:00 UTC 2026,null,0.044739136586474215
Mon Mar 02 01:00:00 UTC 2026,null,0.03857468416844245
Mon Mar 02 02:00:00 UTC 2026,null,0.03874572359627804
Mon Mar 02 03:00:00 UTC 2026,null,0.03925786923455643
Mon Mar 02 04:00:00 UTC 2026,null,0.04280259181520418
Mon Mar 02 05:00:00 UTC 2026,null,0.04000951036098388
Mon Mar 02 06:00:00 UTC 2026,null,0.04172230806297694
Mon Mar 02 07:00:00 UTC 2026,null,0.0382893602474097
Mon Mar 02 08:00:00 UTC 2026,null,0.0408476151051842
Mon Mar 02 09:00:00 UTC 2026,null,0.03731199910870453
Mon Mar 02 10:00:00 UTC 2026,null,0.03398767897551447
Mon Mar 02 11:00:00 UTC 2026,null,0.03348819422307159
Mon Mar 02 12:00:00 UTC 2026,null,0.03005985198334571
Mon Mar 02 13:00:00 UTC 2026,null,0.0324364073446084
Mon Mar 02 14:00:00 UTC 2026,null,0.03428775194550848
Mon Mar 02 15:00:00 UTC 2026,null,0.02743243907563353
Mon Mar 02 16:00:00 UTC 2026,null,0.02832395697328116
Mon Mar 02 17:00:00 UTC 2026,null,0.02693002248525711
Mon Mar 02 18:00:00 UTC 2026,null,0.02790588277863404
Mon Mar 02 19:00:00 UTC 2026,null,0.020741955988549776
Mon Mar 02 20:00:00 UTC 2026,null,0.019268187159717343
Mon Mar 02 21:00:00 UTC 2026,null,0.020206263480349484
Mon Mar 02 22:00:00 UTC 2026,null,0.019570241405678868
Mon Mar 02 23:00:00 UTC 2026,null,0.016273006286086522
Tue Mar 03 00:00:00 UTC 2026,null,0.01716280311852847
Tue Mar 03 01:00:00 UTC 2026,null,0.020177501143622045
Tue Mar 03 02:00:00 UTC 2026,null,0.023583563622032955
Tue Mar 03 03:00:00 UTC 2026,null,0.025506897567531217
Tue Mar 03 04:00:00 UTC 2026,null,0.031521536052279364
Tue Mar 03 05:00:00 UTC 2026,null,0.0266882238786037
Tue Mar 03 06:00:00 UTC 2026,null,0.03336522056709024
Tue Mar 03 07:00:00 UTC 2026,null,0.03606285872345372
Tue Mar 03 08:00:00 UTC 2026,null,0.03134765940625828
Tue Mar 03 09:00:00 UTC 2026,null,0.03622488865530582
Tue Mar 03 10:00:00 UTC 2026,null,0.030649238186164274
Tue Mar 03 11:00:00 UTC 2026,null,0.030657984155069595
Tue Mar 03 12:00:00 UTC 2026,null,0.040707740402799564
Tue Mar 03 13:00:00 UTC 2026,null,0.03639498965143151
Tue Mar 03 14:00:00 UTC 2026,null,0.04169742856194758
Tue Mar 03 15:00:00 UTC 2026,null,0.04254425927275429
Tue Mar 03 16:00:00 UTC 2026,null,0.046240005568671805
Tue Mar 03 17:00:00 UTC 2026,null,0.046902454850256126
Tue Mar 03 18:00:00 UTC 2026,null,0.049051830677947494
Tue Mar 03 19:00:00 UTC 2026,null,0.04202703353019177
Tue Mar 03 20:00:00 UTC 2026,null,0.042490811924274396
Tue Mar 03 21:00:00 UTC 2026,null,0.049409187112393615
Tue Mar 03 22:00:00 UTC 2026,null,0.04369471144640591
Tue Mar 03 23:00:00 UTC 2026,null,0.04962831058426098
Wed Mar 04 00:00:00 UTC 2026,null,0.04522977251829707
Wed Mar 04 01:00:00 UTC 2026,null,0.045255055228935026
Wed Mar 04 02:00:00 UTC 2026,null,0.048096159573358
Wed Mar 04 03:00:00 UTC 2026,null,0.04747107177233967
Wed Mar 04 04:00:00 UTC 2026,null,0.049098641828238865
Wed Mar 04 05:00:00 UTC 2026,null,0.048632714183725057
Wed Mar 04 06:00:00 UTC 2026,null,0.040592808179833906
Wed Mar 04 07:00:00 UTC 2026,null,0.03760334884619043
Wed Mar 04 08:00:00 UTC 2026,null,0.038207706835597266
Wed Mar 04 09:00:00 UTC 2026,null,0.04412042920327153
Wed Mar 04 10:00:00 UTC 2026,null,0.04862018649872302
Wed Mar 04 11:00:00 UTC 2026,null,0.05274560403053852
Wed Mar 04 12:00:00 UTC 2026,null,0.044828760324238104
Wed Mar 04 13:00:00 UTC 2026,null,0.03813229047882971
Wed Mar 04 14:00:00 UTC 2026,null,0.03474072774599679
Wed Mar 04 15:00:00 UTC 2026,null,0.0379362833314727
Wed Mar 04 16:00:00 UTC 2026,null,0.03801683638867992
Wed Mar 04 17:00:00 UTC 2026,null,0.04473111529017837
Wed Mar 04 18:00:00 UTC 2026,null,0.044478013819949425
Wed Mar 04 19:00:00 UTC 2026,null,0.0459275826586385
Wed Mar 04 20:00:00 UTC 2026,null,0.039397138426668254
Wed Mar 04 21:00:00 UTC 2026,null,0.041931584564732116
Wed Mar 04 22:00:00 UTC 2026,null,0.04239865583436475
Wed Mar 04 23:00:00 UTC 2026,null,0.04606036820412118
Thu Mar 05 00:00:00 UTC 2026,null,0.04220087771400394
Thu Mar 05 01:00:00 UTC 2026,null,0.043962958199122326
Thu Mar 05 02:00:00 UTC 2026,null,0.04375580620895558
Thu Mar 05 03:00:00 UTC 2026,null,0.04877088847964539
Thu Mar 05 04:00:00 UTC 2026,null,0.05155363657248935
Thu Mar 05 05:00:00 UTC 2026,null,0.04932627046339144
Thu Mar 05 06:00:00 UTC 2026,null,0.04955388112902126
Thu Mar 05 07:00:00 UTC 2026,null,0.04489744847478483
Thu Mar 05 08:00:00 UTC 2026,null,0.05274549994783739
Thu Mar 05 09:00:00 UTC 2026,null,0.04958790492189591
Thu Mar 05 10:00:00 UTC 2026,null,0.046769315531903555
Thu Mar 05 11:00:00 UTC 2026,null,0.04096396830915783
Thu Mar 05 12:00:00 UTC 2026,null,0.04479915365720122
Thu Mar 05 13:00:00 UTC 2026,null,0.04432746222046324
Thu Mar 05 14:00:00 UTC 2026,null,0.04276316668821467
Thu Mar 05 15:00:00 UTC 2026,null,0.042327322839638803
Thu Mar 05 16:00:00 UTC 2026,null,0.04502202101828767
Thu Mar 05 17:00:00 UTC 2026,null,0.04714242893288367
Thu Mar 05 18:00:00 UTC 2026,null,0.051409235225868155
Thu Mar 05 19:00:00 UTC 2026,null,0.05246848690244499
Thu Mar 05 20:00:00 UTC 2026,null,0.04835611800007622
Thu Mar 05 21:00:00 UTC 2026,null,0.05206594407190224
Thu Mar 05 22:00:00 UTC 2026,null,0.05010914104086095
Thu Mar 05 23:00:00 UTC 2026,null,0.04900494042161574
Fri Mar 06 00:00:00 UTC 2026,null,0.05422421671716937
Fri Mar 06 01:00:00 UTC 2026,null,0.061433394556712484
Fri Mar 06 02:00:00 UTC 2026,null,0.054465683829461486
Fri Mar 06 03:00:00 UTC 2026,null,0.05296452334617685
Fri Mar 06 04:00:00 UTC 2026,null,0.04928576921144656
Fri Mar 06 05:00:00 UTC 2026,null,0.04567989041264364
Fri Mar 06 06:00:00 UTC 2026,null,0.04268105655376475
Fri Mar 06 07:00:00 UTC 2026,null,0.03863066239353308
Fri Mar 06 08:00:00 UTC 2026,null,0.044751212028251164
Fri Mar 06 09:00:00 UTC 2026,null,0.044512857083271795
Fri Mar 06 10:00:00 UTC 2026,null,0.052983062305334894
Fri Mar 06 11:00:00 UTC 2026,null,0.04591521939050702
Fri Mar 06 12:00:00 UTC 2026,null,0.044756516253886325
Fri Mar 06 13:00:00 UTC 2026,null,0.045419810389951465
Fri Mar 06 14:00:00 UTC 2026,null,0.049424091178596585
Fri Mar 06 15:00:00 UTC 2026,null,0.05270482286098388
Fri Mar 06 16:00:00 UTC 2026,null,0.05159422237078792
Fri Mar 06 17:00:00 UTC 2026,null,0.050104784692573956
Fri Mar 06 18:00:00 UTC 2026,null,0.0499006805213138
Fri Mar 06 19:00:00 UTC 2026,null,0.047403773891969925
Fri Mar 06 20:00:00 UTC 2026,null,0.051008536447664676
Sun Mar 08 21:00:00 UTC 2026,null,0.05193339657216689
Sun Mar 08 22:00:00 UTC 2026,null,0.055273831673467555
Sun Mar 08 23:00:00 UTC 2026,null,0.04862239178747796
Mon Mar 09 00:00:00 UTC 2026,null,0.04877331119965134
Mon Mar 09 01:00:00 UTC 2026,null,0.05442308483715741
Mon Mar 09 02:00:00 UTC 2026,null,0.05351356300696186
Mon Mar 09 03:00:00 UTC 2026,null,0.05674276568469949
Mon Mar 09 04:00:00 UTC 2026,null,0.051242137113171715
Mon Mar 09 05:00:00 UTC 2026,null,0.04312737068539474
Mon Mar 09 06:00:00 UTC 2026,null,0.04313229926639872
Mon Mar 09 07:00:00 UTC 2026,null,0.04473030354053664
Mon Mar 09 08:00:00 UTC 2026,null,0.045050328452611144
Mon Mar 09 09:00:00 UTC 2026,null,0.046621922483105926
Mon Mar 09 10:00:00 UTC 2026,null,0.042008896062480705
Mon Mar 09 11:00:00 UTC 2026,null,0.04382898177897232
