date,va,P_Kweek_-22_Kday_32_ETE_69_ORD_67_EXT_86_E2Ekor_86_EXTkor_70_DIFF_4060
Wed Feb 18 00:00:00 UTC 2026,null,36.30445053498261
Wed Feb 18 02:00:00 UTC 2026,null,-21.898765141842887
Wed Feb 18 03:00:00 UTC 2026,null,-33.5918003662955
Thu Feb 19 17:00:00 UTC 2026,null,-35.67862519552
Wed Feb 25 18:00:00 UTC 2026,null,-18.937183322152123
Mon Mar 02 18:00:00 UTC 2026,null,40.0620649731718
Tue Mar 03 17:00:00 UTC 2026,null,7.651290669338778
Thu Mar 05 13:00:00 UTC 2026,null,27.002698371186852
