date,va,P_Kweek_-14_Kday_53_ETE_67_ORD_64_EXT_82_E2Ekor_79_EXTkor_66_DIFF_23
Fri Feb 20 05:00:00 UTC 2026,null,0.003014881787665402
Fri Feb 20 06:00:00 UTC 2026,null,-0.004170107406138879
Fri Feb 20 07:00:00 UTC 2026,null,2.2764114440576577E-5
Fri Feb 20 08:00:00 UTC 2026,null,0.0010685082594781292
Fri Feb 20 09:00:00 UTC 2026,null,0.004838764740687562
Fri Feb 20 10:00:00 UTC 2026,null,0.011437781721386209
Fri Feb 20 11:00:00 UTC 2026,null,0.006228247490133398
Fri Feb 20 12:00:00 UTC 2026,null,0.005966114225920194
Fri Feb 20 13:00:00 UTC 2026,null,0.006353707186542046
Fri Feb 20 14:00:00 UTC 2026,null,0.005410995504906424
Fri Feb 20 15:00:00 UTC 2026,null,0.009430063771977082
Fri Feb 20 16:00:00 UTC 2026,null,0.010402350821366202
Fri Feb 20 17:00:00 UTC 2026,null,0.017314109990964166
Fri Feb 20 18:00:00 UTC 2026,null,0.014505393189707227
Fri Feb 20 19:00:00 UTC 2026,null,0.020542538303661484
Fri Feb 20 20:00:00 UTC 2026,null,0.01386817397621698
Sun Feb 22 21:00:00 UTC 2026,null,0.01880512210677887
Sun Feb 22 22:00:00 UTC 2026,null,0.019623841837599354
Sun Feb 22 23:00:00 UTC 2026,null,0.0220312528236426
Mon Feb 23 00:00:00 UTC 2026,null,0.020603264678837885
Mon Feb 23 01:00:00 UTC 2026,null,0.01863006134500589
Mon Feb 23 02:00:00 UTC 2026,null,0.024216370470757198
Mon Feb 23 03:00:00 UTC 2026,null,0.0202196923850102
Mon Feb 23 04:00:00 UTC 2026,null,0.02139620368297912
Mon Feb 23 05:00:00 UTC 2026,null,0.02586878809351134
Mon Feb 23 06:00:00 UTC 2026,null,0.022590016617682895
Mon Feb 23 07:00:00 UTC 2026,null,0.021409701893635447
Mon Feb 23 08:00:00 UTC 2026,null,0.016789440100850594
Mon Feb 23 09:00:00 UTC 2026,null,0.027483891570369234
Mon Feb 23 10:00:00 UTC 2026,null,0.01965268149474264
Mon Feb 23 11:00:00 UTC 2026,null,0.023899745073038936
Mon Feb 23 12:00:00 UTC 2026,null,0.017237683365608714
Mon Feb 23 13:00:00 UTC 2026,null,0.018407868216734347
Mon Feb 23 14:00:00 UTC 2026,null,0.023562639226267112
Mon Feb 23 15:00:00 UTC 2026,null,0.025495174925092012
Mon Feb 23 16:00:00 UTC 2026,null,0.021187577632111765
Mon Feb 23 17:00:00 UTC 2026,null,0.023419497797763533
Mon Feb 23 18:00:00 UTC 2026,null,0.02103002759221262
Mon Feb 23 19:00:00 UTC 2026,null,0.021723143316142224
Mon Feb 23 20:00:00 UTC 2026,null,0.020720221008037942
Mon Feb 23 21:00:00 UTC 2026,null,0.021260087642446468
Mon Feb 23 22:00:00 UTC 2026,null,0.02692378636400594
Mon Feb 23 23:00:00 UTC 2026,null,0.03174189402147265
Tue Feb 24 00:00:00 UTC 2026,null,0.02283522229430135
Tue Feb 24 01:00:00 UTC 2026,null,0.03037062631644849
Tue Feb 24 02:00:00 UTC 2026,null,0.02934881121052424
Tue Feb 24 03:00:00 UTC 2026,null,0.02630507025093154
Tue Feb 24 04:00:00 UTC 2026,null,0.028881241662607415
Tue Feb 24 05:00:00 UTC 2026,null,0.03187987914565937
Tue Feb 24 06:00:00 UTC 2026,null,0.031811033579670855
Tue Feb 24 07:00:00 UTC 2026,null,0.02632353289860001
Tue Feb 24 08:00:00 UTC 2026,null,0.026280259704826392
Tue Feb 24 09:00:00 UTC 2026,null,0.03128731490469017
Tue Feb 24 10:00:00 UTC 2026,null,0.025868612641210653
Tue Feb 24 11:00:00 UTC 2026,null,0.026420866494693662
Tue Feb 24 12:00:00 UTC 2026,null,0.031314935655060605
Tue Feb 24 13:00:00 UTC 2026,null,0.032917818613924066
Tue Feb 24 14:00:00 UTC 2026,null,0.028009079675871185
Tue Feb 24 15:00:00 UTC 2026,null,0.018019825965918557
Tue Feb 24 16:00:00 UTC 2026,null,0.015699795529980687
Tue Feb 24 17:00:00 UTC 2026,null,0.01223168898307092
Tue Feb 24 18:00:00 UTC 2026,null,0.015123528053809121
Tue Feb 24 19:00:00 UTC 2026,null,0.020254866410083228
Tue Feb 24 20:00:00 UTC 2026,null,0.016487177296271582
Tue Feb 24 21:00:00 UTC 2026,null,0.01738018639701089
Tue Feb 24 22:00:00 UTC 2026,null,0.018810197137305806
Tue Feb 24 23:00:00 UTC 2026,null,0.016916585793683048
Wed Feb 25 00:00:00 UTC 2026,null,0.01042231148400452
Wed Feb 25 01:00:00 UTC 2026,null,0.010782069239029912
Wed Feb 25 02:00:00 UTC 2026,null,0.00998876205737087
Wed Feb 25 03:00:00 UTC 2026,null,0.014773034048462641
Wed Feb 25 04:00:00 UTC 2026,null,0.012120366716728448
Wed Feb 25 05:00:00 UTC 2026,null,0.014135063691093741
Wed Feb 25 06:00:00 UTC 2026,null,0.012183167225427116
Wed Feb 25 07:00:00 UTC 2026,null,0.013482467958913169
Wed Feb 25 08:00:00 UTC 2026,null,0.014085599890316658
Wed Feb 25 09:00:00 UTC 2026,null,0.012130028046796415
Wed Feb 25 10:00:00 UTC 2026,null,0.012345721394995124
Wed Feb 25 11:00:00 UTC 2026,null,0.012701222736730244
Wed Feb 25 12:00:00 UTC 2026,null,0.013750753408968475
Wed Feb 25 13:00:00 UTC 2026,null,0.011792566684536876
Wed Feb 25 14:00:00 UTC 2026,null,0.014681846434744461
Wed Feb 25 15:00:00 UTC 2026,null,0.008954197254355645
Wed Feb 25 16:00:00 UTC 2026,null,0.01069694152240519
Wed Feb 25 17:00:00 UTC 2026,null,0.008238379098014281
Wed Feb 25 18:00:00 UTC 2026,null,0.010558628935959824
Wed Feb 25 19:00:00 UTC 2026,null,0.011695206510551781
Wed Feb 25 20:00:00 UTC 2026,null,0.004980160312824999
Wed Feb 25 21:00:00 UTC 2026,null,0.008786867547298183
Wed Feb 25 22:00:00 UTC 2026,null,0.005234349097705149
Wed Feb 25 23:00:00 UTC 2026,null,0.004367186457572725
Thu Feb 26 00:00:00 UTC 2026,null,-0.0034180701912087663
Thu Feb 26 01:00:00 UTC 2026,null,-0.0104489231035374
Thu Feb 26 02:00:00 UTC 2026,null,-0.003937898368311377
Thu Feb 26 03:00:00 UTC 2026,null,0.00366202602977328
Thu Feb 26 04:00:00 UTC 2026,null,0.002931572862484799
Thu Feb 26 05:00:00 UTC 2026,null,0.00513807213810713
Thu Feb 26 06:00:00 UTC 2026,null,0.013030966418670964
Thu Feb 26 07:00:00 UTC 2026,null,0.0031494161237195506
Thu Feb 26 08:00:00 UTC 2026,null,0.009982708355586567
Thu Feb 26 09:00:00 UTC 2026,null,0.0011739618918769068
Thu Feb 26 10:00:00 UTC 2026,null,-0.0017391540161635355
Thu Feb 26 11:00:00 UTC 2026,null,0.006020739146568754
Thu Feb 26 12:00:00 UTC 2026,null,0.009799372928962047
Thu Feb 26 13:00:00 UTC 2026,null,0.00993645475659255
Thu Feb 26 14:00:00 UTC 2026,null,0.005657599545330516
Thu Feb 26 15:00:00 UTC 2026,null,0.004813084977032922
Thu Feb 26 16:00:00 UTC 2026,null,0.00844586591395613
Thu Feb 26 17:00:00 UTC 2026,null,0.008708620341512763
Thu Feb 26 18:00:00 UTC 2026,null,0.010240660014801062
Thu Feb 26 19:00:00 UTC 2026,null,0.01128944572881263
Thu Feb 26 20:00:00 UTC 2026,null,0.010073705015059886
Thu Feb 26 21:00:00 UTC 2026,null,0.010677009883776734
Thu Feb 26 22:00:00 UTC 2026,null,0.01091907365028888
Thu Feb 26 23:00:00 UTC 2026,null,0.011192459081043715
Fri Feb 27 00:00:00 UTC 2026,null,0.01213905785806313
Fri Feb 27 01:00:00 UTC 2026,null,0.01045955995349912
Fri Feb 27 02:00:00 UTC 2026,null,0.004527459159670233
Fri Feb 27 03:00:00 UTC 2026,null,0.009320843408371804
Fri Feb 27 04:00:00 UTC 2026,null,0.009329052892483425
Fri Feb 27 05:00:00 UTC 2026,null,0.0047688226836184455
Fri Feb 27 06:00:00 UTC 2026,null,0.004586239194386721
Fri Feb 27 07:00:00 UTC 2026,null,4.564908936681711E-4
Fri Feb 27 08:00:00 UTC 2026,null,0.006685146858546265
Fri Feb 27 09:00:00 UTC 2026,null,0.005704132425934816
Fri Feb 27 10:00:00 UTC 2026,null,0.00853371426841898
Fri Feb 27 11:00:00 UTC 2026,null,0.01519850773893161
Fri Feb 27 12:00:00 UTC 2026,null,0.010748149330926715
Fri Feb 27 13:00:00 UTC 2026,null,0.009737242933197443
Fri Feb 27 14:00:00 UTC 2026,null,0.00828718279252083
Fri Feb 27 15:00:00 UTC 2026,null,0.005429048735873021
Fri Feb 27 16:00:00 UTC 2026,null,0.008232471791402407
Fri Feb 27 17:00:00 UTC 2026,null,0.00653804532654334
Fri Feb 27 18:00:00 UTC 2026,null,0.007397670833047876
Fri Feb 27 19:00:00 UTC 2026,null,0.006071135405572026
Fri Feb 27 20:00:00 UTC 2026,null,0.00918399596011632
Sun Mar 01 21:00:00 UTC 2026,null,0.00782269541496694
Sun Mar 01 22:00:00 UTC 2026,null,0.007173556598317088
Sun Mar 01 23:00:00 UTC 2026,null,0.010640541405174453
Mon Mar 02 00:00:00 UTC 2026,null,0.00999279681205767
Mon Mar 02 01:00:00 UTC 2026,null,0.014403956783290095
Mon Mar 02 02:00:00 UTC 2026,null,0.005456869065892267
Mon Mar 02 03:00:00 UTC 2026,null,0.010094357303226165
Mon Mar 02 04:00:00 UTC 2026,null,0.008775031240191744
Mon Mar 02 05:00:00 UTC 2026,null,0.008182284392033612
Mon Mar 02 06:00:00 UTC 2026,null,0.006794528009272938
Mon Mar 02 07:00:00 UTC 2026,null,0.002787864648303273
Mon Mar 02 08:00:00 UTC 2026,null,0.008365719031770524
Mon Mar 02 09:00:00 UTC 2026,null,0.011854669153191999
Mon Mar 02 10:00:00 UTC 2026,null,0.009943628825861861
Mon Mar 02 11:00:00 UTC 2026,null,0.013449447192303676
Mon Mar 02 12:00:00 UTC 2026,null,0.006031114623537448
Mon Mar 02 13:00:00 UTC 2026,null,0.011827779488771561
Mon Mar 02 14:00:00 UTC 2026,null,0.011035250630416549
Mon Mar 02 15:00:00 UTC 2026,null,0.003785857050194519
Mon Mar 02 16:00:00 UTC 2026,null,0.003950121890724745
Mon Mar 02 17:00:00 UTC 2026,null,0.004699161070931712
Mon Mar 02 18:00:00 UTC 2026,null,0.006766684764366815
Mon Mar 02 19:00:00 UTC 2026,null,0.006298536604526728
Mon Mar 02 20:00:00 UTC 2026,null,0.003062811619978234
Mon Mar 02 21:00:00 UTC 2026,null,0.004149295821538779
Mon Mar 02 22:00:00 UTC 2026,null,-0.0020445475506947197
Mon Mar 02 23:00:00 UTC 2026,null,-0.00297218586839465
Tue Mar 03 00:00:00 UTC 2026,null,7.572026784607999E-4
Tue Mar 03 01:00:00 UTC 2026,null,-0.0016909800636173422
Tue Mar 03 02:00:00 UTC 2026,null,0.00369965553376872
Tue Mar 03 03:00:00 UTC 2026,null,-0.003962509316041363
Tue Mar 03 04:00:00 UTC 2026,null,-2.779316272714105E-4
Tue Mar 03 05:00:00 UTC 2026,null,0.0035353446033310476
Tue Mar 03 06:00:00 UTC 2026,null,0.0025425700998438217
Tue Mar 03 07:00:00 UTC 2026,null,-4.4063310674813394E-4
Tue Mar 03 08:00:00 UTC 2026,null,-0.009807899418120325
Tue Mar 03 09:00:00 UTC 2026,null,-0.005462703926241375
Tue Mar 03 10:00:00 UTC 2026,null,-0.001149534137248498
Tue Mar 03 11:00:00 UTC 2026,null,-4.045924377598098E-4
Tue Mar 03 12:00:00 UTC 2026,null,0.0017014148147120878
Tue Mar 03 13:00:00 UTC 2026,null,0.009643338816185398
Tue Mar 03 14:00:00 UTC 2026,null,0.013988108801632038
Tue Mar 03 15:00:00 UTC 2026,null,0.009770389864819595
Tue Mar 03 16:00:00 UTC 2026,null,0.008798647879550092
Tue Mar 03 17:00:00 UTC 2026,null,0.005350877851569624
Tue Mar 03 18:00:00 UTC 2026,null,0.007881384803011038
Tue Mar 03 19:00:00 UTC 2026,null,0.005274150801367838
Tue Mar 03 20:00:00 UTC 2026,null,0.004129415195776254
Tue Mar 03 21:00:00 UTC 2026,null,0.008656830872336041
Tue Mar 03 22:00:00 UTC 2026,null,0.00842647651162487
Tue Mar 03 23:00:00 UTC 2026,null,0.007249936904356158
Wed Mar 04 00:00:00 UTC 2026,null,0.006698789062302257
Wed Mar 04 01:00:00 UTC 2026,null,0.007785037105788373
Wed Mar 04 02:00:00 UTC 2026,null,0.008304032727155075
Wed Mar 04 03:00:00 UTC 2026,null,0.012296393278222517
Wed Mar 04 04:00:00 UTC 2026,null,0.01755528640171855
Wed Mar 04 05:00:00 UTC 2026,null,0.01537938368001468
Wed Mar 04 06:00:00 UTC 2026,null,0.014409919563652895
Wed Mar 04 07:00:00 UTC 2026,null,0.013436710247974215
Wed Mar 04 08:00:00 UTC 2026,null,0.010837412215325415
Wed Mar 04 09:00:00 UTC 2026,null,0.008048888990215275
Wed Mar 04 10:00:00 UTC 2026,null,0.007904897897255125
Wed Mar 04 11:00:00 UTC 2026,null,0.0052064874037736075
Wed Mar 04 12:00:00 UTC 2026,null,0.006627433402774052
Wed Mar 04 13:00:00 UTC 2026,null,0.0019362519220456065
Wed Mar 04 14:00:00 UTC 2026,null,0.0019019069621979412
Wed Mar 04 15:00:00 UTC 2026,null,0.004139740751619936
Wed Mar 04 16:00:00 UTC 2026,null,0.0053283239910273394
Wed Mar 04 17:00:00 UTC 2026,null,0.004796275472331413
Wed Mar 04 18:00:00 UTC 2026,null,0.005588359256540443
Wed Mar 04 19:00:00 UTC 2026,null,0.010125867281902678
Wed Mar 04 20:00:00 UTC 2026,null,0.009030238099088095
Wed Mar 04 21:00:00 UTC 2026,null,0.012874264659242574
Wed Mar 04 22:00:00 UTC 2026,null,0.012994613501551733
Wed Mar 04 23:00:00 UTC 2026,null,0.01044890336919746
Thu Mar 05 00:00:00 UTC 2026,null,0.013016158143865031
Thu Mar 05 01:00:00 UTC 2026,null,0.006718267409142165
Thu Mar 05 02:00:00 UTC 2026,null,0.01140255304112836
Thu Mar 05 03:00:00 UTC 2026,null,0.009829786700983778
Thu Mar 05 04:00:00 UTC 2026,null,0.018580234947898067
Thu Mar 05 05:00:00 UTC 2026,null,0.01583465364643777
Thu Mar 05 06:00:00 UTC 2026,null,0.022561797453767962
Thu Mar 05 07:00:00 UTC 2026,null,0.024688822507594743
Thu Mar 05 08:00:00 UTC 2026,null,0.015517727646544355
Thu Mar 05 09:00:00 UTC 2026,null,0.003277622828610216
Thu Mar 05 10:00:00 UTC 2026,null,0.002354758410259894
Thu Mar 05 11:00:00 UTC 2026,null,0.007078584100802754
Thu Mar 05 12:00:00 UTC 2026,null,0.007337784576311623
Thu Mar 05 13:00:00 UTC 2026,null,0.0037498556751560663
Thu Mar 05 14:00:00 UTC 2026,null,0.010189643469790344
Thu Mar 05 15:00:00 UTC 2026,null,0.0015262697868592134
Thu Mar 05 16:00:00 UTC 2026,null,0.005796529967569963
Thu Mar 05 17:00:00 UTC 2026,null,0.0057889295747370895
Thu Mar 05 18:00:00 UTC 2026,null,0.006629140851265092
Thu Mar 05 19:00:00 UTC 2026,null,-5.83414786176295E-4
Thu Mar 05 20:00:00 UTC 2026,null,0.005190705772310178
Thu Mar 05 21:00:00 UTC 2026,null,-7.535596466290428E-5
Thu Mar 05 22:00:00 UTC 2026,null,0.005494397481505153
Thu Mar 05 23:00:00 UTC 2026,null,0.001676794844664542
Fri Mar 06 00:00:00 UTC 2026,null,0.008262262425220879
Fri Mar 06 01:00:00 UTC 2026,null,0.012397324884163563
Fri Mar 06 02:00:00 UTC 2026,null,0.011794516894162221
Fri Mar 06 03:00:00 UTC 2026,null,0.01234951109180038
Fri Mar 06 04:00:00 UTC 2026,null,0.011872588647695359
Fri Mar 06 05:00:00 UTC 2026,null,0.008640344913623643
Fri Mar 06 06:00:00 UTC 2026,null,0.005325345650415869
Fri Mar 06 07:00:00 UTC 2026,null,0.009586062310799726
Fri Mar 06 08:00:00 UTC 2026,null,0.004185916683019819
Fri Mar 06 09:00:00 UTC 2026,null,-0.0012550097411696548
Fri Mar 06 10:00:00 UTC 2026,null,0.006090648670436849
Fri Mar 06 11:00:00 UTC 2026,null,0.00649013609180038
Fri Mar 06 12:00:00 UTC 2026,null,0.0067277438669051115
Fri Mar 06 13:00:00 UTC 2026,null,0.00479271014285132
Fri Mar 06 14:00:00 UTC 2026,null,0.003025505906211645
Fri Mar 06 15:00:00 UTC 2026,null,7.788358460611988E-4
Fri Mar 06 16:00:00 UTC 2026,null,0.008548361345641187
Fri Mar 06 17:00:00 UTC 2026,null,0.00594912780162149
Fri Mar 06 18:00:00 UTC 2026,null,4.810592824151527E-4
Fri Mar 06 19:00:00 UTC 2026,null,-4.462112875485147E-4
Fri Mar 06 20:00:00 UTC 2026,null,0.007398958921540633
Sun Mar 08 21:00:00 UTC 2026,null,-0.0029286399832808563
Sun Mar 08 22:00:00 UTC 2026,null,-0.0012627618605205448
Sun Mar 08 23:00:00 UTC 2026,null,-0.0027956842298331175
Mon Mar 09 00:00:00 UTC 2026,null,-1.7788558686149258E-4
Mon Mar 09 01:00:00 UTC 2026,null,-6.811315507602167E-4
Mon Mar 09 02:00:00 UTC 2026,null,0.0013945989583405982
Mon Mar 09 03:00:00 UTC 2026,null,0.00279822559634324
Mon Mar 09 04:00:00 UTC 2026,null,0.0030033039013819263
Mon Mar 09 05:00:00 UTC 2026,null,-0.0017778856298984458
Mon Mar 09 06:00:00 UTC 2026,null,-4.7265324173206835E-4
Mon Mar 09 07:00:00 UTC 2026,null,-0.0034008855024851847
Mon Mar 09 08:00:00 UTC 2026,null,-4.98905039224784E-4
Mon Mar 09 09:00:00 UTC 2026,null,6.215842368084701E-4
Mon Mar 09 10:00:00 UTC 2026,null,-0.003312622909894092
Mon Mar 09 11:00:00 UTC 2026,null,9.821388379522844E-4
Mon Mar 09 12:00:00 UTC 2026,null,3.0428003671811865E-5
Mon Mar 09 13:00:00 UTC 2026,null,-2.1501059628681318E-4
Mon Mar 09 14:00:00 UTC 2026,null,0.009510122805856724
Mon Mar 09 15:00:00 UTC 2026,null,0.01183994196651783
Mon Mar 09 16:00:00 UTC 2026,null,0.010433616326541273
Mon Mar 09 17:00:00 UTC 2026,null,0.013056871625109157
Mon Mar 09 18:00:00 UTC 2026,null,0.00628822782945937
Mon Mar 09 19:00:00 UTC 2026,null,0.009194164701511465
Mon Mar 09 20:00:00 UTC 2026,null,0.012351007264543856
Mon Mar 09 21:00:00 UTC 2026,null,0.01273955210002331
Mon Mar 09 22:00:00 UTC 2026,null,0.014527987058215341
Mon Mar 09 23:00:00 UTC 2026,null,0.013484154974979123
Tue Mar 10 00:00:00 UTC 2026,null,0.009486025158655487
Tue Mar 10 01:00:00 UTC 2026,null,0.006876056321852175
Tue Mar 10 02:00:00 UTC 2026,null,0.00796213044841032
Tue Mar 10 03:00:00 UTC 2026,null,0.009492836422341
Tue Mar 10 04:00:00 UTC 2026,null,0.010982086464208063
Tue Mar 10 05:00:00 UTC 2026,null,0.005801154015459442
Tue Mar 10 06:00:00 UTC 2026,null,0.004590069251035889
Tue Mar 10 07:00:00 UTC 2026,null,0.010890614487666372
Tue Mar 10 08:00:00 UTC 2026,null,0.004955450061326694
Tue Mar 10 09:00:00 UTC 2026,null,-0.0012524575461636545
Tue Mar 10 10:00:00 UTC 2026,null,0.007040264847521183
Tue Mar 10 11:00:00 UTC 2026,null,0.013603335981350995
Tue Mar 10 12:00:00 UTC 2026,null,0.01649767004045133
Tue Mar 10 13:00:00 UTC 2026,null,0.014083794666780225
Tue Mar 10 14:00:00 UTC 2026,null,0.017206705924584398
Tue Mar 10 15:00:00 UTC 2026,null,0.019784956000596043
Tue Mar 10 16:00:00 UTC 2026,null,0.01876250414352043
Tue Mar 10 17:00:00 UTC 2026,null,0.020776471259611462
Tue Mar 10 18:00:00 UTC 2026,null,0.018158095522418538
Tue Mar 10 19:00:00 UTC 2026,null,0.00829797096917062
Tue Mar 10 20:00:00 UTC 2026,null,0.010150264277542842
Tue Mar 10 21:00:00 UTC 2026,null,0.009902082245862864
Tue Mar 10 22:00:00 UTC 2026,null,0.010742213602133344
Tue Mar 10 23:00:00 UTC 2026,null,0.012725172793125239
Wed Mar 11 00:00:00 UTC 2026,null,0.019430470052350213
Wed Mar 11 01:00:00 UTC 2026,null,0.01443316845891962
Wed Mar 11 02:00:00 UTC 2026,null,0.01670797531750612
Wed Mar 11 03:00:00 UTC 2026,null,0.020289410496061144
Wed Mar 11 04:00:00 UTC 2026,null,0.018285257398249488
Wed Mar 11 05:00:00 UTC 2026,null,0.02041093896660584
