date,va,P_Kweek_-76_Kday_45_ETE_68_ORD_67_EXT_84_E2Ekor_84_EXTkor_68_DIFF_23
Fri Feb 13 23:00:00 UTC 2026,null,0.0
Sat Feb 14 00:00:00 UTC 2026,null,0.0
Sat Feb 14 01:00:00 UTC 2026,null,0.0
Sat Feb 14 02:00:00 UTC 2026,null,0.0
Sat Feb 14 03:00:00 UTC 2026,null,0.0
Sat Feb 14 04:00:00 UTC 2026,null,0.0
Sat Feb 14 05:00:00 UTC 2026,null,0.0
Sat Feb 14 06:00:00 UTC 2026,null,0.0
Sat Feb 14 07:00:00 UTC 2026,null,0.0
Sat Feb 14 08:00:00 UTC 2026,null,0.0
Sat Feb 14 09:00:00 UTC 2026,null,0.0
Sat Feb 14 10:00:00 UTC 2026,null,0.0
Sat Feb 14 11:00:00 UTC 2026,null,0.0
Sat Feb 14 12:00:00 UTC 2026,null,0.0
Sat Feb 14 13:00:00 UTC 2026,null,0.0
Sat Feb 14 14:00:00 UTC 2026,null,0.0
Sat Feb 14 15:00:00 UTC 2026,null,0.0
Sat Feb 14 16:00:00 UTC 2026,null,0.0
Sat Feb 14 17:00:00 UTC 2026,null,0.0
Sat Feb 14 18:00:00 UTC 2026,null,0.0
Sat Feb 14 19:00:00 UTC 2026,null,0.0
Sat Feb 14 20:00:00 UTC 2026,null,0.0
Sat Feb 14 21:00:00 UTC 2026,null,0.0
Sat Feb 14 22:00:00 UTC 2026,null,0.0
Sat Feb 14 23:00:00 UTC 2026,null,0.0
Sun Feb 15 00:00:00 UTC 2026,null,0.0
Sun Feb 15 01:00:00 UTC 2026,null,0.0
Sun Feb 15 02:00:00 UTC 2026,null,0.0
Sun Feb 15 03:00:00 UTC 2026,null,0.0
Sun Feb 15 04:00:00 UTC 2026,null,0.0
Sun Feb 15 05:00:00 UTC 2026,null,0.0
Sun Feb 15 06:00:00 UTC 2026,null,0.0
Sun Feb 15 07:00:00 UTC 2026,null,0.0
Sun Feb 15 08:00:00 UTC 2026,null,0.0
Sun Feb 15 09:00:00 UTC 2026,null,0.0
Sun Feb 15 10:00:00 UTC 2026,null,0.0
Sun Feb 15 11:00:00 UTC 2026,null,0.0
Sun Feb 15 12:00:00 UTC 2026,null,0.0
Sun Feb 15 13:00:00 UTC 2026,null,0.0
Sun Feb 15 14:00:00 UTC 2026,null,0.0
Sun Feb 15 15:00:00 UTC 2026,null,0.0
Sun Feb 15 16:00:00 UTC 2026,null,0.0
Sun Feb 15 17:00:00 UTC 2026,null,0.0
Sun Feb 15 18:00:00 UTC 2026,null,0.0
Sun Feb 15 19:00:00 UTC 2026,null,0.0
Sun Feb 15 20:00:00 UTC 2026,null,0.0
Sun Feb 15 21:00:00 UTC 2026,null,3.9244441231445215E-4
Sun Feb 15 22:00:00 UTC 2026,null,-0.0012083156905473569
Sun Feb 15 23:00:00 UTC 2026,null,0.0015387951956540302
Mon Feb 16 00:00:00 UTC 2026,null,0.0036249470716416266
Mon Feb 16 01:00:00 UTC 2026,null,0.007115636844333695
Mon Feb 16 02:00:00 UTC 2026,null,0.0021894267213333762
Mon Feb 16 03:00:00 UTC 2026,null,0.0051327598136921004
Mon Feb 16 04:00:00 UTC 2026,null,0.008127730328723715
Mon Feb 16 05:00:00 UTC 2026,null,0.0022823740821447114
Mon Feb 16 06:00:00 UTC 2026,null,0.005060467421949877
Mon Feb 16 07:00:00 UTC 2026,null,0.006526970225862128
Mon Feb 16 08:00:00 UTC 2026,null,0.004533765710685866
Mon Feb 16 09:00:00 UTC 2026,null,0.008520174741038167
Mon Feb 16 10:00:00 UTC 2026,null,0.010461741833541538
Mon Feb 16 11:00:00 UTC 2026,null,0.007404806411302367
Mon Feb 16 12:00:00 UTC 2026,null,0.00484359024672365
Mon Feb 16 13:00:00 UTC 2026,null,0.006692209978415464
Mon Feb 16 14:00:00 UTC 2026,null,0.005215379689968769
Mon Feb 16 15:00:00 UTC 2026,null,0.002303029051214045
Mon Feb 16 16:00:00 UTC 2026,null,0.005938303607390338
Mon Feb 16 17:00:00 UTC 2026,null,0.004409835896270753
Mon Feb 16 18:00:00 UTC 2026,null,0.005638806555887221
Mon Feb 16 19:00:00 UTC 2026,null,0.007239566658748808
Mon Feb 16 20:00:00 UTC 2026,null,0.009088186390440844
Mon Feb 16 21:00:00 UTC 2026,null,0.005256689628107214
Mon Feb 16 22:00:00 UTC 2026,null,0.00447180080347831
Mon Feb 16 23:00:00 UTC 2026,null,0.004688677978704758
Tue Feb 17 00:00:00 UTC 2026,null,0.007921180638031933
Tue Feb 17 01:00:00 UTC 2026,null,0.005587169133214109
Tue Feb 17 02:00:00 UTC 2026,null,0.0026644910099247188
Tue Feb 17 03:00:00 UTC 2026,null,0.005112104844622989
Tue Feb 17 04:00:00 UTC 2026,null,0.007167274267006807
Tue Feb 17 05:00:00 UTC 2026,null,0.006485660287723682
Tue Feb 17 06:00:00 UTC 2026,null,0.00912949632857929
Tue Feb 17 07:00:00 UTC 2026,null,0.008654432039987947
Tue Feb 17 08:00:00 UTC 2026,null,0.006475332803189016
Tue Feb 17 09:00:00 UTC 2026,null,0.007601028617459482
Tue Feb 17 10:00:00 UTC 2026,null,0.008189695235931271
Tue Feb 17 11:00:00 UTC 2026,null,0.006878104700038135
Tue Feb 17 12:00:00 UTC 2026,null,0.00901589399869862
Tue Feb 17 13:00:00 UTC 2026,null,0.00619649072075501
Tue Feb 17 14:00:00 UTC 2026,null,0.006960724576314803
Tue Feb 17 15:00:00 UTC 2026,null,0.0022307366594718214
Tue Feb 17 16:00:00 UTC 2026,null,0.0030879178758429493
Tue Feb 17 17:00:00 UTC 2026,null,0.003046607937704504
Tue Feb 17 18:00:00 UTC 2026,null,0.0032738125974656196
Tue Feb 17 19:00:00 UTC 2026,null,0.005876338700182782
Tue Feb 17 20:00:00 UTC 2026,null,0.00476097037044676
Tue Feb 17 21:00:00 UTC 2026,null,0.0020138594842453728
Tue Feb 17 22:00:00 UTC 2026,null,0.004874572700327429
Tue Feb 17 23:00:00 UTC 2026,null,0.0016833799791384774
Wed Feb 18 00:00:00 UTC 2026,null,9.294736081131294E-4
Wed Feb 18 01:00:00 UTC 2026,null,6.609590102137908E-4
Wed Feb 18 02:00:00 UTC 2026,null,0.004616385586962535
Wed Feb 18 03:00:00 UTC 2026,null,0.005752408885767668
Wed Feb 18 04:00:00 UTC 2026,null,0.008530502225572834
Wed Feb 18 05:00:00 UTC 2026,null,0.00476097037044676
Wed Feb 18 06:00:00 UTC 2026,null,0.00835493498848483
Wed Feb 18 07:00:00 UTC 2026,null,0.009160478782183068
Wed Feb 18 08:00:00 UTC 2026,null,0.008509847256503722
Wed Feb 18 09:00:00 UTC 2026,null,0.010141589812969087
Wed Feb 18 10:00:00 UTC 2026,null,0.007921180638031933
Wed Feb 18 11:00:00 UTC 2026,null,0.008809344308006839
Wed Feb 18 12:00:00 UTC 2026,null,0.009088186390440844
Wed Feb 18 13:00:00 UTC 2026,null,0.00840657241115772
Wed Feb 18 14:00:00 UTC 2026,null,0.00923277117392507
Wed Feb 18 15:00:00 UTC 2026,null,0.010162244782038421
Wed Feb 18 16:00:00 UTC 2026,null,0.008964256576025731
Wed Feb 18 17:00:00 UTC 2026,null,0.007415133895837034
Wed Feb 18 18:00:00 UTC 2026,null,0.00845820983383061
Wed Feb 18 19:00:00 UTC 2026,null,0.009759472885189302
Wed Feb 18 20:00:00 UTC 2026,null,0.009718162947050857
Wed Feb 18 21:00:00 UTC 2026,null,0.009583905648101299
Wed Feb 18 22:00:00 UTC 2026,null,0.00572142643216389
Wed Feb 18 23:00:00 UTC 2026,null,0.008272315112208162
Thu Feb 19 00:00:00 UTC 2026,null,0.00912949632857929
Thu Feb 19 01:00:00 UTC 2026,null,0.0064340228650507925
Thu Feb 19 02:00:00 UTC 2026,null,0.006051905937270785
Thu Feb 19 03:00:00 UTC 2026,null,0.00601059599913234
Thu Feb 19 04:00:00 UTC 2026,null,0.0033667599582769547
Thu Feb 19 05:00:00 UTC 2026,null,0.0030672629067738377
Thu Feb 19 06:00:00 UTC 2026,null,0.0024372863501636033
Thu Feb 19 07:00:00 UTC 2026,null,4.130993813835637E-4
Thu Feb 19 08:00:00 UTC 2026,null,0.005700771463094778
Thu Feb 19 09:00:00 UTC 2026,null,0.005742081401233001
Thu Feb 19 10:00:00 UTC 2026,null,0.005845356246579003
Thu Feb 19 11:00:00 UTC 2026,null,0.008292970081277273
Thu Feb 19 12:00:00 UTC 2026,null,0.006723192432019243
Thu Feb 19 13:00:00 UTC 2026,null,0.009036548967767954
Thu Feb 19 14:00:00 UTC 2026,null,0.005804046308440558
Thu Feb 19 15:00:00 UTC 2026,null,0.0037901868241951853
Thu Feb 19 16:00:00 UTC 2026,null,0.005669789009491
Thu Feb 19 17:00:00 UTC 2026,null,0.005411601896126106
Thu Feb 19 18:00:00 UTC 2026,null,0.005514876741472108
Thu Feb 19 19:00:00 UTC 2026,null,0.005349636988918549
Thu Feb 19 20:00:00 UTC 2026,null,0.00494686509206943
Thu Feb 19 21:00:00 UTC 2026,null,0.003191192721188729
Thu Feb 19 22:00:00 UTC 2026,null,0.0022617191130756
Thu Feb 19 23:00:00 UTC 2026,null,0.0017866548244842573
Fri Feb 20 00:00:00 UTC 2026,null,0.0024372863501636033
Fri Feb 20 01:00:00 UTC 2026,null,0.0035836371335034034
Fri Feb 20 02:00:00 UTC 2026,null,0.008551157194641945
Fri Feb 20 03:00:00 UTC 2026,null,0.008809344308006839
Fri Feb 20 04:00:00 UTC 2026,null,0.00899523902962951
Fri Feb 20 05:00:00 UTC 2026,null,0.011236303173635998
Fri Feb 20 06:00:00 UTC 2026,null,0.009563250679031965
Fri Feb 20 07:00:00 UTC 2026,null,0.007528736225717481
Fri Feb 20 08:00:00 UTC 2026,null,0.00619649072075501
Fri Feb 20 09:00:00 UTC 2026,null,0.010792221338648433
Fri Feb 20 10:00:00 UTC 2026,null,0.006361730473308569
Fri Feb 20 11:00:00 UTC 2026,null,0.0033667599582769547
Fri Feb 20 12:00:00 UTC 2026,null,0.007859215730824376
Fri Feb 20 13:00:00 UTC 2026,null,0.008737051916264615
Fri Feb 20 14:00:00 UTC 2026,null,0.009914385153208194
Fri Feb 20 15:00:00 UTC 2026,null,0.005236034659038102
Fri Feb 20 16:00:00 UTC 2026,null,0.005246362143572547
Fri Feb 20 17:00:00 UTC 2026,null,0.003294467566534731
Fri Feb 20 18:00:00 UTC 2026,null,0.0015181402265849187
Fri Feb 20 19:00:00 UTC 2026,null,0.0056801164940254445
Fri Feb 20 20:00:00 UTC 2026,null,0.006454677834119904
Fri Feb 20 21:00:00 UTC 2026,null,0.006454677834119904
Fri Feb 20 22:00:00 UTC 2026,null,0.006454677834119904
Fri Feb 20 23:00:00 UTC 2026,null,0.006454677834119904
Sat Feb 21 00:00:00 UTC 2026,null,0.006454677834119904
Sat Feb 21 01:00:00 UTC 2026,null,0.006454677834119904
Sat Feb 21 02:00:00 UTC 2026,null,0.006454677834119904
Sat Feb 21 03:00:00 UTC 2026,null,0.006454677834119904
Sat Feb 21 04:00:00 UTC 2026,null,0.006454677834119904
Sat Feb 21 05:00:00 UTC 2026,null,0.006454677834119904
Sat Feb 21 06:00:00 UTC 2026,null,0.006454677834119904
Sat Feb 21 07:00:00 UTC 2026,null,0.006454677834119904
Sat Feb 21 08:00:00 UTC 2026,null,0.006454677834119904
Sat Feb 21 09:00:00 UTC 2026,null,0.006454677834119904
Sat Feb 21 10:00:00 UTC 2026,null,0.006454677834119904
Sat Feb 21 11:00:00 UTC 2026,null,0.006454677834119904
Sat Feb 21 12:00:00 UTC 2026,null,0.006454677834119904
Sat Feb 21 13:00:00 UTC 2026,null,0.006454677834119904
Sat Feb 21 14:00:00 UTC 2026,null,0.006454677834119904
Sat Feb 21 15:00:00 UTC 2026,null,0.006454677834119904
Sat Feb 21 16:00:00 UTC 2026,null,0.006454677834119904
Sat Feb 21 17:00:00 UTC 2026,null,0.006454677834119904
Sat Feb 21 18:00:00 UTC 2026,null,0.006454677834119904
Sat Feb 21 19:00:00 UTC 2026,null,0.006454677834119904
Sat Feb 21 20:00:00 UTC 2026,null,0.006454677834119904
Sat Feb 21 21:00:00 UTC 2026,null,0.006454677834119904
Sat Feb 21 22:00:00 UTC 2026,null,0.006454677834119904
Sat Feb 21 23:00:00 UTC 2026,null,0.006454677834119904
Sun Feb 22 00:00:00 UTC 2026,null,0.006454677834119904
Sun Feb 22 01:00:00 UTC 2026,null,0.006454677834119904
Sun Feb 22 02:00:00 UTC 2026,null,0.006454677834119904
Sun Feb 22 03:00:00 UTC 2026,null,0.006454677834119904
Sun Feb 22 04:00:00 UTC 2026,null,0.006454677834119904
Sun Feb 22 05:00:00 UTC 2026,null,0.006454677834119904
Sun Feb 22 06:00:00 UTC 2026,null,0.006454677834119904
Sun Feb 22 07:00:00 UTC 2026,null,0.006454677834119904
Sun Feb 22 08:00:00 UTC 2026,null,0.006454677834119904
Sun Feb 22 09:00:00 UTC 2026,null,0.006454677834119904
Sun Feb 22 10:00:00 UTC 2026,null,0.006454677834119904
Sun Feb 22 11:00:00 UTC 2026,null,0.006454677834119904
Sun Feb 22 12:00:00 UTC 2026,null,0.006454677834119904
Sun Feb 22 13:00:00 UTC 2026,null,0.006454677834119904
Sun Feb 22 14:00:00 UTC 2026,null,0.006454677834119904
Sun Feb 22 15:00:00 UTC 2026,null,0.006454677834119904
Sun Feb 22 16:00:00 UTC 2026,null,0.006454677834119904
Sun Feb 22 17:00:00 UTC 2026,null,0.006454677834119904
Sun Feb 22 18:00:00 UTC 2026,null,0.006454677834119904
Sun Feb 22 19:00:00 UTC 2026,null,0.006454677834119904
Sun Feb 22 20:00:00 UTC 2026,null,0.006454677834119904
Sun Feb 22 21:00:00 UTC 2026,null,0.006888432184572801
Sun Feb 22 22:00:00 UTC 2026,null,0.006661227524811686
Sun Feb 22 23:00:00 UTC 2026,null,0.0032221751747925076
Mon Feb 23 00:00:00 UTC 2026,null,0.004451145834408976
Mon Feb 23 01:00:00 UTC 2026,null,0.005205052205434324
Mon Feb 23 02:00:00 UTC 2026,null,0.006537297710396572
Mon Feb 23 03:00:00 UTC 2026,null,0.010120934843899976
Mon Feb 23 04:00:00 UTC 2026,null,0.01258920364766758
Mon Feb 23 05:00:00 UTC 2026,null,0.011287940596308887
Mon Feb 23 06:00:00 UTC 2026,null,0.008757706885333949
Mon Feb 23 07:00:00 UTC 2026,null,0.010843858761321545
Mon Feb 23 08:00:00 UTC 2026,null,0.009759472885189302
Mon Feb 23 09:00:00 UTC 2026,null,0.011360232988051111
Mon Feb 23 10:00:00 UTC 2026,null,0.012568548678598246
Mon Feb 23 11:00:00 UTC 2026,null,0.008633777070918836
Mon Feb 23 12:00:00 UTC 2026,null,0.010275847111918868
Mon Feb 23 13:00:00 UTC 2026,null,0.006599262617604129
Mon Feb 23 14:00:00 UTC 2026,null,0.0060312509682016735
Mon Feb 23 15:00:00 UTC 2026,null,0.004482128288012754
Mon Feb 23 16:00:00 UTC 2026,null,0.00901589399869862
Mon Feb 23 17:00:00 UTC 2026,null,0.00484359024672365
Mon Feb 23 18:00:00 UTC 2026,null,0.005711098947629223
Mon Feb 23 19:00:00 UTC 2026,null,0.007539063710251925
Mon Feb 23 20:00:00 UTC 2026,null,0.00345970731908829
Mon Feb 23 21:00:00 UTC 2026,null,0.005535531710541219
Mon Feb 23 22:00:00 UTC 2026,null,0.0073944789267677
Mon Feb 23 23:00:00 UTC 2026,null,0.005659461524956333
Tue Feb 24 00:00:00 UTC 2026,null,0.007229239174214364
Tue Feb 24 01:00:00 UTC 2026,null,0.008891964184283507
Tue Feb 24 02:00:00 UTC 2026,null,0.006650900040277019
Tue Feb 24 03:00:00 UTC 2026,null,0.009212116204855958
Tue Feb 24 04:00:00 UTC 2026,null,0.007601028617459482
Tue Feb 24 05:00:00 UTC 2026,null,0.007115636844333695
Tue Feb 24 06:00:00 UTC 2026,null,0.00811740284418927
Tue Feb 24 07:00:00 UTC 2026,null,0.006661227524811686
Tue Feb 24 08:00:00 UTC 2026,null,0.009449648349151518
Tue Feb 24 09:00:00 UTC 2026,null,0.011835297276642232
Tue Feb 24 10:00:00 UTC 2026,null,0.011184665750962886
Tue Feb 24 11:00:00 UTC 2026,null,0.007890198184428154
Tue Feb 24 12:00:00 UTC 2026,null,0.009780127854258414
Tue Feb 24 13:00:00 UTC 2026,null,0.008788689338937727
Tue Feb 24 14:00:00 UTC 2026,null,0.011608092616881338
Tue Feb 24 15:00:00 UTC 2026,null,0.012041846967334013
Tue Feb 24 16:00:00 UTC 2026,null,0.012909355668239808
Tue Feb 24 17:00:00 UTC 2026,null,0.014819940307139401
Tue Feb 24 18:00:00 UTC 2026,null,0.015212384719453853
Tue Feb 24 19:00:00 UTC 2026,null,0.018765039399353478
Tue Feb 24 20:00:00 UTC 2026,null,0.015687449008044974
Tue Feb 24 21:00:00 UTC 2026,null,0.01348769480217693
Tue Feb 24 22:00:00 UTC 2026,null,0.01389046669902605
Tue Feb 24 23:00:00 UTC 2026,null,0.01463404558551673
Wed Feb 25 00:00:00 UTC 2026,null,0.013952431606233606
Wed Feb 25 01:00:00 UTC 2026,null,0.015253694657592298
Wed Feb 25 02:00:00 UTC 2026,null,0.015666794038975862
Wed Feb 25 03:00:00 UTC 2026,null,0.015604829131768305
Wed Feb 25 04:00:00 UTC 2026,null,0.015584174162699194
Wed Feb 25 05:00:00 UTC 2026,null,0.012516911255925356
Wed Feb 25 06:00:00 UTC 2026,null,0.015356969502938078
Wed Feb 25 07:00:00 UTC 2026,null,0.014809612822604734
Wed Feb 25 08:00:00 UTC 2026,null,0.018258992657158357
Wed Feb 25 09:00:00 UTC 2026,null,0.01606956593582498
Wed Feb 25 10:00:00 UTC 2026,null,0.017381156471718118
Wed Feb 25 11:00:00 UTC 2026,null,0.018217682719020134
Wed Feb 25 12:00:00 UTC 2026,null,0.01838292247157347
Wed Feb 25 13:00:00 UTC 2026,null,0.014344876018548058
Wed Feb 25 14:00:00 UTC 2026,null,0.015047144966900294
Wed Feb 25 15:00:00 UTC 2026,null,0.017804583337636348
Wed Feb 25 16:00:00 UTC 2026,null,0.020882173728944853
Wed Feb 25 17:00:00 UTC 2026,null,0.015625484100837417
Wed Feb 25 18:00:00 UTC 2026,null,0.01932272356422149
Wed Feb 25 19:00:00 UTC 2026,null,0.01822801020355458
Wed Feb 25 20:00:00 UTC 2026,null,0.016369062987328098
Wed Feb 25 21:00:00 UTC 2026,null,0.0159353086368752
Wed Feb 25 22:00:00 UTC 2026,null,0.01694740212126522
Wed Feb 25 23:00:00 UTC 2026,null,0.01473732043086251
Thu Feb 26 00:00:00 UTC 2026,null,0.014282911111340502
Thu Feb 26 01:00:00 UTC 2026,null,0.015553191709095415
Thu Feb 26 02:00:00 UTC 2026,null,0.015129764843177185
Thu Feb 26 03:00:00 UTC 2026,null,0.013807846822749381
Thu Feb 26 04:00:00 UTC 2026,null,0.016224478203843873
Thu Feb 26 05:00:00 UTC 2026,null,0.016802817337780995
Thu Feb 26 06:00:00 UTC 2026,null,0.01729853659544145
Thu Feb 26 07:00:00 UTC 2026,null,0.016234805688378318
Thu Feb 26 08:00:00 UTC 2026,null,0.022544898739013997
Thu Feb 26 09:00:00 UTC 2026,null,0.022679156037963777
Thu Feb 26 10:00:00 UTC 2026,null,0.01952927325491327
Thu Feb 26 11:00:00 UTC 2026,null,0.019735822945605053
Thu Feb 26 12:00:00 UTC 2026,null,0.024682688037674705
Thu Feb 26 13:00:00 UTC 2026,null,0.020954466120686854
Thu Feb 26 14:00:00 UTC 2026,null,0.018052442966466575
Thu Feb 26 15:00:00 UTC 2026,null,0.018589472162265475
Thu Feb 26 16:00:00 UTC 2026,null,0.01902322651271815
Thu Feb 26 17:00:00 UTC 2026,null,0.016854454760453885
Thu Feb 26 18:00:00 UTC 2026,null,0.01657561267801988
Thu Feb 26 19:00:00 UTC 2026,null,0.017143624327422557
Thu Feb 26 20:00:00 UTC 2026,null,0.015078127420504073
Thu Feb 26 21:00:00 UTC 2026,null,0.01649299280174321
Thu Feb 26 22:00:00 UTC 2026,null,0.020603331646510847
Thu Feb 26 23:00:00 UTC 2026,null,0.019281413626083044
Fri Feb 27 00:00:00 UTC 2026,null,0.021037085996963745
Fri Feb 27 01:00:00 UTC 2026,null,0.02030383459500773
Fri Feb 27 02:00:00 UTC 2026,null,0.019487963316774826
Fri Feb 27 03:00:00 UTC 2026,null,0.021357238017535973
Fri Feb 27 04:00:00 UTC 2026,null,0.022069834450422876
Fri Feb 27 05:00:00 UTC 2026,null,0.020634314100114626
Fri Feb 27 06:00:00 UTC 2026,null,0.024703343006743816
Fri Feb 27 07:00:00 UTC 2026,null,0.023061272965743784
Fri Feb 27 08:00:00 UTC 2026,null,0.0233607700172469
Fri Feb 27 09:00:00 UTC 2026,null,0.022555226223548663
Fri Feb 27 10:00:00 UTC 2026,null,0.02322651271829712
Fri Feb 27 11:00:00 UTC 2026,null,0.018155717811812577
Fri Feb 27 12:00:00 UTC 2026,null,0.020458746863026622
Fri Feb 27 13:00:00 UTC 2026,null,0.021481167831951087
Fri Feb 27 14:00:00 UTC 2026,null,0.020283179625938397
Fri Feb 27 15:00:00 UTC 2026,null,0.018269320141693024
Fri Feb 27 16:00:00 UTC 2026,null,0.020871846244410186
Fri Feb 27 17:00:00 UTC 2026,null,0.01963254810025905
Fri Feb 27 18:00:00 UTC 2026,null,0.019033553997252817
Fri Feb 27 19:00:00 UTC 2026,null,0.021914922182403984
Fri Feb 27 20:00:00 UTC 2026,null,0.02120232574951708
Fri Feb 27 21:00:00 UTC 2026,null,0.02120232574951708
Fri Feb 27 22:00:00 UTC 2026,null,0.02120232574951708
Fri Feb 27 23:00:00 UTC 2026,null,0.02120232574951708
Sat Feb 28 00:00:00 UTC 2026,null,0.02120232574951708
Sat Feb 28 01:00:00 UTC 2026,null,0.02120232574951708
Sat Feb 28 02:00:00 UTC 2026,null,0.02120232574951708
Sat Feb 28 03:00:00 UTC 2026,null,0.02120232574951708
Sat Feb 28 04:00:00 UTC 2026,null,0.02120232574951708
Sat Feb 28 05:00:00 UTC 2026,null,0.02120232574951708
Sat Feb 28 06:00:00 UTC 2026,null,0.02120232574951708
Sat Feb 28 07:00:00 UTC 2026,null,0.02120232574951708
Sat Feb 28 08:00:00 UTC 2026,null,0.02120232574951708
Sat Feb 28 09:00:00 UTC 2026,null,0.02120232574951708
Sat Feb 28 10:00:00 UTC 2026,null,0.02120232574951708
Sat Feb 28 11:00:00 UTC 2026,null,0.02120232574951708
Sat Feb 28 12:00:00 UTC 2026,null,0.02120232574951708
Sat Feb 28 13:00:00 UTC 2026,null,0.02120232574951708
Sat Feb 28 14:00:00 UTC 2026,null,0.02120232574951708
Sat Feb 28 15:00:00 UTC 2026,null,0.02120232574951708
Sat Feb 28 16:00:00 UTC 2026,null,0.02120232574951708
Sat Feb 28 17:00:00 UTC 2026,null,0.02120232574951708
Sat Feb 28 18:00:00 UTC 2026,null,0.02120232574951708
Sat Feb 28 19:00:00 UTC 2026,null,0.02120232574951708
Sat Feb 28 20:00:00 UTC 2026,null,0.02120232574951708
Sat Feb 28 21:00:00 UTC 2026,null,0.02120232574951708
Sat Feb 28 22:00:00 UTC 2026,null,0.02120232574951708
Sat Feb 28 23:00:00 UTC 2026,null,0.02120232574951708
Sun Mar 01 00:00:00 UTC 2026,null,0.02120232574951708
Sun Mar 01 01:00:00 UTC 2026,null,0.02120232574951708
Sun Mar 01 02:00:00 UTC 2026,null,0.02120232574951708
Sun Mar 01 03:00:00 UTC 2026,null,0.02120232574951708
Sun Mar 01 04:00:00 UTC 2026,null,0.02120232574951708
Sun Mar 01 05:00:00 UTC 2026,null,0.02120232574951708
Sun Mar 01 06:00:00 UTC 2026,null,0.02120232574951708
Sun Mar 01 07:00:00 UTC 2026,null,0.02120232574951708
Sun Mar 01 08:00:00 UTC 2026,null,0.02120232574951708
Sun Mar 01 09:00:00 UTC 2026,null,0.02120232574951708
Sun Mar 01 10:00:00 UTC 2026,null,0.02120232574951708
Sun Mar 01 11:00:00 UTC 2026,null,0.02120232574951708
Sun Mar 01 12:00:00 UTC 2026,null,0.02120232574951708
Sun Mar 01 13:00:00 UTC 2026,null,0.02120232574951708
Sun Mar 01 14:00:00 UTC 2026,null,0.02120232574951708
Sun Mar 01 15:00:00 UTC 2026,null,0.02120232574951708
Sun Mar 01 16:00:00 UTC 2026,null,0.02120232574951708
Sun Mar 01 17:00:00 UTC 2026,null,0.02120232574951708
Sun Mar 01 18:00:00 UTC 2026,null,0.02120232574951708
Sun Mar 01 19:00:00 UTC 2026,null,0.02120232574951708
Sun Mar 01 20:00:00 UTC 2026,null,0.02120232574951708
Sun Mar 01 21:00:00 UTC 2026,null,0.019043881481787484
Sun Mar 01 22:00:00 UTC 2026,null,0.015656466554441195
Sun Mar 01 23:00:00 UTC 2026,null,0.018506852285988584
Mon Mar 02 00:00:00 UTC 2026,null,0.0188063493374917
Mon Mar 02 01:00:00 UTC 2026,null,0.01878569436842259
Mon Mar 02 02:00:00 UTC 2026,null,0.02118167078044797
Mon Mar 02 03:00:00 UTC 2026,null,0.020634314100114626
Mon Mar 02 04:00:00 UTC 2026,null,0.021481167831951087
Mon Mar 02 05:00:00 UTC 2026,null,0.020531039254768624
Mon Mar 02 06:00:00 UTC 2026,null,0.019808115337347276
Mon Mar 02 07:00:00 UTC 2026,null,0.02182197482159265
Mon Mar 02 08:00:00 UTC 2026,null,0.01694740212126522
Mon Mar 02 09:00:00 UTC 2026,null,0.020654969069183737
Mon Mar 02 10:00:00 UTC 2026,null,0.021253963172190193
Mon Mar 02 11:00:00 UTC 2026,null,0.019591238162120828
Mon Mar 02 12:00:00 UTC 2026,null,0.018868314244699258
Mon Mar 02 13:00:00 UTC 2026,null,0.02163608009996998
Mon Mar 02 14:00:00 UTC 2026,null,0.020582676677441514
Mon Mar 02 15:00:00 UTC 2026,null,0.015573846678164527
Mon Mar 02 16:00:00 UTC 2026,null,0.015687449008044974
Mon Mar 02 17:00:00 UTC 2026,null,0.015532536740026082
Mon Mar 02 18:00:00 UTC 2026,null,0.013022957998120255
Mon Mar 02 19:00:00 UTC 2026,null,0.0096561980398433
Mon Mar 02 20:00:00 UTC 2026,null,0.010761238885044655
Mon Mar 02 21:00:00 UTC 2026,null,0.014427495894824727
Mon Mar 02 22:00:00 UTC 2026,null,0.013663262039264934
Mon Mar 02 23:00:00 UTC 2026,null,0.009480630802755297
Tue Mar 03 00:00:00 UTC 2026,null,0.01056501667888754
Tue Mar 03 01:00:00 UTC 2026,null,0.014282911111340502
Tue Mar 03 02:00:00 UTC 2026,null,0.01633808053372432
Tue Mar 03 03:00:00 UTC 2026,null,0.015067799935969628
Tue Mar 03 04:00:00 UTC 2026,null,0.015119437358642518
Tue Mar 03 05:00:00 UTC 2026,null,0.01591465366780609
Tue Mar 03 06:00:00 UTC 2026,null,0.01431389356494428
Tue Mar 03 07:00:00 UTC 2026,null,0.011721694946761785
Tue Mar 03 08:00:00 UTC 2026,null,0.013239835173346703
Tue Mar 03 09:00:00 UTC 2026,null,0.009645870555308855
Tue Mar 03 10:00:00 UTC 2026,null,0.011701039977692673
Tue Mar 03 11:00:00 UTC 2026,null,0.009398010926478628
Tue Mar 03 12:00:00 UTC 2026,null,0.010885168699459769
Tue Mar 03 13:00:00 UTC 2026,null,0.013570314678453599
Tue Mar 03 14:00:00 UTC 2026,null,0.014468805832963172
Tue Mar 03 15:00:00 UTC 2026,null,0.010048642452157974
Tue Mar 03 16:00:00 UTC 2026,null,0.011339578018981777
Tue Mar 03 17:00:00 UTC 2026,null,0.011184665750962886
Tue Mar 03 18:00:00 UTC 2026,null,0.011855952245711343
Tue Mar 03 19:00:00 UTC 2026,null,0.012537566224994467
Tue Mar 03 20:00:00 UTC 2026,null,0.011287940596308887
Tue Mar 03 21:00:00 UTC 2026,null,0.010420431895403093
Tue Mar 03 22:00:00 UTC 2026,null,0.011845624761176898
Tue Mar 03 23:00:00 UTC 2026,null,0.012764770884755583
Wed Mar 04 00:00:00 UTC 2026,null,0.012527238740460023
Wed Mar 04 01:00:00 UTC 2026,null,0.012733788431151805
Wed Mar 04 02:00:00 UTC 2026,null,0.011081390905617106
Wed Mar 04 03:00:00 UTC 2026,null,0.013632279585661156
Wed Mar 04 04:00:00 UTC 2026,null,0.011081390905617106
Wed Mar 04 05:00:00 UTC 2026,null,0.01186627973024601
Wed Mar 04 06:00:00 UTC 2026,null,0.013425729894969374
Wed Mar 04 07:00:00 UTC 2026,null,0.01301263051358581
Wed Mar 04 08:00:00 UTC 2026,null,0.011287940596308887
Wed Mar 04 09:00:00 UTC 2026,null,0.0075803736483903705
Wed Mar 04 10:00:00 UTC 2026,null,0.008261987627673495
Wed Mar 04 11:00:00 UTC 2026,null,0.005711098947629223
Wed Mar 04 12:00:00 UTC 2026,null,0.009666525524377967
Wed Mar 04 13:00:00 UTC 2026,null,0.010595999132491318
Wed Mar 04 14:00:00 UTC 2026,null,0.006774829854692133
Wed Mar 04 15:00:00 UTC 2026,null,0.007745613400943929
Wed Mar 04 16:00:00 UTC 2026,null,0.006599262617604129
Wed Mar 04 17:00:00 UTC 2026,null,0.0072808765968872535
Wed Mar 04 18:00:00 UTC 2026,null,0.005752408885767668
Wed Mar 04 19:00:00 UTC 2026,null,0.005267017112641881
Wed Mar 04 20:00:00 UTC 2026,null,0.005866011215648115
Wed Mar 04 21:00:00 UTC 2026,null,0.007415133895837034
Wed Mar 04 22:00:00 UTC 2026,null,0.00697105206084947
Wed Mar 04 23:00:00 UTC 2026,null,0.009077858905906178
Thu Mar 05 00:00:00 UTC 2026,null,0.007146619297937473
