date,P_Kweek_68_Kday_80_ETE_71_ORD_69_EXT_83_E2Ekor_83_EXTkor_71_DIFF_25
Mon Feb 09 07:00:00 UTC 2026,185.51624313831437
Mon Feb 09 08:00:00 UTC 2026,185.51570631084962
Mon Feb 09 09:00:00 UTC 2026,185.51572081970002
Mon Feb 09 10:00:00 UTC 2026,185.51570631084962
Mon Feb 09 11:00:00 UTC 2026,185.51565868179588
Mon Feb 09 12:00:00 UTC 2026,185.51569270254856
Mon Feb 09 13:00:00 UTC 2026,185.51569570437968
Mon Feb 09 14:00:00 UTC 2026,185.5157025085302
Mon Feb 09 15:00:00 UTC 2026,185.51567649266053
Mon Feb 09 16:00:00 UTC 2026,185.5156915018161
Mon Feb 09 17:00:00 UTC 2026,185.51570000700426
Mon Feb 09 18:00:00 UTC 2026,185.5157084121314
Mon Feb 09 19:00:00 UTC 2026,185.51569430352515
Mon Feb 09 20:00:00 UTC 2026,185.5156931027927
Mon Feb 09 21:00:00 UTC 2026,185.5157090124976
Mon Feb 09 22:00:00 UTC 2026,185.51569210218233
Mon Feb 09 23:00:00 UTC 2026,185.51570811194827
Tue Feb 10 00:00:00 UTC 2026,185.51572982519338
Tue Feb 10 01:00:00 UTC 2026,185.51570811194827
Tue Feb 10 02:00:00 UTC 2026,185.51570120773673
Tue Feb 10 03:00:00 UTC 2026,185.5156868990084
Tue Feb 10 04:00:00 UTC 2026,185.51566608631265
Tue Feb 10 05:00:00 UTC 2026,185.5156793944306
Tue Feb 10 06:00:00 UTC 2026,185.51570961286384
Tue Feb 10 07:00:00 UTC 2026,185.51571231451186
Tue Feb 10 08:00:00 UTC 2026,185.5157143157326
Tue Feb 10 09:00:00 UTC 2026,185.5157527391709
Tue Feb 10 10:00:00 UTC 2026,185.51571791792992
Tue Feb 10 11:00:00 UTC 2026,185.5157296250713
Tue Feb 10 12:00:00 UTC 2026,185.51573472818419
Tue Feb 10 13:00:00 UTC 2026,185.515728824583
Tue Feb 10 14:00:00 UTC 2026,185.51572622299602
Tue Feb 10 15:00:00 UTC 2026,185.51569790572248
Tue Feb 10 16:00:00 UTC 2026,185.51573402775693
Tue Feb 10 17:00:00 UTC 2026,185.51571341518326
Tue Feb 10 18:00:00 UTC 2026,185.51572712354536
Tue Feb 10 19:00:00 UTC 2026,185.51571061347423
Tue Feb 10 20:00:00 UTC 2026,185.5157097129249
Tue Feb 10 21:00:00 UTC 2026,185.51570220834708
Tue Feb 10 22:00:00 UTC 2026,185.51570320895746
Tue Feb 10 23:00:00 UTC 2026,185.5157025085302
Wed Feb 11 00:00:00 UTC 2026,185.51570561042234
Wed Feb 11 01:00:00 UTC 2026,185.51570080749258
Wed Feb 11 02:00:00 UTC 2026,185.51572031939483
Wed Feb 11 03:00:00 UTC 2026,185.51571281481702
Wed Feb 11 04:00:00 UTC 2026,185.51571451585465
Wed Feb 11 05:00:00 UTC 2026,185.51572742372846
Wed Feb 11 06:00:00 UTC 2026,185.51573212659721
Wed Feb 11 07:00:00 UTC 2026,185.51571661713646
Wed Feb 11 08:00:00 UTC 2026,185.51571021323008
Wed Feb 11 09:00:00 UTC 2026,185.51572872452195
Wed Feb 11 10:00:00 UTC 2026,185.5157393309919
Wed Feb 11 11:00:00 UTC 2026,185.51576064399282
Wed Feb 11 12:00:00 UTC 2026,185.51573252684136
Wed Feb 11 13:00:00 UTC 2026,185.51574503447102
Wed Feb 11 14:00:00 UTC 2026,185.51580887341277
Wed Feb 11 15:00:00 UTC 2026,185.51578225717688
Wed Feb 11 16:00:00 UTC 2026,185.5157656470447
Wed Feb 11 17:00:00 UTC 2026,185.51577085021862
Wed Feb 11 18:00:00 UTC 2026,185.51575724191756
Wed Feb 11 19:00:00 UTC 2026,185.51575944326038
Wed Feb 11 20:00:00 UTC 2026,185.51577575320945
Wed Feb 11 21:00:00 UTC 2026,185.51576444631223
Wed Feb 11 22:00:00 UTC 2026,185.51576634747195
Wed Feb 11 23:00:00 UTC 2026,185.51577885510162
Thu Feb 12 00:00:00 UTC 2026,185.51577555308737
Thu Feb 12 01:00:00 UTC 2026,185.51576764826544
Thu Feb 12 02:00:00 UTC 2026,185.5157648465564
Thu Feb 12 03:00:00 UTC 2026,185.5157764536367
Thu Feb 12 04:00:00 UTC 2026,185.51577485266012
Thu Feb 12 05:00:00 UTC 2026,185.51575313941504
Thu Feb 12 06:00:00 UTC 2026,185.51578836090013
Thu Feb 12 07:00:00 UTC 2026,185.51579436456237
Thu Feb 12 08:00:00 UTC 2026,185.5158344890383
Thu Feb 12 09:00:00 UTC 2026,185.51583588989283
Thu Feb 12 10:00:00 UTC 2026,185.51578776053393
Thu Feb 12 11:00:00 UTC 2026,185.51574853660733
Thu Feb 12 12:00:00 UTC 2026,185.51577765436917
Thu Feb 12 13:00:00 UTC 2026,185.51577625351464
Thu Feb 12 14:00:00 UTC 2026,185.5157868599846
Thu Feb 12 15:00:00 UTC 2026,185.51581217542702
Thu Feb 12 16:00:00 UTC 2026,185.51580817298552
Thu Feb 12 17:00:00 UTC 2026,185.5157951650507
Thu Feb 12 18:00:00 UTC 2026,185.51579186303644
Thu Feb 12 19:00:00 UTC 2026,185.51578135662754
Thu Feb 12 20:00:00 UTC 2026,185.51580447072715
Thu Feb 12 21:00:00 UTC 2026,185.5157793554068
Thu Feb 12 22:00:00 UTC 2026,185.51580276968951
Thu Feb 12 23:00:00 UTC 2026,185.5157705500355
Fri Feb 13 00:00:00 UTC 2026,185.5157997678584
Fri Feb 13 01:00:00 UTC 2026,185.5157855591911
Fri Feb 13 02:00:00 UTC 2026,185.51578515894695
Fri Feb 13 03:00:00 UTC 2026,185.51578325778723
Fri Feb 13 04:00:00 UTC 2026,185.51579356407407
Fri Feb 13 05:00:00 UTC 2026,185.51581767878406
Fri Feb 13 06:00:00 UTC 2026,185.51577875504057
Fri Feb 13 07:00:00 UTC 2026,185.5157734518056
Fri Feb 13 08:00:00 UTC 2026,185.51577705400294
Fri Feb 13 09:00:00 UTC 2026,185.51577465253806
Fri Feb 13 10:00:00 UTC 2026,185.51575424008644
Fri Feb 13 11:00:00 UTC 2026,185.51575213880466
Fri Feb 13 12:00:00 UTC 2026,185.51572972513233
Fri Feb 13 13:00:00 UTC 2026,185.51573883068673
Fri Feb 13 14:00:00 UTC 2026,185.51571221445082
Fri Feb 13 15:00:00 UTC 2026,185.51571451585465
Fri Feb 13 16:00:00 UTC 2026,185.51570881237555
Fri Feb 13 17:00:00 UTC 2026,185.51570751158206
Fri Feb 13 18:00:00 UTC 2026,185.51571641701437
Fri Feb 13 19:00:00 UTC 2026,185.51573352745174
Fri Feb 13 20:00:00 UTC 2026,185.51571341518326
Fri Feb 13 21:00:00 UTC 2026,185.51571341518326
Fri Feb 13 22:00:00 UTC 2026,185.51571341518326
Fri Feb 13 23:00:00 UTC 2026,185.51571341518326
Sat Feb 14 00:00:00 UTC 2026,185.51571341518326
Sat Feb 14 01:00:00 UTC 2026,185.51571341518326
Sat Feb 14 02:00:00 UTC 2026,185.51571341518326
Sat Feb 14 03:00:00 UTC 2026,185.51571341518326
Sat Feb 14 04:00:00 UTC 2026,185.51571341518326
Sat Feb 14 05:00:00 UTC 2026,185.51571341518326
Sat Feb 14 06:00:00 UTC 2026,185.51571341518326
Sat Feb 14 07:00:00 UTC 2026,185.51571341518326
Sat Feb 14 08:00:00 UTC 2026,185.51571341518326
Sat Feb 14 09:00:00 UTC 2026,185.51571341518326
Sat Feb 14 10:00:00 UTC 2026,185.51571341518326
Sat Feb 14 11:00:00 UTC 2026,185.51571341518326
Sat Feb 14 12:00:00 UTC 2026,185.51571341518326
Sat Feb 14 13:00:00 UTC 2026,185.51571341518326
Sat Feb 14 14:00:00 UTC 2026,185.51571341518326
Sat Feb 14 15:00:00 UTC 2026,185.51571341518326
Sat Feb 14 16:00:00 UTC 2026,185.51571341518326
Sat Feb 14 17:00:00 UTC 2026,185.51571341518326
Sat Feb 14 18:00:00 UTC 2026,185.51571341518326
Sat Feb 14 19:00:00 UTC 2026,185.51571341518326
Sat Feb 14 20:00:00 UTC 2026,185.51571341518326
Sat Feb 14 21:00:00 UTC 2026,185.51571341518326
Sat Feb 14 22:00:00 UTC 2026,185.51571341518326
Sat Feb 14 23:00:00 UTC 2026,185.51571341518326
Sun Feb 15 00:00:00 UTC 2026,185.51571341518326
Sun Feb 15 01:00:00 UTC 2026,185.51571341518326
Sun Feb 15 02:00:00 UTC 2026,185.51571341518326
Sun Feb 15 03:00:00 UTC 2026,185.51571341518326
Sun Feb 15 04:00:00 UTC 2026,185.51571341518326
Sun Feb 15 05:00:00 UTC 2026,185.51571341518326
Sun Feb 15 06:00:00 UTC 2026,185.51571341518326
Sun Feb 15 07:00:00 UTC 2026,185.51571341518326
Sun Feb 15 08:00:00 UTC 2026,185.51571341518326
Sun Feb 15 09:00:00 UTC 2026,185.51571341518326
Sun Feb 15 10:00:00 UTC 2026,185.51571341518326
Sun Feb 15 11:00:00 UTC 2026,185.51571341518326
Sun Feb 15 12:00:00 UTC 2026,185.51571341518326
Sun Feb 15 13:00:00 UTC 2026,185.51571341518326
Sun Feb 15 14:00:00 UTC 2026,185.51571341518326
Sun Feb 15 15:00:00 UTC 2026,185.51571341518326
Sun Feb 15 16:00:00 UTC 2026,185.51571341518326
Sun Feb 15 17:00:00 UTC 2026,185.51571341518326
Sun Feb 15 18:00:00 UTC 2026,185.51571341518326
Sun Feb 15 19:00:00 UTC 2026,185.51571341518326
Sun Feb 15 20:00:00 UTC 2026,185.51571341518326
Sun Feb 15 21:00:00 UTC 2026,185.51568759943567
Sun Feb 15 22:00:00 UTC 2026,185.51569670499003
Sun Feb 15 23:00:00 UTC 2026,185.51573752989324
Mon Feb 16 00:00:00 UTC 2026,185.51572812415574
Mon Feb 16 01:00:00 UTC 2026,185.5156952040745
Mon Feb 16 02:00:00 UTC 2026,185.5157192187234
Mon Feb 16 03:00:00 UTC 2026,185.51575023764497
Mon Feb 16 04:00:00 UTC 2026,185.51573202653617
Mon Feb 16 05:00:00 UTC 2026,185.5157205195169
Mon Feb 16 06:00:00 UTC 2026,185.51574523459308
Mon Feb 16 07:00:00 UTC 2026,185.51570100761464
Mon Feb 16 08:00:00 UTC 2026,185.51570080749258
Mon Feb 16 09:00:00 UTC 2026,185.51574913697354
Mon Feb 16 10:00:00 UTC 2026,185.51572702348432
Mon Feb 16 11:00:00 UTC 2026,185.51573552867248
Mon Feb 16 12:00:00 UTC 2026,185.5157473358749
Mon Feb 16 13:00:00 UTC 2026,185.51577675381984
Mon Feb 16 14:00:00 UTC 2026,185.5157554408189
Mon Feb 16 15:00:00 UTC 2026,185.5157763535757
Mon Feb 16 16:00:00 UTC 2026,185.51579616566104
Mon Feb 16 17:00:00 UTC 2026,185.51580256956743
Mon Feb 16 18:00:00 UTC 2026,185.51580637188684
Mon Feb 16 19:00:00 UTC 2026,185.51579996798046
Mon Feb 16 20:00:00 UTC 2026,185.51582738470466
Mon Feb 16 21:00:00 UTC 2026,185.51581947988274
Mon Feb 16 22:00:00 UTC 2026,185.5158161778685
Mon Feb 16 23:00:00 UTC 2026,185.515825583606
Tue Feb 17 00:00:00 UTC 2026,185.515814877075
Tue Feb 17 01:00:00 UTC 2026,185.5157944646234
Tue Feb 17 02:00:00 UTC 2026,185.51580577152063
Tue Feb 17 03:00:00 UTC 2026,185.51579026205985
Tue Feb 17 04:00:00 UTC 2026,185.5158105744504
Tue Feb 17 05:00:00 UTC 2026,185.5158038703609
Tue Feb 17 06:00:00 UTC 2026,185.51581497713605
Tue Feb 17 07:00:00 UTC 2026,185.5158054713375
Tue Feb 17 08:00:00 UTC 2026,185.51583168732927
Tue Feb 17 09:00:00 UTC 2026,185.51583609001491
Tue Feb 17 10:00:00 UTC 2026,185.51584539569137
Tue Feb 17 11:00:00 UTC 2026,185.5158425939823
Tue Feb 17 12:00:00 UTC 2026,185.51583348842794
Tue Feb 17 13:00:00 UTC 2026,185.51585690271065
Tue Feb 17 14:00:00 UTC 2026,185.51583048659683
Tue Feb 17 15:00:00 UTC 2026,185.51583789111356
Tue Feb 17 16:00:00 UTC 2026,185.51585039874323
Tue Feb 17 17:00:00 UTC 2026,185.5158533005133
Tue Feb 17 18:00:00 UTC 2026,185.51586090515215
Tue Feb 17 19:00:00 UTC 2026,185.51583729074736
Tue Feb 17 20:00:00 UTC 2026,185.5158266842774
Tue Feb 17 21:00:00 UTC 2026,185.5158376909915
Tue Feb 17 22:00:00 UTC 2026,185.51581067451144
Tue Feb 17 23:00:00 UTC 2026,185.51579166291438
Wed Feb 18 00:00:00 UTC 2026,185.51579966779735
Wed Feb 18 01:00:00 UTC 2026,185.51582708452156
Wed Feb 18 02:00:00 UTC 2026,185.5157995677363
Wed Feb 18 03:00:00 UTC 2026,185.51582178128658
Wed Feb 18 04:00:00 UTC 2026,185.51580727243618
Wed Feb 18 05:00:00 UTC 2026,185.5158002681636
Wed Feb 18 06:00:00 UTC 2026,185.51577715406398
Wed Feb 18 07:00:00 UTC 2026,185.5157908624261
Wed Feb 18 08:00:00 UTC 2026,185.51578265742103
Wed Feb 18 09:00:00 UTC 2026,185.5158250833008
Wed Feb 18 10:00:00 UTC 2026,185.51581817908925
Wed Feb 18 11:00:00 UTC 2026,185.51585750307686
Wed Feb 18 12:00:00 UTC 2026,185.51585009856012
Wed Feb 18 13:00:00 UTC 2026,185.51584859764455
Wed Feb 18 14:00:00 UTC 2026,185.51586380692223
Wed Feb 18 15:00:00 UTC 2026,185.51587441339217
Wed Feb 18 16:00:00 UTC 2026,185.51587681485705
Wed Feb 18 17:00:00 UTC 2026,185.51583528952662
Wed Feb 18 18:00:00 UTC 2026,185.51584059276158
Wed Feb 18 19:00:00 UTC 2026,185.5158411931278
Wed Feb 18 20:00:00 UTC 2026,185.5158858203504
Wed Feb 18 21:00:00 UTC 2026,185.5158723121104
Wed Feb 18 22:00:00 UTC 2026,185.5158710113169
Wed Feb 18 23:00:00 UTC 2026,185.5158672089975
Thu Feb 19 00:00:00 UTC 2026,185.51587371296492
Thu Feb 19 01:00:00 UTC 2026,185.51588081729855
Thu Feb 19 02:00:00 UTC 2026,185.51585260008605
Thu Feb 19 03:00:00 UTC 2026,185.5158494981939
Thu Feb 19 04:00:00 UTC 2026,185.51581187524388
Thu Feb 19 05:00:00 UTC 2026,185.5158196800048
Thu Feb 19 06:00:00 UTC 2026,185.51584129318883
Thu Feb 19 07:00:00 UTC 2026,185.5158616055794
Thu Feb 19 08:00:00 UTC 2026,185.51583749086942
Thu Feb 19 09:00:00 UTC 2026,185.51584859764455
Thu Feb 19 10:00:00 UTC 2026,185.51583048659683
Thu Feb 19 11:00:00 UTC 2026,185.51583248781756
Thu Feb 19 12:00:00 UTC 2026,185.51581147499974
Thu Feb 19 13:00:00 UTC 2026,185.51587311259868
Thu Feb 19 14:00:00 UTC 2026,185.51583458909934
Thu Feb 19 15:00:00 UTC 2026,185.51585229990295
Thu Feb 19 16:00:00 UTC 2026,185.5158338886721
Thu Feb 19 17:00:00 UTC 2026,185.51580276968951
Thu Feb 19 18:00:00 UTC 2026,185.5158287855592
Thu Feb 19 19:00:00 UTC 2026,185.51584519556928
Thu Feb 19 20:00:00 UTC 2026,185.51585870380933
Thu Feb 19 21:00:00 UTC 2026,185.5158624060677
Thu Feb 19 22:00:00 UTC 2026,185.51587731516224
Thu Feb 19 23:00:00 UTC 2026,185.51588692102183
Fri Feb 20 00:00:00 UTC 2026,185.51586580814296
Fri Feb 20 01:00:00 UTC 2026,185.5158721119883
Fri Feb 20 02:00:00 UTC 2026,185.51586470747156
Fri Feb 20 03:00:00 UTC 2026,185.51586330661704
Fri Feb 20 04:00:00 UTC 2026,185.5158627062508
Fri Feb 20 05:00:00 UTC 2026,185.515865908204
Fri Feb 20 06:00:00 UTC 2026,185.51587221204935
Fri Feb 20 07:00:00 UTC 2026,185.5158425939823
Fri Feb 20 08:00:00 UTC 2026,185.51584919801078
Fri Feb 20 09:00:00 UTC 2026,185.51584069282262
Fri Feb 20 10:00:00 UTC 2026,185.515847096729
Fri Feb 20 11:00:00 UTC 2026,185.51587241217143
Fri Feb 20 12:00:00 UTC 2026,185.51585109917048
Fri Feb 20 13:00:00 UTC 2026,185.51586530783777
Fri Feb 20 14:00:00 UTC 2026,185.51583649025906
Fri Feb 20 15:00:00 UTC 2026,185.5158764146129
Fri Feb 20 16:00:00 UTC 2026,185.5158627062508
Fri Feb 20 17:00:00 UTC 2026,185.51585970441968
Fri Feb 20 18:00:00 UTC 2026,185.51585069892633
Fri Feb 20 19:00:00 UTC 2026,185.51585640240546
Fri Feb 20 20:00:00 UTC 2026,185.51585870380933
Fri Feb 20 21:00:00 UTC 2026,185.51585870380933
Fri Feb 20 22:00:00 UTC 2026,185.51585870380933
Fri Feb 20 23:00:00 UTC 2026,185.51585870380933
Sat Feb 21 00:00:00 UTC 2026,185.51585870380933
Sat Feb 21 01:00:00 UTC 2026,185.51585870380933
Sat Feb 21 02:00:00 UTC 2026,185.51585870380933
Sat Feb 21 03:00:00 UTC 2026,185.51585870380933
Sat Feb 21 04:00:00 UTC 2026,185.51585870380933
Sat Feb 21 05:00:00 UTC 2026,185.51585870380933
Sat Feb 21 06:00:00 UTC 2026,185.51585870380933
Sat Feb 21 07:00:00 UTC 2026,185.51585870380933
Sat Feb 21 08:00:00 UTC 2026,185.51585870380933
Sat Feb 21 09:00:00 UTC 2026,185.51585870380933
Sat Feb 21 10:00:00 UTC 2026,185.51585870380933
Sat Feb 21 11:00:00 UTC 2026,185.51585870380933
Sat Feb 21 12:00:00 UTC 2026,185.51585870380933
Sat Feb 21 13:00:00 UTC 2026,185.51585870380933
Sat Feb 21 14:00:00 UTC 2026,185.51585870380933
Sat Feb 21 15:00:00 UTC 2026,185.51585870380933
Sat Feb 21 16:00:00 UTC 2026,185.51585870380933
Sat Feb 21 17:00:00 UTC 2026,185.51585870380933
Sat Feb 21 18:00:00 UTC 2026,185.51585870380933
Sat Feb 21 19:00:00 UTC 2026,185.51585870380933
Sat Feb 21 20:00:00 UTC 2026,185.51585870380933
Sat Feb 21 21:00:00 UTC 2026,185.51585870380933
Sat Feb 21 22:00:00 UTC 2026,185.51585870380933
Sat Feb 21 23:00:00 UTC 2026,185.51585870380933
Sun Feb 22 00:00:00 UTC 2026,185.51585870380933
Sun Feb 22 01:00:00 UTC 2026,185.51585870380933
Sun Feb 22 02:00:00 UTC 2026,185.51585870380933
Sun Feb 22 03:00:00 UTC 2026,185.51585870380933
Sun Feb 22 04:00:00 UTC 2026,185.51585870380933
Sun Feb 22 05:00:00 UTC 2026,185.51585870380933
Sun Feb 22 06:00:00 UTC 2026,185.51585870380933
Sun Feb 22 07:00:00 UTC 2026,185.51585870380933
Sun Feb 22 08:00:00 UTC 2026,185.51585870380933
Sun Feb 22 09:00:00 UTC 2026,185.51585870380933
Sun Feb 22 10:00:00 UTC 2026,185.51585870380933
Sun Feb 22 11:00:00 UTC 2026,185.51585870380933
Sun Feb 22 12:00:00 UTC 2026,185.51585870380933
Sun Feb 22 13:00:00 UTC 2026,185.51585870380933
Sun Feb 22 14:00:00 UTC 2026,185.51585870380933
Sun Feb 22 15:00:00 UTC 2026,185.51585870380933
Sun Feb 22 16:00:00 UTC 2026,185.51585870380933
Sun Feb 22 17:00:00 UTC 2026,185.51585870380933
Sun Feb 22 18:00:00 UTC 2026,185.51585870380933
Sun Feb 22 19:00:00 UTC 2026,185.51585870380933
Sun Feb 22 20:00:00 UTC 2026,185.51585870380933
Sun Feb 22 21:00:00 UTC 2026,185.51584189355506
Sun Feb 22 22:00:00 UTC 2026,185.51585390087953
Sun Feb 22 23:00:00 UTC 2026,185.51586260618978
Mon Feb 23 00:00:00 UTC 2026,185.5158758142467
Mon Feb 23 01:00:00 UTC 2026,185.51587401314802
Mon Feb 23 02:00:00 UTC 2026,185.5158568026496
Mon Feb 23 03:00:00 UTC 2026,185.51585109917048
Mon Feb 23 04:00:00 UTC 2026,185.51585770319895
Mon Feb 23 05:00:00 UTC 2026,185.51586520777673
Mon Feb 23 06:00:00 UTC 2026,185.51586060496902
Mon Feb 23 07:00:00 UTC 2026,185.5158368905032
Mon Feb 23 08:00:00 UTC 2026,185.51582178128658
Mon Feb 23 09:00:00 UTC 2026,185.51581647805162
Mon Feb 23 10:00:00 UTC 2026,185.51582308208006
Mon Feb 23 11:00:00 UTC 2026,185.51585720289376
Mon Feb 23 12:00:00 UTC 2026,185.51585820350414
Mon Feb 23 13:00:00 UTC 2026,185.51582838531505
Mon Feb 23 14:00:00 UTC 2026,185.51585550185612
Mon Feb 23 15:00:00 UTC 2026,185.51585119923152
Mon Feb 23 16:00:00 UTC 2026,185.51584919801078
Mon Feb 23 17:00:00 UTC 2026,185.51584159337196
Mon Feb 23 18:00:00 UTC 2026,185.5158400924564
Mon Feb 23 19:00:00 UTC 2026,185.5158193798217
Mon Feb 23 20:00:00 UTC 2026,185.51583809123565
Mon Feb 23 21:00:00 UTC 2026,185.51584539569137
Mon Feb 23 22:00:00 UTC 2026,185.5158467965459
Mon Feb 23 23:00:00 UTC 2026,185.5158611052742
Tue Feb 24 00:00:00 UTC 2026,185.51586020472487
Tue Feb 24 01:00:00 UTC 2026,185.51586470747156
Tue Feb 24 02:00:00 UTC 2026,185.5158467965459
Tue Feb 24 03:00:00 UTC 2026,185.51585069892633
Tue Feb 24 04:00:00 UTC 2026,185.51584219373817
Tue Feb 24 05:00:00 UTC 2026,185.51583859154084
Tue Feb 24 06:00:00 UTC 2026,185.51582328220215
Tue Feb 24 07:00:00 UTC 2026,185.51585099910946
Tue Feb 24 08:00:00 UTC 2026,185.51583789111356
Tue Feb 24 09:00:00 UTC 2026,185.51584799727834
Tue Feb 24 10:00:00 UTC 2026,185.51585260008605
Tue Feb 24 11:00:00 UTC 2026,185.51584159337196
Tue Feb 24 12:00:00 UTC 2026,185.5158535006354
Tue Feb 24 13:00:00 UTC 2026,185.5158521998419
Tue Feb 24 14:00:00 UTC 2026,185.51586520777673
Tue Feb 24 15:00:00 UTC 2026,185.51585980448073
Tue Feb 24 16:00:00 UTC 2026,185.51585770319895
Tue Feb 24 17:00:00 UTC 2026,185.51582758482675
Tue Feb 24 18:00:00 UTC 2026,185.51584909794974
Tue Feb 24 19:00:00 UTC 2026,185.51586550795986
Tue Feb 24 20:00:00 UTC 2026,185.5158562022834
Tue Feb 24 21:00:00 UTC 2026,185.515876614735
Tue Feb 24 22:00:00 UTC 2026,185.51585069892633
Tue Feb 24 23:00:00 UTC 2026,185.51584519556928
Wed Feb 25 00:00:00 UTC 2026,185.51585450124577
Wed Feb 25 01:00:00 UTC 2026,185.5158333883669
Wed Feb 25 02:00:00 UTC 2026,185.51582538348393
Wed Feb 25 03:00:00 UTC 2026,185.51584509550827
Wed Feb 25 04:00:00 UTC 2026,185.51584519556928
Wed Feb 25 05:00:00 UTC 2026,185.5158713115
Wed Feb 25 06:00:00 UTC 2026,185.5158718118052
Wed Feb 25 07:00:00 UTC 2026,185.5158435945927
Wed Feb 25 08:00:00 UTC 2026,185.51584959825493
Wed Feb 25 09:00:00 UTC 2026,185.51582028037103
Wed Feb 25 10:00:00 UTC 2026,185.51581127487768
Wed Feb 25 11:00:00 UTC 2026,185.5157957654169
Wed Feb 25 12:00:00 UTC 2026,185.5158190796386
Wed Feb 25 13:00:00 UTC 2026,185.51583749086942
Wed Feb 25 14:00:00 UTC 2026,185.51584369465374
Wed Feb 25 15:00:00 UTC 2026,185.5158376909915
Wed Feb 25 16:00:00 UTC 2026,185.51581497713605
Wed Feb 25 17:00:00 UTC 2026,185.51581007414524
Wed Feb 25 18:00:00 UTC 2026,185.51581127487768
Wed Feb 25 19:00:00 UTC 2026,185.51583528952662
Wed Feb 25 20:00:00 UTC 2026,185.5158266842774
Wed Feb 25 21:00:00 UTC 2026,185.51582108085933
Wed Feb 25 22:00:00 UTC 2026,185.51583328830586
Wed Feb 25 23:00:00 UTC 2026,185.51582308208006
Thu Feb 26 00:00:00 UTC 2026,185.51580737249722
Thu Feb 26 01:00:00 UTC 2026,185.5158134762205
Thu Feb 26 02:00:00 UTC 2026,185.5157992675532
Thu Feb 26 03:00:00 UTC 2026,185.51581007414524
Thu Feb 26 04:00:00 UTC 2026,185.51583548964868
Thu Feb 26 05:00:00 UTC 2026,185.5158156775633
Thu Feb 26 06:00:00 UTC 2026,185.5158430942875
Thu Feb 26 07:00:00 UTC 2026,185.51584529563033
Thu Feb 26 08:00:00 UTC 2026,185.5158465964238
Thu Feb 26 09:00:00 UTC 2026,185.51582458299563
Thu Feb 26 10:00:00 UTC 2026,185.5158541010016
Thu Feb 26 11:00:00 UTC 2026,185.51585029868218
Thu Feb 26 12:00:00 UTC 2026,185.5158349893435
Thu Feb 26 13:00:00 UTC 2026,185.51583989233433
Thu Feb 26 14:00:00 UTC 2026,185.51580146889603
Thu Feb 26 15:00:00 UTC 2026,185.51580527121544
Thu Feb 26 16:00:00 UTC 2026,185.51579366413512
Thu Feb 26 17:00:00 UTC 2026,185.51579746645453
Thu Feb 26 18:00:00 UTC 2026,185.51582538348393
Thu Feb 26 19:00:00 UTC 2026,185.51580216932328
Thu Feb 26 20:00:00 UTC 2026,185.51579806682076
Thu Feb 26 21:00:00 UTC 2026,185.51580367023885
Thu Feb 26 22:00:00 UTC 2026,185.5158129759153
Thu Feb 26 23:00:00 UTC 2026,185.51582208146968
Fri Feb 27 00:00:00 UTC 2026,185.51580757261928
Fri Feb 27 01:00:00 UTC 2026,185.51581697835678
Fri Feb 27 02:00:00 UTC 2026,185.5157995677363
Fri Feb 27 03:00:00 UTC 2026,185.51581387646465
Fri Feb 27 04:00:00 UTC 2026,185.51584999849908
Fri Feb 27 05:00:00 UTC 2026,185.51582328220215
Fri Feb 27 06:00:00 UTC 2026,185.51581417664775
Fri Feb 27 07:00:00 UTC 2026,185.51580156895707
Fri Feb 27 08:00:00 UTC 2026,185.51579736639349
Fri Feb 27 09:00:00 UTC 2026,185.51579236334163
Fri Feb 27 10:00:00 UTC 2026,185.51578866108326
Fri Feb 27 11:00:00 UTC 2026,185.51576964948617
Fri Feb 27 12:00:00 UTC 2026,185.51576944936411
Fri Feb 27 13:00:00 UTC 2026,185.515755741002
Fri Feb 27 14:00:00 UTC 2026,185.51576604728885
Fri Feb 27 15:00:00 UTC 2026,185.51578726022873
Fri Feb 27 16:00:00 UTC 2026,185.51579256346372
Fri Feb 27 17:00:00 UTC 2026,185.51579706621038
Fri Feb 27 18:00:00 UTC 2026,185.5158038703609
Fri Feb 27 19:00:00 UTC 2026,185.51581307597635
Fri Feb 27 20:00:00 UTC 2026,185.51581467695294
Fri Feb 27 21:00:00 UTC 2026,185.51581467695294
Fri Feb 27 22:00:00 UTC 2026,185.51581467695294
Fri Feb 27 23:00:00 UTC 2026,185.51581467695294
Sat Feb 28 00:00:00 UTC 2026,185.51581467695294
Sat Feb 28 01:00:00 UTC 2026,185.51581467695294
Sat Feb 28 02:00:00 UTC 2026,185.51581467695294
Sat Feb 28 03:00:00 UTC 2026,185.51581467695294
Sat Feb 28 04:00:00 UTC 2026,185.51581467695294
Sat Feb 28 05:00:00 UTC 2026,185.51581467695294
Sat Feb 28 06:00:00 UTC 2026,185.51581467695294
Sat Feb 28 07:00:00 UTC 2026,185.51581467695294
Sat Feb 28 08:00:00 UTC 2026,185.51581467695294
Sat Feb 28 09:00:00 UTC 2026,185.51581467695294
Sat Feb 28 10:00:00 UTC 2026,185.51581467695294
Sat Feb 28 11:00:00 UTC 2026,185.51581467695294
Sat Feb 28 12:00:00 UTC 2026,185.51581467695294
Sat Feb 28 13:00:00 UTC 2026,185.51581467695294
Sat Feb 28 14:00:00 UTC 2026,185.51581467695294
Sat Feb 28 15:00:00 UTC 2026,185.51581467695294
Sat Feb 28 16:00:00 UTC 2026,185.51581467695294
Sat Feb 28 17:00:00 UTC 2026,185.51581467695294
Sat Feb 28 18:00:00 UTC 2026,185.51581467695294
Sat Feb 28 19:00:00 UTC 2026,185.51581467695294
Sat Feb 28 20:00:00 UTC 2026,185.51581467695294
Sat Feb 28 21:00:00 UTC 2026,185.51581467695294
Sat Feb 28 22:00:00 UTC 2026,185.51581467695294
Sat Feb 28 23:00:00 UTC 2026,185.51581467695294
Sun Mar 01 00:00:00 UTC 2026,185.51581467695294
Sun Mar 01 01:00:00 UTC 2026,185.51581467695294
Sun Mar 01 02:00:00 UTC 2026,185.51581467695294
Sun Mar 01 03:00:00 UTC 2026,185.51581467695294
Sun Mar 01 04:00:00 UTC 2026,185.51581467695294
Sun Mar 01 05:00:00 UTC 2026,185.51581467695294
Sun Mar 01 06:00:00 UTC 2026,185.51581467695294
Sun Mar 01 07:00:00 UTC 2026,185.51581467695294
Sun Mar 01 08:00:00 UTC 2026,185.51581467695294
Sun Mar 01 09:00:00 UTC 2026,185.51581467695294
Sun Mar 01 10:00:00 UTC 2026,185.51581467695294
Sun Mar 01 11:00:00 UTC 2026,185.51581467695294
Sun Mar 01 12:00:00 UTC 2026,185.51581467695294
Sun Mar 01 13:00:00 UTC 2026,185.51581467695294
Sun Mar 01 14:00:00 UTC 2026,185.51581467695294
Sun Mar 01 15:00:00 UTC 2026,185.51581467695294
Sun Mar 01 16:00:00 UTC 2026,185.51581467695294
Sun Mar 01 17:00:00 UTC 2026,185.51581467695294
Sun Mar 01 18:00:00 UTC 2026,185.51581467695294
Sun Mar 01 19:00:00 UTC 2026,185.51581467695294
Sun Mar 01 20:00:00 UTC 2026,185.51581467695294
Sun Mar 01 21:00:00 UTC 2026,185.51580156895707
Sun Mar 01 22:00:00 UTC 2026,185.51578135662754
Sun Mar 01 23:00:00 UTC 2026,185.51579046218194
Mon Mar 02 00:00:00 UTC 2026,185.51577115040175
Mon Mar 02 01:00:00 UTC 2026,185.51577625351464
Mon Mar 02 02:00:00 UTC 2026,185.51581047438938
Mon Mar 02 03:00:00 UTC 2026,185.5158083731076
