date,va,P_Kweek_90_Kday_57_ETE_69_ORD_65_EXT_80_E2Ekor_79_EXTkor_69_DIFF_24
Mon Feb 16 12:00:00 UTC 2026,null,-0.007848966141859037
Mon Feb 16 13:00:00 UTC 2026,null,0.0013251932570121916
Mon Feb 16 14:00:00 UTC 2026,null,0.0016798365903474277
Mon Feb 16 15:00:00 UTC 2026,null,0.012575653610484405
Mon Feb 16 16:00:00 UTC 2026,null,0.020518277630778847
Mon Feb 16 17:00:00 UTC 2026,null,0.01974537698497647
Mon Feb 16 18:00:00 UTC 2026,null,0.00896831375222229
Mon Feb 16 19:00:00 UTC 2026,null,0.014248040531978479
Mon Feb 16 20:00:00 UTC 2026,null,0.01020326909643332
Mon Feb 16 21:00:00 UTC 2026,null,0.010529000441072967
Mon Feb 16 22:00:00 UTC 2026,null,0.009304157215987985
Mon Feb 16 23:00:00 UTC 2026,null,0.017496384261884934
Tue Feb 17 00:00:00 UTC 2026,null,0.012549010662890492
Tue Feb 17 01:00:00 UTC 2026,null,0.007877923002751253
Tue Feb 17 02:00:00 UTC 2026,null,0.007641590165144763
Tue Feb 17 03:00:00 UTC 2026,null,0.010757331173746998
Tue Feb 17 04:00:00 UTC 2026,null,0.006967117983450066
Tue Feb 17 05:00:00 UTC 2026,null,0.011011607366665288
Tue Feb 17 06:00:00 UTC 2026,null,0.00939531235245683
Tue Feb 17 07:00:00 UTC 2026,null,0.007039320259471626
Tue Feb 17 08:00:00 UTC 2026,null,0.01428434043909732
Tue Feb 17 09:00:00 UTC 2026,null,0.01293887378527181
Tue Feb 17 10:00:00 UTC 2026,null,0.01577688063835847
Tue Feb 17 11:00:00 UTC 2026,null,0.025757877831423137
Tue Feb 17 12:00:00 UTC 2026,null,0.02327098955513529
Tue Feb 17 13:00:00 UTC 2026,null,0.022145978103620845
Tue Feb 17 14:00:00 UTC 2026,null,0.023244630343023598
Tue Feb 17 15:00:00 UTC 2026,null,0.019989377194119307
Tue Feb 17 16:00:00 UTC 2026,null,0.021534758732460357
Tue Feb 17 17:00:00 UTC 2026,null,0.021389429284749184
Tue Feb 17 18:00:00 UTC 2026,null,0.018955259912070588
Tue Feb 17 19:00:00 UTC 2026,null,0.026774768613412103
Tue Feb 17 20:00:00 UTC 2026,null,0.024760031253742376
Tue Feb 17 21:00:00 UTC 2026,null,0.02262663962287892
Tue Feb 17 22:00:00 UTC 2026,null,0.026281096872736498
Tue Feb 17 23:00:00 UTC 2026,null,0.027756406555250468
Wed Feb 18 00:00:00 UTC 2026,null,0.022781427865758985
Wed Feb 18 01:00:00 UTC 2026,null,0.026969028335075862
Wed Feb 18 02:00:00 UTC 2026,null,0.023155194772468413
Wed Feb 18 03:00:00 UTC 2026,null,0.01882747265123319
Wed Feb 18 04:00:00 UTC 2026,null,0.014598726516229732
Wed Feb 18 05:00:00 UTC 2026,null,0.021156246527186617
Wed Feb 18 06:00:00 UTC 2026,null,0.012796337209993958
Wed Feb 18 07:00:00 UTC 2026,null,0.016334177143700668
Wed Feb 18 08:00:00 UTC 2026,null,0.032978107830795356
Wed Feb 18 09:00:00 UTC 2026,null,0.03830376920097578
Wed Feb 18 10:00:00 UTC 2026,null,0.040909449143451404
Wed Feb 18 11:00:00 UTC 2026,null,0.0404908270330151
Wed Feb 18 12:00:00 UTC 2026,null,0.0424933916323873
Wed Feb 18 13:00:00 UTC 2026,null,0.05135927534937501
Wed Feb 18 14:00:00 UTC 2026,null,0.045796070637867725
Wed Feb 18 15:00:00 UTC 2026,null,0.043192210838654876
Wed Feb 18 16:00:00 UTC 2026,null,0.04676981406410885
Wed Feb 18 17:00:00 UTC 2026,null,0.03134032533766273
Wed Feb 18 18:00:00 UTC 2026,null,0.027587326641464127
Wed Feb 18 19:00:00 UTC 2026,null,0.02570948988955246
Wed Feb 18 20:00:00 UTC 2026,null,0.032389416294087425
Wed Feb 18 21:00:00 UTC 2026,null,0.027472351003055007
Wed Feb 18 22:00:00 UTC 2026,null,0.028296673900446212
Wed Feb 18 23:00:00 UTC 2026,null,0.031114233077279785
Thu Feb 19 00:00:00 UTC 2026,null,0.029872390354010125
Thu Feb 19 01:00:00 UTC 2026,null,0.02723659775893683
Thu Feb 19 02:00:00 UTC 2026,null,0.026177675553737068
Thu Feb 19 03:00:00 UTC 2026,null,0.02864369348083473
Thu Feb 19 04:00:00 UTC 2026,null,0.030158813172254106
Thu Feb 19 05:00:00 UTC 2026,null,0.02695286675384434
Thu Feb 19 06:00:00 UTC 2026,null,0.030653155341317184
Thu Feb 19 07:00:00 UTC 2026,null,0.031110739282645294
Thu Feb 19 08:00:00 UTC 2026,null,0.041537560946412366
Thu Feb 19 09:00:00 UTC 2026,null,0.04363141857476727
Thu Feb 19 10:00:00 UTC 2026,null,0.03445755283724017
Thu Feb 19 11:00:00 UTC 2026,null,0.0329298981051509
Thu Feb 19 12:00:00 UTC 2026,null,0.03943308404372159
Thu Feb 19 13:00:00 UTC 2026,null,0.030403477428520453
Thu Feb 19 14:00:00 UTC 2026,null,0.03266284941108211
Thu Feb 19 15:00:00 UTC 2026,null,0.02912651162171498
Thu Feb 19 16:00:00 UTC 2026,null,0.029482332630954566
Thu Feb 19 17:00:00 UTC 2026,null,0.03445364696454556
Thu Feb 19 18:00:00 UTC 2026,null,0.03327929152938314
Thu Feb 19 19:00:00 UTC 2026,null,0.035365370408469765
Thu Feb 19 20:00:00 UTC 2026,null,0.031966932601101394
Thu Feb 19 21:00:00 UTC 2026,null,0.028254955239169544
Thu Feb 19 22:00:00 UTC 2026,null,0.02971793941781753
Thu Feb 19 23:00:00 UTC 2026,null,0.032370745605982965
Fri Feb 20 00:00:00 UTC 2026,null,0.03057720133186903
Fri Feb 20 01:00:00 UTC 2026,null,0.029364730775441217
Fri Feb 20 02:00:00 UTC 2026,null,0.03135674065214866
Fri Feb 20 03:00:00 UTC 2026,null,0.03349404117971844
Fri Feb 20 04:00:00 UTC 2026,null,0.030651920318884418
Fri Feb 20 05:00:00 UTC 2026,null,0.030189845651778402
Fri Feb 20 06:00:00 UTC 2026,null,0.03638600562976979
Fri Feb 20 07:00:00 UTC 2026,null,0.029081724688701627
Fri Feb 20 08:00:00 UTC 2026,null,0.02772851765501594
Fri Feb 20 09:00:00 UTC 2026,null,0.023678259497964316
Fri Feb 20 10:00:00 UTC 2026,null,0.025602441974041046
Fri Feb 20 11:00:00 UTC 2026,null,0.024604351392784718
Fri Feb 20 12:00:00 UTC 2026,null,0.031770425757529974
Fri Feb 20 13:00:00 UTC 2026,null,0.025978752709766795
Fri Feb 20 14:00:00 UTC 2026,null,0.031951653835299076
Fri Feb 20 15:00:00 UTC 2026,null,0.03697315744391805
Fri Feb 20 16:00:00 UTC 2026,null,0.03795277323329671
Fri Feb 20 17:00:00 UTC 2026,null,0.04006277835102878
Fri Feb 20 18:00:00 UTC 2026,null,0.04193558937328801
Fri Feb 20 19:00:00 UTC 2026,null,0.04786602531025963
Fri Feb 20 20:00:00 UTC 2026,null,0.044178860894476646
Sun Feb 22 21:00:00 UTC 2026,null,0.039355753924954495
Sun Feb 22 22:00:00 UTC 2026,null,0.037235864967065435
Sun Feb 22 23:00:00 UTC 2026,null,0.0469306740812403
Mon Feb 23 00:00:00 UTC 2026,null,0.03942978506810979
Mon Feb 23 01:00:00 UTC 2026,null,0.0327521924884322
Mon Feb 23 02:00:00 UTC 2026,null,0.027046147356240446
Mon Feb 23 03:00:00 UTC 2026,null,0.03179750013074667
Mon Feb 23 04:00:00 UTC 2026,null,0.03206803091131549
Mon Feb 23 05:00:00 UTC 2026,null,0.03522071866831622
Mon Feb 23 06:00:00 UTC 2026,null,0.03565015776720193
Mon Feb 23 07:00:00 UTC 2026,null,0.03058710627858474
Mon Feb 23 08:00:00 UTC 2026,null,0.031033642437393816
Mon Feb 23 09:00:00 UTC 2026,null,0.02920888937385291
Mon Feb 23 10:00:00 UTC 2026,null,0.0318937839538278
Mon Feb 23 11:00:00 UTC 2026,null,0.028393450595692205
Mon Feb 23 12:00:00 UTC 2026,null,0.03213710189216901
Mon Feb 23 13:00:00 UTC 2026,null,0.026515750789747994
Mon Feb 23 14:00:00 UTC 2026,null,0.032450935267001935
Mon Feb 23 15:00:00 UTC 2026,null,0.02793121125934306
Mon Feb 23 16:00:00 UTC 2026,null,0.03484104189037085
Mon Feb 23 17:00:00 UTC 2026,null,0.03671356100622347
Mon Feb 23 18:00:00 UTC 2026,null,0.03529094895968665
Mon Feb 23 19:00:00 UTC 2026,null,0.0284462576964839
Mon Feb 23 20:00:00 UTC 2026,null,0.0330174234642957
Mon Feb 23 21:00:00 UTC 2026,null,0.02341302081633012
Mon Feb 23 22:00:00 UTC 2026,null,0.03612002999274777
Mon Feb 23 23:00:00 UTC 2026,null,0.03388948194012098
Tue Feb 24 00:00:00 UTC 2026,null,0.0309955894914844
Tue Feb 24 01:00:00 UTC 2026,null,0.03144391093057042
Tue Feb 24 02:00:00 UTC 2026,null,0.029002611864416217
Tue Feb 24 03:00:00 UTC 2026,null,0.027214851895439374
Tue Feb 24 04:00:00 UTC 2026,null,0.03259114378163552
Tue Feb 24 05:00:00 UTC 2026,null,0.028618553601587493
Tue Feb 24 06:00:00 UTC 2026,null,0.030973300597104902
Tue Feb 24 07:00:00 UTC 2026,null,0.031728920581280295
Tue Feb 24 08:00:00 UTC 2026,null,0.032104986059170226
Tue Feb 24 09:00:00 UTC 2026,null,0.03961720671350788
Tue Feb 24 10:00:00 UTC 2026,null,0.03482058490242368
Tue Feb 24 11:00:00 UTC 2026,null,0.0337547494715329
Tue Feb 24 12:00:00 UTC 2026,null,0.038891617590560035
Tue Feb 24 13:00:00 UTC 2026,null,0.041026432850284955
Tue Feb 24 14:00:00 UTC 2026,null,0.04070139449897292
Tue Feb 24 15:00:00 UTC 2026,null,0.05135034664575633
Tue Feb 24 16:00:00 UTC 2026,null,0.04186647439379776
Tue Feb 24 17:00:00 UTC 2026,null,0.04318780431884539
Tue Feb 24 18:00:00 UTC 2026,null,0.04285782469460653
Tue Feb 24 19:00:00 UTC 2026,null,0.04255436462703033
Tue Feb 24 20:00:00 UTC 2026,null,0.03925519937372002
Tue Feb 24 21:00:00 UTC 2026,null,0.045032136143951185
Tue Feb 24 22:00:00 UTC 2026,null,0.03343826265900329
Tue Feb 24 23:00:00 UTC 2026,null,0.04523199604657302
Wed Feb 25 00:00:00 UTC 2026,null,0.03592221325409062
Wed Feb 25 01:00:00 UTC 2026,null,0.04134974118035384
Wed Feb 25 02:00:00 UTC 2026,null,0.04620990630144073
Wed Feb 25 03:00:00 UTC 2026,null,0.04896660800491537
Wed Feb 25 04:00:00 UTC 2026,null,0.04558712611972782
Wed Feb 25 05:00:00 UTC 2026,null,0.046935636823155935
Wed Feb 25 06:00:00 UTC 2026,null,0.04998771397966628
Wed Feb 25 07:00:00 UTC 2026,null,0.05091541329041327
Wed Feb 25 08:00:00 UTC 2026,null,0.047453384278981936
Wed Feb 25 09:00:00 UTC 2026,null,0.04573928214967404
Wed Feb 25 10:00:00 UTC 2026,null,0.04955445888895049
Wed Feb 25 11:00:00 UTC 2026,null,0.047536927301891296
Wed Feb 25 12:00:00 UTC 2026,null,0.046057564758446023
Wed Feb 25 13:00:00 UTC 2026,null,0.04580282149079151
Wed Feb 25 14:00:00 UTC 2026,null,0.05169352435575192
Wed Feb 25 15:00:00 UTC 2026,null,0.04647531558411311
Wed Feb 25 16:00:00 UTC 2026,null,0.04148270102168006
Wed Feb 25 17:00:00 UTC 2026,null,0.04475558171136251
Wed Feb 25 18:00:00 UTC 2026,null,0.04461066578842843
Wed Feb 25 19:00:00 UTC 2026,null,0.04234462677002604
Wed Feb 25 20:00:00 UTC 2026,null,0.05087260468446031
Wed Feb 25 21:00:00 UTC 2026,null,0.03931854935474055
Wed Feb 25 22:00:00 UTC 2026,null,0.04184302808200702
Wed Feb 25 23:00:00 UTC 2026,null,0.03664662265752705
Thu Feb 26 00:00:00 UTC 2026,null,0.041898968062689335
Thu Feb 26 01:00:00 UTC 2026,null,0.04244958838609847
Thu Feb 26 02:00:00 UTC 2026,null,0.042735387423482596
Thu Feb 26 03:00:00 UTC 2026,null,0.048623623525878124
Thu Feb 26 04:00:00 UTC 2026,null,0.047603685491540926
Thu Feb 26 05:00:00 UTC 2026,null,0.04118304876530576
Thu Feb 26 06:00:00 UTC 2026,null,0.03342943274191068
Thu Feb 26 07:00:00 UTC 2026,null,0.035539196622726976
Thu Feb 26 08:00:00 UTC 2026,null,0.036052690342335936
Thu Feb 26 09:00:00 UTC 2026,null,0.031758033027932786
Thu Feb 26 10:00:00 UTC 2026,null,0.03857516394546234
Thu Feb 26 11:00:00 UTC 2026,null,0.034101867119013196
Thu Feb 26 12:00:00 UTC 2026,null,0.035292306706312004
Thu Feb 26 13:00:00 UTC 2026,null,0.04294738357328498
Thu Feb 26 14:00:00 UTC 2026,null,0.03471514563914724
Thu Feb 26 15:00:00 UTC 2026,null,0.039516734647985885
Thu Feb 26 16:00:00 UTC 2026,null,0.034488450549934324
Thu Feb 26 17:00:00 UTC 2026,null,0.03280166256571393
Thu Feb 26 18:00:00 UTC 2026,null,0.030702285579692123
Thu Feb 26 19:00:00 UTC 2026,null,0.035604091391679304
Thu Feb 26 20:00:00 UTC 2026,null,0.029011866402419706
Thu Feb 26 21:00:00 UTC 2026,null,0.0363060763974179
Thu Feb 26 22:00:00 UTC 2026,null,0.03139123592229209
Thu Feb 26 23:00:00 UTC 2026,null,0.03102398435103826
Fri Feb 27 00:00:00 UTC 2026,null,0.030358211015867553
Fri Feb 27 01:00:00 UTC 2026,null,0.027145925717422692
Fri Feb 27 02:00:00 UTC 2026,null,0.02773875581181784
Fri Feb 27 03:00:00 UTC 2026,null,0.027127594255626164
Fri Feb 27 04:00:00 UTC 2026,null,0.030604948460089876
Fri Feb 27 05:00:00 UTC 2026,null,0.023909429108777136
Fri Feb 27 06:00:00 UTC 2026,null,0.025426718839332008
Fri Feb 27 07:00:00 UTC 2026,null,0.027734099180283245
Fri Feb 27 08:00:00 UTC 2026,null,0.026854113235247112
Fri Feb 27 09:00:00 UTC 2026,null,0.02799023049371696
Fri Feb 27 10:00:00 UTC 2026,null,0.032272482417869064
Fri Feb 27 11:00:00 UTC 2026,null,0.028633929558527615
Fri Feb 27 12:00:00 UTC 2026,null,0.026133767194256752
Fri Feb 27 13:00:00 UTC 2026,null,0.027782667326494703
Fri Feb 27 14:00:00 UTC 2026,null,0.02385257729792789
Fri Feb 27 15:00:00 UTC 2026,null,0.03387353291124162
Fri Feb 27 16:00:00 UTC 2026,null,0.03085680727632001
Fri Feb 27 17:00:00 UTC 2026,null,0.030802629217319133
Fri Feb 27 18:00:00 UTC 2026,null,0.03387348574201665
Fri Feb 27 19:00:00 UTC 2026,null,0.037780396083823664
Fri Feb 27 20:00:00 UTC 2026,null,0.034636240367909465
Sun Mar 01 21:00:00 UTC 2026,null,0.034442739695707214
Sun Mar 01 22:00:00 UTC 2026,null,0.02400253646453354
Sun Mar 01 23:00:00 UTC 2026,null,0.02763136735107663
Mon Mar 02 00:00:00 UTC 2026,null,0.0312945521647352
Mon Mar 02 01:00:00 UTC 2026,null,0.032893453591495536
Mon Mar 02 02:00:00 UTC 2026,null,0.022079112875750262
Mon Mar 02 03:00:00 UTC 2026,null,0.022777968048449004
Mon Mar 02 04:00:00 UTC 2026,null,0.025504122318553257
Mon Mar 02 05:00:00 UTC 2026,null,0.023742156512109425
Mon Mar 02 06:00:00 UTC 2026,null,0.024691016281846334
Mon Mar 02 07:00:00 UTC 2026,null,0.017164364577320956
Mon Mar 02 08:00:00 UTC 2026,null,0.00482082885573476
Mon Mar 02 09:00:00 UTC 2026,null,8.919335391301964E-4
Mon Mar 02 10:00:00 UTC 2026,null,0.003965349374626115
Mon Mar 02 11:00:00 UTC 2026,null,0.010311603891710597
Mon Mar 02 12:00:00 UTC 2026,null,0.002763411176797348
Mon Mar 02 13:00:00 UTC 2026,null,0.004832213017249565
Mon Mar 02 14:00:00 UTC 2026,null,0.01293830102608684
Mon Mar 02 15:00:00 UTC 2026,null,0.005517148993425369
Mon Mar 02 16:00:00 UTC 2026,null,0.008450046841965708
Mon Mar 02 17:00:00 UTC 2026,null,0.016036009272811125
Mon Mar 02 18:00:00 UTC 2026,null,0.009164104627581882
Mon Mar 02 19:00:00 UTC 2026,null,0.01244895621393649
Mon Mar 02 20:00:00 UTC 2026,null,0.005116639342704232
Mon Mar 02 21:00:00 UTC 2026,null,0.005910305799029292
Mon Mar 02 22:00:00 UTC 2026,null,0.00624708821664699
Mon Mar 02 23:00:00 UTC 2026,null,0.019118162191550603
Tue Mar 03 00:00:00 UTC 2026,null,0.01728615330155625
Tue Mar 03 01:00:00 UTC 2026,null,0.018757667390679966
Tue Mar 03 02:00:00 UTC 2026,null,0.015505691077771555
Tue Mar 03 03:00:00 UTC 2026,null,0.01537104124636901
Tue Mar 03 04:00:00 UTC 2026,null,0.012958270002012995
Tue Mar 03 05:00:00 UTC 2026,null,0.0119346288468698
Tue Mar 03 06:00:00 UTC 2026,null,0.013824101232774222
Tue Mar 03 07:00:00 UTC 2026,null,0.011474207107719625
Tue Mar 03 08:00:00 UTC 2026,null,0.007348240857609767
Tue Mar 03 09:00:00 UTC 2026,null,0.005017308803008991
Tue Mar 03 10:00:00 UTC 2026,null,-0.0018979341916738335
Tue Mar 03 11:00:00 UTC 2026,null,-0.002128020133674191
Tue Mar 03 12:00:00 UTC 2026,null,-0.005241256543170092
Tue Mar 03 13:00:00 UTC 2026,null,4.781461720382296E-4
Tue Mar 03 14:00:00 UTC 2026,null,-0.001822743342762223
Tue Mar 03 15:00:00 UTC 2026,null,4.323234247163299E-4
Tue Mar 03 16:00:00 UTC 2026,null,0.008136656070030224
Tue Mar 03 17:00:00 UTC 2026,null,0.01095005608826316
Tue Mar 03 18:00:00 UTC 2026,null,0.00845385481260319
Tue Mar 03 19:00:00 UTC 2026,null,0.010257041638017661
Tue Mar 03 20:00:00 UTC 2026,null,0.0037856222865548794
Tue Mar 03 21:00:00 UTC 2026,null,-0.002901308927006685
Tue Mar 03 22:00:00 UTC 2026,null,0.0068400632070546585
Tue Mar 03 23:00:00 UTC 2026,null,-0.0010071689187927113
Wed Mar 04 00:00:00 UTC 2026,null,-0.002978905016461919
Wed Mar 04 01:00:00 UTC 2026,null,0.0016890204568209555
Wed Mar 04 02:00:00 UTC 2026,null,-7.865451796700285E-4
Wed Mar 04 03:00:00 UTC 2026,null,-0.004240832866512889
Wed Mar 04 04:00:00 UTC 2026,null,-0.0017999012885612231
Wed Mar 04 05:00:00 UTC 2026,null,0.00597879123605205
Wed Mar 04 06:00:00 UTC 2026,null,0.012754603236921458
Wed Mar 04 07:00:00 UTC 2026,null,0.00862326665330082
Wed Mar 04 08:00:00 UTC 2026,null,0.014503441711124054
Wed Mar 04 09:00:00 UTC 2026,null,0.016699987650180326
Wed Mar 04 10:00:00 UTC 2026,null,0.013085247810340483
Wed Mar 04 11:00:00 UTC 2026,null,0.015252795677263009
Wed Mar 04 12:00:00 UTC 2026,null,0.007932807191390445
Wed Mar 04 13:00:00 UTC 2026,null,0.01180796628954317
Wed Mar 04 14:00:00 UTC 2026,null,0.014450905148990056
Wed Mar 04 15:00:00 UTC 2026,null,0.011542659351042595
Wed Mar 04 16:00:00 UTC 2026,null,0.017275369835365595
Wed Mar 04 17:00:00 UTC 2026,null,0.0157759176693113
Wed Mar 04 18:00:00 UTC 2026,null,0.014498008805358786
Wed Mar 04 19:00:00 UTC 2026,null,0.01917033572877136
Wed Mar 04 20:00:00 UTC 2026,null,0.022402687915719977
Wed Mar 04 21:00:00 UTC 2026,null,0.02348825113904285
Wed Mar 04 22:00:00 UTC 2026,null,0.01788001374555437
Wed Mar 04 23:00:00 UTC 2026,null,0.021663110894564852
Thu Mar 05 00:00:00 UTC 2026,null,0.02060534065572428
Thu Mar 05 01:00:00 UTC 2026,null,0.014375970415568151
Thu Mar 05 02:00:00 UTC 2026,null,0.021077003955002116
Thu Mar 05 03:00:00 UTC 2026,null,0.015921127367784393
Thu Mar 05 04:00:00 UTC 2026,null,0.012425250312245062
Thu Mar 05 05:00:00 UTC 2026,null,0.015593973886728563
Thu Mar 05 06:00:00 UTC 2026,null,0.01598277087781108
Thu Mar 05 07:00:00 UTC 2026,null,0.011676253693323702
Thu Mar 05 08:00:00 UTC 2026,null,0.012473658967687484
Thu Mar 05 09:00:00 UTC 2026,null,0.0025576489687306747
Thu Mar 05 10:00:00 UTC 2026,null,0.004368071669009765
Thu Mar 05 11:00:00 UTC 2026,null,0.010231275151256991
Thu Mar 05 12:00:00 UTC 2026,null,0.011443952375792321
Thu Mar 05 13:00:00 UTC 2026,null,0.017723015722067803
Thu Mar 05 14:00:00 UTC 2026,null,0.01532897082940865
Thu Mar 05 15:00:00 UTC 2026,null,0.025190785657251524
Thu Mar 05 16:00:00 UTC 2026,null,0.02864984724914743
Thu Mar 05 17:00:00 UTC 2026,null,0.01591587653817106
Thu Mar 05 18:00:00 UTC 2026,null,0.021413562342362358
Thu Mar 05 19:00:00 UTC 2026,null,0.015393017177474544
Thu Mar 05 20:00:00 UTC 2026,null,0.012601331073082367
Thu Mar 05 21:00:00 UTC 2026,null,0.01982729252625237
Thu Mar 05 22:00:00 UTC 2026,null,0.01571137949199919
Thu Mar 05 23:00:00 UTC 2026,null,0.021600297462584628
Fri Mar 06 00:00:00 UTC 2026,null,0.017525562132673755
Fri Mar 06 01:00:00 UTC 2026,null,0.022245370857086222
Fri Mar 06 02:00:00 UTC 2026,null,0.027782759236851806
Fri Mar 06 03:00:00 UTC 2026,null,0.028414528219075752
Fri Mar 06 04:00:00 UTC 2026,null,0.028041864966133367
Fri Mar 06 05:00:00 UTC 2026,null,0.03140345041377346
Fri Mar 06 06:00:00 UTC 2026,null,0.029657186870715613
Fri Mar 06 07:00:00 UTC 2026,null,0.025322524622531706
Fri Mar 06 08:00:00 UTC 2026,null,0.029291707297080194
Fri Mar 06 09:00:00 UTC 2026,null,0.022127684288539395
Fri Mar 06 10:00:00 UTC 2026,null,0.0185253759392614
Fri Mar 06 11:00:00 UTC 2026,null,0.027648023824217827
Fri Mar 06 12:00:00 UTC 2026,null,0.024057319177867242
Fri Mar 06 13:00:00 UTC 2026,null,0.023988125784121905
Fri Mar 06 14:00:00 UTC 2026,null,0.029688693607042183
Fri Mar 06 15:00:00 UTC 2026,null,0.032437652104579495
Fri Mar 06 16:00:00 UTC 2026,null,0.029370359312789862
Fri Mar 06 17:00:00 UTC 2026,null,0.030187472439060947
Fri Mar 06 18:00:00 UTC 2026,null,0.028044270072117516
Fri Mar 06 19:00:00 UTC 2026,null,0.03105093274249926
Fri Mar 06 20:00:00 UTC 2026,null,0.03189024785986616
