date,va,P_Kweek_-37_Kday_-46_ETE_67_ORD_66_EXT_83_E2Ekor_81_EXTkor_66_DIFF_23
Wed Feb 18 17:00:00 UTC 2026,null,7.180725719742043E-4
Wed Feb 18 18:00:00 UTC 2026,null,0.003968215411688902
Wed Feb 18 19:00:00 UTC 2026,null,0.009562181662290392
Wed Feb 18 20:00:00 UTC 2026,null,0.006617753303893359
Wed Feb 18 21:00:00 UTC 2026,null,0.0037825794082593234
Wed Feb 18 22:00:00 UTC 2026,null,0.0065806518472459885
Wed Feb 18 23:00:00 UTC 2026,null,0.005709009703906531
Thu Feb 19 00:00:00 UTC 2026,null,0.010827050621699641
Thu Feb 19 01:00:00 UTC 2026,null,0.009193172412774508
Thu Feb 19 02:00:00 UTC 2026,null,0.004530501414394372
Thu Feb 19 03:00:00 UTC 2026,null,0.003314389028899356
Thu Feb 19 04:00:00 UTC 2026,null,0.006591835670120005
Thu Feb 19 05:00:00 UTC 2026,null,0.006446204880669271
Thu Feb 19 06:00:00 UTC 2026,null,0.008434906950884447
Thu Feb 19 07:00:00 UTC 2026,null,0.011449808233607861
Thu Feb 19 08:00:00 UTC 2026,null,0.00450295557045699
Thu Feb 19 09:00:00 UTC 2026,null,0.009905335544470262
Thu Feb 19 10:00:00 UTC 2026,null,0.011309460028376073
Thu Feb 19 11:00:00 UTC 2026,null,0.013206856170561387
Thu Feb 19 12:00:00 UTC 2026,null,0.018137655118188434
Thu Feb 19 13:00:00 UTC 2026,null,0.017308708295127317
Thu Feb 19 14:00:00 UTC 2026,null,0.015814290895900918
Thu Feb 19 15:00:00 UTC 2026,null,0.021737175009415743
Thu Feb 19 16:00:00 UTC 2026,null,0.020679492756603857
Thu Feb 19 17:00:00 UTC 2026,null,0.015434489180973898
Thu Feb 19 18:00:00 UTC 2026,null,0.02022382228477415
Thu Feb 19 19:00:00 UTC 2026,null,0.020306037870618354
Thu Feb 19 20:00:00 UTC 2026,null,0.016513748613856905
Thu Feb 19 21:00:00 UTC 2026,null,0.011810303910412934
Thu Feb 19 22:00:00 UTC 2026,null,0.01261627439570745
Thu Feb 19 23:00:00 UTC 2026,null,0.014218742264838546
Fri Feb 20 00:00:00 UTC 2026,null,0.012514148343976572
Fri Feb 20 01:00:00 UTC 2026,null,0.01368386600942717
Fri Feb 20 02:00:00 UTC 2026,null,0.012563418371829727
Fri Feb 20 03:00:00 UTC 2026,null,0.016452616278118448
Fri Feb 20 04:00:00 UTC 2026,null,0.0173996782079211
Fri Feb 20 05:00:00 UTC 2026,null,0.01776105089791713
Fri Feb 20 06:00:00 UTC 2026,null,0.018852804141978652
Fri Feb 20 07:00:00 UTC 2026,null,0.014245488805816109
Fri Feb 20 08:00:00 UTC 2026,null,0.004700406395914847
Fri Feb 20 09:00:00 UTC 2026,null,0.008487740281100109
Fri Feb 20 10:00:00 UTC 2026,null,0.011133561415864968
Fri Feb 20 11:00:00 UTC 2026,null,7.501614803180345E-4
Fri Feb 20 12:00:00 UTC 2026,null,0.006586397172145375
Fri Feb 20 13:00:00 UTC 2026,null,0.0015305665906719668
Fri Feb 20 14:00:00 UTC 2026,null,0.0016383975528642125
Fri Feb 20 15:00:00 UTC 2026,null,-0.0018515147511983798
Fri Feb 20 16:00:00 UTC 2026,null,-0.0012721922534701946
Fri Feb 20 17:00:00 UTC 2026,null,8.163332396939893E-4
Fri Feb 20 18:00:00 UTC 2026,null,-0.0028683856437705657
Fri Feb 20 19:00:00 UTC 2026,null,-0.0010824903001589448
Fri Feb 20 20:00:00 UTC 2026,null,0.003958318243906689
Sun Feb 22 21:00:00 UTC 2026,null,0.0014411429612337656
Sun Feb 22 22:00:00 UTC 2026,null,0.0010439366936418892
Sun Feb 22 23:00:00 UTC 2026,null,0.005175575510063979
Mon Feb 23 00:00:00 UTC 2026,null,0.004212765969376697
Mon Feb 23 01:00:00 UTC 2026,null,0.004841670671650533
Mon Feb 23 02:00:00 UTC 2026,null,0.005121168868617687
Mon Feb 23 03:00:00 UTC 2026,null,0.010629725955253022
Mon Feb 23 04:00:00 UTC 2026,null,0.011714860107773006
Mon Feb 23 05:00:00 UTC 2026,null,0.010960098490057746
Mon Feb 23 06:00:00 UTC 2026,null,0.009383616259666105
Mon Feb 23 07:00:00 UTC 2026,null,0.015010057250348652
Mon Feb 23 08:00:00 UTC 2026,null,0.004327142206699719
Mon Feb 23 09:00:00 UTC 2026,null,0.021075114738781764
Mon Feb 23 10:00:00 UTC 2026,null,0.019254623964140016
Mon Feb 23 11:00:00 UTC 2026,null,0.012662604887701434
Mon Feb 23 12:00:00 UTC 2026,null,0.010239108213450088
Mon Feb 23 13:00:00 UTC 2026,null,0.0092217981636189
Mon Feb 23 14:00:00 UTC 2026,null,0.006968640328665288
Mon Feb 23 15:00:00 UTC 2026,null,0.006271139179538032
Mon Feb 23 16:00:00 UTC 2026,null,0.003218029015211954
Mon Feb 23 17:00:00 UTC 2026,null,0.0064737224798046
Mon Feb 23 18:00:00 UTC 2026,null,0.0039003068668757024
Mon Feb 23 19:00:00 UTC 2026,null,0.009778801749554589
Mon Feb 23 20:00:00 UTC 2026,null,0.010682411173789319
Mon Feb 23 21:00:00 UTC 2026,null,0.007054135609577905
Mon Feb 23 22:00:00 UTC 2026,null,0.005655208658264854
Mon Feb 23 23:00:00 UTC 2026,null,0.007533277800281013
Tue Feb 24 00:00:00 UTC 2026,null,0.008430835263312453
Tue Feb 24 01:00:00 UTC 2026,null,0.006829432034240135
Tue Feb 24 02:00:00 UTC 2026,null,0.011023063925411414
Tue Feb 24 03:00:00 UTC 2026,null,0.011261230126334176
Tue Feb 24 04:00:00 UTC 2026,null,0.012495721074831323
Tue Feb 24 05:00:00 UTC 2026,null,0.009886043833954972
Tue Feb 24 06:00:00 UTC 2026,null,0.009795176205098954
Tue Feb 24 07:00:00 UTC 2026,null,0.005884068430765943
Tue Feb 24 08:00:00 UTC 2026,null,0.006762533771258461
Tue Feb 24 09:00:00 UTC 2026,null,0.00809785668271168
Tue Feb 24 10:00:00 UTC 2026,null,0.008147559032575913
Tue Feb 24 11:00:00 UTC 2026,null,0.0062979489282994905
Tue Feb 24 12:00:00 UTC 2026,null,0.004571362860343875
Tue Feb 24 13:00:00 UTC 2026,null,0.012993420100006148
Tue Feb 24 14:00:00 UTC 2026,null,0.01130853180302438
Tue Feb 24 15:00:00 UTC 2026,null,0.009873939744666771
Tue Feb 24 16:00:00 UTC 2026,null,0.01196013631272308
Tue Feb 24 17:00:00 UTC 2026,null,0.005372446300655476
Tue Feb 24 18:00:00 UTC 2026,null,0.007592727388777476
Tue Feb 24 19:00:00 UTC 2026,null,0.01350362790269699
Tue Feb 24 20:00:00 UTC 2026,null,0.009386550470673605
Tue Feb 24 21:00:00 UTC 2026,null,0.008048586735448282
Tue Feb 24 22:00:00 UTC 2026,null,0.010099716681797766
Tue Feb 24 23:00:00 UTC 2026,null,0.009760478990593846
Wed Feb 25 00:00:00 UTC 2026,null,0.00978216890006145
Wed Feb 25 01:00:00 UTC 2026,null,0.009617078605108631
Wed Feb 25 02:00:00 UTC 2026,null,0.00701900499173469
Wed Feb 25 03:00:00 UTC 2026,null,0.0076244470812154574
Wed Feb 25 04:00:00 UTC 2026,null,0.009010617243969676
Wed Feb 25 05:00:00 UTC 2026,null,0.007865952849496871
Wed Feb 25 06:00:00 UTC 2026,null,0.013032371689881472
Wed Feb 25 07:00:00 UTC 2026,null,0.011906697358378793
Wed Feb 25 08:00:00 UTC 2026,null,0.011661066128695552
Wed Feb 25 09:00:00 UTC 2026,null,0.01014465655179908
Wed Feb 25 10:00:00 UTC 2026,null,0.00989425347398587
Wed Feb 25 11:00:00 UTC 2026,null,0.008047294847142616
Wed Feb 25 12:00:00 UTC 2026,null,0.005469219622683319
Wed Feb 25 13:00:00 UTC 2026,null,0.008318469303921106
Wed Feb 25 14:00:00 UTC 2026,null,0.007972441200498004
Wed Feb 25 15:00:00 UTC 2026,null,0.009070599771611398
Wed Feb 25 16:00:00 UTC 2026,null,0.00986693324139587
Wed Feb 25 17:00:00 UTC 2026,null,0.012866878321720066
Wed Feb 25 18:00:00 UTC 2026,null,0.015746392464896175
Wed Feb 25 19:00:00 UTC 2026,null,0.017441587047520635
Wed Feb 25 20:00:00 UTC 2026,null,0.020701992610692166
Wed Feb 25 21:00:00 UTC 2026,null,0.015523167789620373
Wed Feb 25 22:00:00 UTC 2026,null,0.01779180781690748
Wed Feb 25 23:00:00 UTC 2026,null,0.017833237557247195
Thu Feb 26 00:00:00 UTC 2026,null,0.018339083108192433
Thu Feb 26 01:00:00 UTC 2026,null,0.015571348506457028
Thu Feb 26 02:00:00 UTC 2026,null,0.01622835582287152
Thu Feb 26 03:00:00 UTC 2026,null,0.014484336658100005
Thu Feb 26 04:00:00 UTC 2026,null,0.014549357761268311
Thu Feb 26 05:00:00 UTC 2026,null,0.015956072373786157
Thu Feb 26 06:00:00 UTC 2026,null,0.017066457586299322
Thu Feb 26 07:00:00 UTC 2026,null,0.018548498726865148
Thu Feb 26 08:00:00 UTC 2026,null,0.016679508779617436
Thu Feb 26 09:00:00 UTC 2026,null,0.01382590243532178
Thu Feb 26 10:00:00 UTC 2026,null,0.010848887028801713
Thu Feb 26 11:00:00 UTC 2026,null,0.011126090285449308
Thu Feb 26 12:00:00 UTC 2026,null,0.015965020743240466
Thu Feb 26 13:00:00 UTC 2026,null,0.008087448877758696
Thu Feb 26 14:00:00 UTC 2026,null,0.01072825098855823
Thu Feb 26 15:00:00 UTC 2026,null,0.011658635162443254
Thu Feb 26 16:00:00 UTC 2026,null,0.003991499938917897
Thu Feb 26 17:00:00 UTC 2026,null,0.004338658921620109
Thu Feb 26 18:00:00 UTC 2026,null,0.00668999921018365
Thu Feb 26 19:00:00 UTC 2026,null,0.008743929125748728
Thu Feb 26 20:00:00 UTC 2026,null,0.003059815603691618
Thu Feb 26 21:00:00 UTC 2026,null,0.004138019239992019
Thu Feb 26 22:00:00 UTC 2026,null,0.005262182857791231
Thu Feb 26 23:00:00 UTC 2026,null,0.009672061659069087
Fri Feb 27 00:00:00 UTC 2026,null,0.01114075065524922
Fri Feb 27 01:00:00 UTC 2026,null,0.010198863827793225
Fri Feb 27 02:00:00 UTC 2026,null,0.006920649059503958
Fri Feb 27 03:00:00 UTC 2026,null,0.009366075578566502
Fri Feb 27 04:00:00 UTC 2026,null,0.011667251542858637
Fri Feb 27 05:00:00 UTC 2026,null,0.01326601718516418
Fri Feb 27 06:00:00 UTC 2026,null,0.00934014078773071
Fri Feb 27 07:00:00 UTC 2026,null,0.012904346433692204
Fri Feb 27 08:00:00 UTC 2026,null,0.012726182694643207
Fri Feb 27 09:00:00 UTC 2026,null,0.011419222663693773
Fri Feb 27 10:00:00 UTC 2026,null,0.017861960142937505
Fri Feb 27 11:00:00 UTC 2026,null,0.018446735686387328
Fri Feb 27 12:00:00 UTC 2026,null,0.014982705272937658
Fri Feb 27 13:00:00 UTC 2026,null,0.01828957357694705
Fri Feb 27 14:00:00 UTC 2026,null,0.022886201342553925
Fri Feb 27 15:00:00 UTC 2026,null,0.019376918255550102
Fri Feb 27 16:00:00 UTC 2026,null,0.018733891558628812
Fri Feb 27 17:00:00 UTC 2026,null,0.01836758467372057
Fri Feb 27 18:00:00 UTC 2026,null,0.01831304611587914
Fri Feb 27 19:00:00 UTC 2026,null,0.023588564738137308
Fri Feb 27 20:00:00 UTC 2026,null,0.020987905766382653
Sun Mar 01 21:00:00 UTC 2026,null,0.015483755784815756
Sun Mar 01 22:00:00 UTC 2026,null,0.018073475309601683
Sun Mar 01 23:00:00 UTC 2026,null,0.01856219144732929
Mon Mar 02 00:00:00 UTC 2026,null,0.020872049914095747
Mon Mar 02 01:00:00 UTC 2026,null,0.020074783174643507
Mon Mar 02 02:00:00 UTC 2026,null,0.02099814274731404
Mon Mar 02 03:00:00 UTC 2026,null,0.021547884143858553
Mon Mar 02 04:00:00 UTC 2026,null,0.02188806450908931
Mon Mar 02 05:00:00 UTC 2026,null,0.019495335120467416
Mon Mar 02 06:00:00 UTC 2026,null,0.022946899019822276
Mon Mar 02 07:00:00 UTC 2026,null,0.02459246968415396
Mon Mar 02 08:00:00 UTC 2026,null,0.023938876681933507
Mon Mar 02 09:00:00 UTC 2026,null,0.022054995192062776
Mon Mar 02 10:00:00 UTC 2026,null,0.030240307187010096
Mon Mar 02 11:00:00 UTC 2026,null,0.031028204266209336
Mon Mar 02 12:00:00 UTC 2026,null,0.029153596540266946
Mon Mar 02 13:00:00 UTC 2026,null,0.03077975718049686
Mon Mar 02 14:00:00 UTC 2026,null,0.02952531209999254
Mon Mar 02 15:00:00 UTC 2026,null,0.024015232565089306
Mon Mar 02 16:00:00 UTC 2026,null,0.025374159866612622
Mon Mar 02 17:00:00 UTC 2026,null,0.020853084568623004
Mon Mar 02 18:00:00 UTC 2026,null,0.022744571167025995
Mon Mar 02 19:00:00 UTC 2026,null,0.02299932202681898
Mon Mar 02 20:00:00 UTC 2026,null,0.024899353526585344
Mon Mar 02 21:00:00 UTC 2026,null,0.02552139239429696
Mon Mar 02 22:00:00 UTC 2026,null,0.021317324101411295
Mon Mar 02 23:00:00 UTC 2026,null,0.023885090351851268
Tue Mar 03 00:00:00 UTC 2026,null,0.022390399249591297
Tue Mar 03 01:00:00 UTC 2026,null,0.02197689575791184
Tue Mar 03 02:00:00 UTC 2026,null,0.02192682988900785
Tue Mar 03 03:00:00 UTC 2026,null,0.025591109623357866
Tue Mar 03 04:00:00 UTC 2026,null,0.022049846358863867
Tue Mar 03 05:00:00 UTC 2026,null,0.023818600654352373
Tue Mar 03 06:00:00 UTC 2026,null,0.0248757893987559
Tue Mar 03 07:00:00 UTC 2026,null,0.027093577940191516
Tue Mar 03 08:00:00 UTC 2026,null,0.02783867979337451
Tue Mar 03 09:00:00 UTC 2026,null,0.022897396351098998
Tue Mar 03 10:00:00 UTC 2026,null,0.02592356476524671
Tue Mar 03 11:00:00 UTC 2026,null,0.0273442263297774
Tue Mar 03 12:00:00 UTC 2026,null,0.027549131117757142
Tue Mar 03 13:00:00 UTC 2026,null,0.028627851681095606
Tue Mar 03 14:00:00 UTC 2026,null,0.025465576698642245
Tue Mar 03 15:00:00 UTC 2026,null,0.025779032510241606
Tue Mar 03 16:00:00 UTC 2026,null,0.021075854900368896
Tue Mar 03 17:00:00 UTC 2026,null,0.021435710837467425
Tue Mar 03 18:00:00 UTC 2026,null,0.019864925662489874
Tue Mar 03 19:00:00 UTC 2026,null,0.022950330216667147
Tue Mar 03 20:00:00 UTC 2026,null,0.02517892319638282
Tue Mar 03 21:00:00 UTC 2026,null,0.025499290416348686
Tue Mar 03 22:00:00 UTC 2026,null,0.02801593469538588
Tue Mar 03 23:00:00 UTC 2026,null,0.0278616762410957
Wed Mar 04 00:00:00 UTC 2026,null,0.023302966213045728
Wed Mar 04 01:00:00 UTC 2026,null,0.02309399492023001
Wed Mar 04 02:00:00 UTC 2026,null,0.018671300207411257
Wed Mar 04 03:00:00 UTC 2026,null,0.02481465661959703
Wed Mar 04 04:00:00 UTC 2026,null,0.02400598983302693
Wed Mar 04 05:00:00 UTC 2026,null,0.02607639610253809
Wed Mar 04 06:00:00 UTC 2026,null,0.025746467931401895
Wed Mar 04 07:00:00 UTC 2026,null,0.024048161482072672
Wed Mar 04 08:00:00 UTC 2026,null,0.027227848668857746
Wed Mar 04 09:00:00 UTC 2026,null,0.02125547357651758
Wed Mar 04 10:00:00 UTC 2026,null,0.02578685290545213
Wed Mar 04 11:00:00 UTC 2026,null,0.02451229113773845
Wed Mar 04 12:00:00 UTC 2026,null,0.021352596595322737
Wed Mar 04 13:00:00 UTC 2026,null,0.017497468208877542
Wed Mar 04 14:00:00 UTC 2026,null,0.019337610196922483
Wed Mar 04 15:00:00 UTC 2026,null,0.01700033787410682
Wed Mar 04 16:00:00 UTC 2026,null,0.01806032816217673
Wed Mar 04 17:00:00 UTC 2026,null,0.021601693133096234
Wed Mar 04 18:00:00 UTC 2026,null,0.019648410015958184
Wed Mar 04 19:00:00 UTC 2026,null,0.02406702778749814
Wed Mar 04 20:00:00 UTC 2026,null,0.019831677541605863
Wed Mar 04 21:00:00 UTC 2026,null,0.017488874004467192
Wed Mar 04 22:00:00 UTC 2026,null,0.021467504234182755
Wed Mar 04 23:00:00 UTC 2026,null,0.013599171261927445
Thu Mar 05 00:00:00 UTC 2026,null,0.02130031553122702
Thu Mar 05 01:00:00 UTC 2026,null,0.02095894067131887
Thu Mar 05 02:00:00 UTC 2026,null,0.025236797053453053
Thu Mar 05 03:00:00 UTC 2026,null,0.027102593509725104
Thu Mar 05 04:00:00 UTC 2026,null,0.027961351833199366
Thu Mar 05 05:00:00 UTC 2026,null,0.027670433421921103
Thu Mar 05 06:00:00 UTC 2026,null,0.027682224424109947
Thu Mar 05 07:00:00 UTC 2026,null,0.022188237625133667
Thu Mar 05 08:00:00 UTC 2026,null,0.020010727217064428
Thu Mar 05 09:00:00 UTC 2026,null,0.027442812964257435
Thu Mar 05 10:00:00 UTC 2026,null,0.027454779132265017
Thu Mar 05 11:00:00 UTC 2026,null,0.026822342065689675
Thu Mar 05 12:00:00 UTC 2026,null,0.028126464336076573
Thu Mar 05 13:00:00 UTC 2026,null,0.031017844685150564
Thu Mar 05 14:00:00 UTC 2026,null,0.03437460785445534
Thu Mar 05 15:00:00 UTC 2026,null,0.034912827609580255
Thu Mar 05 16:00:00 UTC 2026,null,0.03737735371060946
Thu Mar 05 17:00:00 UTC 2026,null,0.03111078949309576
Thu Mar 05 18:00:00 UTC 2026,null,0.03512023878433368
Thu Mar 05 19:00:00 UTC 2026,null,0.03869323003909475
Thu Mar 05 20:00:00 UTC 2026,null,0.03610426977586201
Thu Mar 05 21:00:00 UTC 2026,null,0.03290328929636388
Thu Mar 05 22:00:00 UTC 2026,null,0.033203664464847016
Thu Mar 05 23:00:00 UTC 2026,null,0.03539919753275722
Fri Mar 06 00:00:00 UTC 2026,null,0.03342129453728582
Fri Mar 06 01:00:00 UTC 2026,null,0.03584546870080629
Fri Mar 06 02:00:00 UTC 2026,null,0.03348350741321404
Fri Mar 06 03:00:00 UTC 2026,null,0.030779185643303286
Fri Mar 06 04:00:00 UTC 2026,null,0.03389747779080121
Fri Mar 06 05:00:00 UTC 2026,null,0.03668346305534875
Fri Mar 06 06:00:00 UTC 2026,null,0.03399070103209123
Fri Mar 06 07:00:00 UTC 2026,null,0.03352502518990086
Fri Mar 06 08:00:00 UTC 2026,null,0.03209489025235168
Fri Mar 06 09:00:00 UTC 2026,null,0.02709168559263997
Fri Mar 06 10:00:00 UTC 2026,null,0.03136993649353226
Fri Mar 06 11:00:00 UTC 2026,null,0.03501660090481895
Fri Mar 06 12:00:00 UTC 2026,null,0.03624943311971407
Fri Mar 06 13:00:00 UTC 2026,null,0.028283548608471598
Fri Mar 06 14:00:00 UTC 2026,null,0.036547536628430244
Fri Mar 06 15:00:00 UTC 2026,null,0.027549074809862795
Fri Mar 06 16:00:00 UTC 2026,null,0.0235397929282124
Fri Mar 06 17:00:00 UTC 2026,null,0.03244769000627912
Fri Mar 06 18:00:00 UTC 2026,null,0.033006879312804216
Fri Mar 06 19:00:00 UTC 2026,null,0.02942265378455655
Fri Mar 06 20:00:00 UTC 2026,null,0.028046538302519686
Sun Mar 08 21:00:00 UTC 2026,null,0.02962073068635629
Sun Mar 08 22:00:00 UTC 2026,null,0.02909237443965562
Sun Mar 08 23:00:00 UTC 2026,null,0.02982646013019874
Mon Mar 09 00:00:00 UTC 2026,null,0.028935610854428973
Mon Mar 09 01:00:00 UTC 2026,null,0.031008386618172068
Mon Mar 09 02:00:00 UTC 2026,null,0.03070785973122092
Mon Mar 09 03:00:00 UTC 2026,null,0.03380436008596277
Mon Mar 09 04:00:00 UTC 2026,null,0.031287404973990185
Mon Mar 09 05:00:00 UTC 2026,null,0.029682040627466932
Mon Mar 09 06:00:00 UTC 2026,null,0.0317742196548938
Mon Mar 09 07:00:00 UTC 2026,null,0.02791033845165014
Mon Mar 09 08:00:00 UTC 2026,null,0.03181567793573681
Mon Mar 09 09:00:00 UTC 2026,null,0.03243721534106925
Mon Mar 09 10:00:00 UTC 2026,null,0.03048002919571502
Mon Mar 09 11:00:00 UTC 2026,null,0.0338665926633368
Mon Mar 09 12:00:00 UTC 2026,null,0.03425982618887069
Mon Mar 09 13:00:00 UTC 2026,null,0.02961912683671919
Mon Mar 09 14:00:00 UTC 2026,null,0.035586069790961794
Mon Mar 09 15:00:00 UTC 2026,null,0.02843845033883241
Mon Mar 09 16:00:00 UTC 2026,null,0.03457055726993907
Mon Mar 09 17:00:00 UTC 2026,null,0.03213673223808389
