date,va,P_Kweek_6_Kday_-10_ETE_66_ORD_69_EXT_85_E2Ekor_83_EXTkor_66_DIFF_25
Thu Feb 19 06:00:00 UTC 2026,null,0.0029549232048662333
Thu Feb 19 07:00:00 UTC 2026,null,0.006833245292336088
Thu Feb 19 08:00:00 UTC 2026,null,0.006969655677090181
Thu Feb 19 09:00:00 UTC 2026,null,0.006019344321323672
Thu Feb 19 10:00:00 UTC 2026,null,0.018195254716305787
Thu Feb 19 11:00:00 UTC 2026,null,0.015950410264462533
Thu Feb 19 12:00:00 UTC 2026,null,0.01605129953128559
Thu Feb 19 13:00:00 UTC 2026,null,0.013580028132873956
Thu Feb 19 14:00:00 UTC 2026,null,0.010952416935900988
Thu Feb 19 15:00:00 UTC 2026,null,0.016750398514906895
Thu Feb 19 16:00:00 UTC 2026,null,0.01678603204423501
Thu Feb 19 17:00:00 UTC 2026,null,0.013126620489153584
Thu Feb 19 18:00:00 UTC 2026,null,0.0065198915575948035
Thu Feb 19 19:00:00 UTC 2026,null,0.010127176317920927
Thu Feb 19 20:00:00 UTC 2026,null,0.012245070734364205
Thu Feb 19 21:00:00 UTC 2026,null,0.013334316740917451
Thu Feb 19 22:00:00 UTC 2026,null,0.017201762495059114
Thu Feb 19 23:00:00 UTC 2026,null,0.01186090248714411
Fri Feb 20 00:00:00 UTC 2026,null,0.009392607920948759
Fri Feb 20 01:00:00 UTC 2026,null,0.009515405360766671
Fri Feb 20 02:00:00 UTC 2026,null,0.010763843859421751
Fri Feb 20 03:00:00 UTC 2026,null,0.013081154977059306
Fri Feb 20 04:00:00 UTC 2026,null,0.008663192550090404
Fri Feb 20 05:00:00 UTC 2026,null,0.013781124944892476
Fri Feb 20 06:00:00 UTC 2026,null,0.017434802234451485
Fri Feb 20 07:00:00 UTC 2026,null,0.011361547270558603
Fri Feb 20 08:00:00 UTC 2026,null,0.0049810817652362616
Fri Feb 20 09:00:00 UTC 2026,null,0.016306146258965537
Fri Feb 20 10:00:00 UTC 2026,null,0.016910906247848967
Fri Feb 20 11:00:00 UTC 2026,null,0.01330179716074964
Fri Feb 20 12:00:00 UTC 2026,null,0.018609213242648526
Fri Feb 20 13:00:00 UTC 2026,null,0.02210153177345786
Fri Feb 20 14:00:00 UTC 2026,null,0.021323199953429572
Fri Feb 20 15:00:00 UTC 2026,null,0.01965453917229132
Fri Feb 20 16:00:00 UTC 2026,null,0.019110412460624726
Fri Feb 20 17:00:00 UTC 2026,null,0.015051080077127299
Fri Feb 20 18:00:00 UTC 2026,null,0.013294410352492125
Fri Feb 20 19:00:00 UTC 2026,null,0.016696065055711973
Fri Feb 20 20:00:00 UTC 2026,null,0.016648677938164713
Sun Feb 22 21:00:00 UTC 2026,null,0.017808955623859646
Sun Feb 22 22:00:00 UTC 2026,null,0.017481081765235995
Sun Feb 22 23:00:00 UTC 2026,null,0.01977701628272177
Mon Feb 23 00:00:00 UTC 2026,null,0.016898010616448023
Mon Feb 23 01:00:00 UTC 2026,null,0.017541692705111966
Mon Feb 23 02:00:00 UTC 2026,null,0.01953197331321288
Mon Feb 23 03:00:00 UTC 2026,null,0.013786174281490648
Mon Feb 23 04:00:00 UTC 2026,null,0.021729671826167696
Mon Feb 23 05:00:00 UTC 2026,null,0.020865769003151513
Mon Feb 23 06:00:00 UTC 2026,null,0.018580321423949275
Mon Feb 23 07:00:00 UTC 2026,null,0.011084887311939795
Mon Feb 23 08:00:00 UTC 2026,null,0.008171780367343562
Mon Feb 23 09:00:00 UTC 2026,null,0.01597192646115797
Mon Feb 23 10:00:00 UTC 2026,null,0.019222123546693393
Mon Feb 23 11:00:00 UTC 2026,null,0.021402543140418562
Mon Feb 23 12:00:00 UTC 2026,null,0.013093710921797452
Mon Feb 23 13:00:00 UTC 2026,null,0.023311343347756086
Mon Feb 23 14:00:00 UTC 2026,null,0.02025969924122517
Mon Feb 23 15:00:00 UTC 2026,null,0.014043610434456788
Mon Feb 23 16:00:00 UTC 2026,null,0.014759202840528118
Mon Feb 23 17:00:00 UTC 2026,null,0.01321011827276486
Mon Feb 23 18:00:00 UTC 2026,null,0.010945715770928732
Mon Feb 23 19:00:00 UTC 2026,null,0.011693121817166752
Mon Feb 23 20:00:00 UTC 2026,null,0.013283329341532202
Mon Feb 23 21:00:00 UTC 2026,null,0.015197531832726874
Mon Feb 23 22:00:00 UTC 2026,null,0.017384292469354357
Mon Feb 23 23:00:00 UTC 2026,null,0.01879695036328899
Tue Feb 24 00:00:00 UTC 2026,null,0.018490308985536164
Tue Feb 24 01:00:00 UTC 2026,null,0.020263706962361905
Tue Feb 24 02:00:00 UTC 2026,null,0.022603042272162366
Tue Feb 24 03:00:00 UTC 2026,null,0.016148145274598402
Tue Feb 24 04:00:00 UTC 2026,null,0.017582117559425292
Tue Feb 24 05:00:00 UTC 2026,null,0.025681849521096645
Tue Feb 24 06:00:00 UTC 2026,null,0.022477010331112268
Tue Feb 24 07:00:00 UTC 2026,null,0.024141451008349524
Tue Feb 24 08:00:00 UTC 2026,null,0.027323866258572416
Tue Feb 24 09:00:00 UTC 2026,null,0.027559903504077443
Tue Feb 24 10:00:00 UTC 2026,null,0.016764650694017114
Tue Feb 24 11:00:00 UTC 2026,null,0.01763021262210973
Tue Feb 24 12:00:00 UTC 2026,null,0.019005944723570867
Tue Feb 24 13:00:00 UTC 2026,null,0.021632607779430213
Tue Feb 24 14:00:00 UTC 2026,null,0.022721579563036443
Tue Feb 24 15:00:00 UTC 2026,null,0.025483932209889204
Tue Feb 24 16:00:00 UTC 2026,null,0.021859371643146996
Tue Feb 24 17:00:00 UTC 2026,null,0.017568156342069763
Tue Feb 24 18:00:00 UTC 2026,null,0.016444627523684474
Tue Feb 24 19:00:00 UTC 2026,null,0.015442301642939249
Tue Feb 24 20:00:00 UTC 2026,null,0.020659857612430166
Tue Feb 24 21:00:00 UTC 2026,null,0.01594027568784373
Tue Feb 24 22:00:00 UTC 2026,null,0.017925330336172163
Tue Feb 24 23:00:00 UTC 2026,null,0.021350989821076194
Wed Feb 25 00:00:00 UTC 2026,null,0.016210608222020806
Wed Feb 25 01:00:00 UTC 2026,null,0.01468688102001181
Wed Feb 25 02:00:00 UTC 2026,null,0.008467774034305098
Wed Feb 25 03:00:00 UTC 2026,null,0.01397250084664936
Wed Feb 25 04:00:00 UTC 2026,null,0.0075251855511608845
Wed Feb 25 05:00:00 UTC 2026,null,0.014683488770733444
Wed Feb 25 06:00:00 UTC 2026,null,0.015670589391727052
Wed Feb 25 07:00:00 UTC 2026,null,0.014337082337990026
Wed Feb 25 08:00:00 UTC 2026,null,0.009407604976932493
Wed Feb 25 09:00:00 UTC 2026,null,0.007552242885271454
Wed Feb 25 10:00:00 UTC 2026,null,0.00933731033588403
Wed Feb 25 11:00:00 UTC 2026,null,0.012765191983327373
Wed Feb 25 12:00:00 UTC 2026,null,0.014484568833271982
Wed Feb 25 13:00:00 UTC 2026,null,0.011856914658983086
Wed Feb 25 14:00:00 UTC 2026,null,0.012341439358933837
Wed Feb 25 15:00:00 UTC 2026,null,0.00859296258486486
Wed Feb 25 16:00:00 UTC 2026,null,0.01466797629378025
Wed Feb 25 17:00:00 UTC 2026,null,0.015694526469961723
Wed Feb 25 18:00:00 UTC 2026,null,0.006114571871988161
Wed Feb 25 19:00:00 UTC 2026,null,0.009804215393789395
Wed Feb 25 20:00:00 UTC 2026,null,0.0054122599340304944
Wed Feb 25 21:00:00 UTC 2026,null,0.008958489325880503
Wed Feb 25 22:00:00 UTC 2026,null,0.01165086027179596
Wed Feb 25 23:00:00 UTC 2026,null,0.008850030747174387
Thu Feb 26 00:00:00 UTC 2026,null,0.01105880529322123
Thu Feb 26 01:00:00 UTC 2026,null,0.00846444366709953
Thu Feb 26 02:00:00 UTC 2026,null,0.0025175699928650097
Thu Feb 26 03:00:00 UTC 2026,null,0.005317314858801936
Thu Feb 26 04:00:00 UTC 2026,null,0.00606024188951082
Thu Feb 26 05:00:00 UTC 2026,null,0.007258104116306896
Thu Feb 26 06:00:00 UTC 2026,null,0.007213439110216324
Thu Feb 26 07:00:00 UTC 2026,null,0.008809910211948768
Thu Feb 26 08:00:00 UTC 2026,null,0.006707396133853738
Thu Feb 26 09:00:00 UTC 2026,null,0.0048296959149034535
Thu Feb 26 10:00:00 UTC 2026,null,0.010355614082481868
Thu Feb 26 11:00:00 UTC 2026,null,0.004160169574880079
Thu Feb 26 12:00:00 UTC 2026,null,0.004218429808154678
Thu Feb 26 13:00:00 UTC 2026,null,0.002572440961116307
Thu Feb 26 14:00:00 UTC 2026,null,0.002166963611450079
Thu Feb 26 15:00:00 UTC 2026,null,0.005386405454203658
Thu Feb 26 16:00:00 UTC 2026,null,0.009961083048364738
Thu Feb 26 17:00:00 UTC 2026,null,0.010741647031248469
Thu Feb 26 18:00:00 UTC 2026,null,0.009034226268557877
Thu Feb 26 19:00:00 UTC 2026,null,0.007160271358795711
Thu Feb 26 20:00:00 UTC 2026,null,0.0068553608886503525
Thu Feb 26 21:00:00 UTC 2026,null,0.011228076770428697
Thu Feb 26 22:00:00 UTC 2026,null,0.007033421186994904
Thu Feb 26 23:00:00 UTC 2026,null,0.011880975336957977
Fri Feb 27 00:00:00 UTC 2026,null,0.011202487194924782
Fri Feb 27 01:00:00 UTC 2026,null,0.011473622458677113
Fri Feb 27 02:00:00 UTC 2026,null,0.015458728531364319
Fri Feb 27 03:00:00 UTC 2026,null,0.017080462750086678
Fri Feb 27 04:00:00 UTC 2026,null,0.017063116348422724
Fri Feb 27 05:00:00 UTC 2026,null,0.01785269871090156
Fri Feb 27 06:00:00 UTC 2026,null,0.020065205898802674
Fri Feb 27 07:00:00 UTC 2026,null,0.017122179037865504
Fri Feb 27 08:00:00 UTC 2026,null,0.022856909838455675
Fri Feb 27 09:00:00 UTC 2026,null,0.01957881704713671
Fri Feb 27 10:00:00 UTC 2026,null,0.016498094855788903
Fri Feb 27 11:00:00 UTC 2026,null,0.015959166136649383
Fri Feb 27 12:00:00 UTC 2026,null,0.019640063663725726
Fri Feb 27 13:00:00 UTC 2026,null,0.017878475708395403
Fri Feb 27 14:00:00 UTC 2026,null,0.01996420389125353
Fri Feb 27 15:00:00 UTC 2026,null,0.020896943462740847
Fri Feb 27 16:00:00 UTC 2026,null,0.018540972558595215
Fri Feb 27 17:00:00 UTC 2026,null,0.012087792620370852
Fri Feb 27 18:00:00 UTC 2026,null,0.015273995302526266
Fri Feb 27 19:00:00 UTC 2026,null,0.01596461673163363
Fri Feb 27 20:00:00 UTC 2026,null,0.018476199005661442
Sun Mar 01 21:00:00 UTC 2026,null,0.01922926624899013
Sun Mar 01 22:00:00 UTC 2026,null,0.016568786984146655
Sun Mar 01 23:00:00 UTC 2026,null,0.01592033172981111
Mon Mar 02 00:00:00 UTC 2026,null,0.017532180862333213
Mon Mar 02 01:00:00 UTC 2026,null,0.01692668571355771
Mon Mar 02 02:00:00 UTC 2026,null,0.011735019962856974
Mon Mar 02 03:00:00 UTC 2026,null,0.010875891593418174
Mon Mar 02 04:00:00 UTC 2026,null,0.01517578776328854
Mon Mar 02 05:00:00 UTC 2026,null,0.011698196056789456
Mon Mar 02 06:00:00 UTC 2026,null,0.01783152109387398
Mon Mar 02 07:00:00 UTC 2026,null,0.020252391855526408
Mon Mar 02 08:00:00 UTC 2026,null,0.02310917399941248
Mon Mar 02 09:00:00 UTC 2026,null,0.02665271532454705
Mon Mar 02 10:00:00 UTC 2026,null,0.027073581857247397
Mon Mar 02 11:00:00 UTC 2026,null,0.019085302597622977
Mon Mar 02 12:00:00 UTC 2026,null,0.016973567566900716
Mon Mar 02 13:00:00 UTC 2026,null,0.021161226738041883
Mon Mar 02 14:00:00 UTC 2026,null,0.017390444656665505
Mon Mar 02 15:00:00 UTC 2026,null,0.020022109535037025
Mon Mar 02 16:00:00 UTC 2026,null,0.017992948830979127
Mon Mar 02 17:00:00 UTC 2026,null,0.014237137128557897
Mon Mar 02 18:00:00 UTC 2026,null,0.017467023362486067
Mon Mar 02 19:00:00 UTC 2026,null,0.01599160122618226
Mon Mar 02 20:00:00 UTC 2026,null,0.015437455832897129
Mon Mar 02 21:00:00 UTC 2026,null,0.016280210751472346
Mon Mar 02 22:00:00 UTC 2026,null,0.020826393277742383
Mon Mar 02 23:00:00 UTC 2026,null,0.01882918271155276
Tue Mar 03 00:00:00 UTC 2026,null,0.013394243404111439
Tue Mar 03 01:00:00 UTC 2026,null,0.01490061130257736
Tue Mar 03 02:00:00 UTC 2026,null,0.015265681235519857
Tue Mar 03 03:00:00 UTC 2026,null,0.015654164199224052
Tue Mar 03 04:00:00 UTC 2026,null,0.01515012264361948
Tue Mar 03 05:00:00 UTC 2026,null,0.017502884525121498
Tue Mar 03 06:00:00 UTC 2026,null,0.020191540314745016
Tue Mar 03 07:00:00 UTC 2026,null,0.019034739278774193
Tue Mar 03 08:00:00 UTC 2026,null,0.013297383660515028
Tue Mar 03 09:00:00 UTC 2026,null,0.009707868531908748
Tue Mar 03 10:00:00 UTC 2026,null,0.010224810074520807
Tue Mar 03 11:00:00 UTC 2026,null,0.00860179881612222
Tue Mar 03 12:00:00 UTC 2026,null,0.011226638093740249
Tue Mar 03 13:00:00 UTC 2026,null,0.00981245496293548
Tue Mar 03 14:00:00 UTC 2026,null,0.0024184144230074978
Tue Mar 03 15:00:00 UTC 2026,null,0.006676254764143685
Tue Mar 03 16:00:00 UTC 2026,null,0.012189953582316004
Tue Mar 03 17:00:00 UTC 2026,null,0.011131041895505955
Tue Mar 03 18:00:00 UTC 2026,null,0.011369039899710387
Tue Mar 03 19:00:00 UTC 2026,null,0.012228633207644002
Tue Mar 03 20:00:00 UTC 2026,null,0.008430716853568665
Tue Mar 03 21:00:00 UTC 2026,null,0.011363433925087207
Tue Mar 03 22:00:00 UTC 2026,null,0.013764713048003419
Tue Mar 03 23:00:00 UTC 2026,null,0.007596141360472597
Wed Mar 04 00:00:00 UTC 2026,null,0.00982200883099038
Wed Mar 04 01:00:00 UTC 2026,null,0.011262924335559976
Wed Mar 04 02:00:00 UTC 2026,null,0.014515906693088443
Wed Mar 04 03:00:00 UTC 2026,null,0.011402952246315046
Wed Mar 04 04:00:00 UTC 2026,null,0.01596399773319268
Wed Mar 04 05:00:00 UTC 2026,null,0.014915828468888392
Wed Mar 04 06:00:00 UTC 2026,null,0.013023869882072603
Wed Mar 04 07:00:00 UTC 2026,null,0.014372064827569364
Wed Mar 04 08:00:00 UTC 2026,null,0.017198667468407258
Wed Mar 04 09:00:00 UTC 2026,null,0.021595570500262617
Wed Mar 04 10:00:00 UTC 2026,null,0.017658918762809783
Wed Mar 04 11:00:00 UTC 2026,null,0.018736058364204666
Wed Mar 04 12:00:00 UTC 2026,null,0.022063821415950535
Wed Mar 04 13:00:00 UTC 2026,null,0.013049048435354038
Wed Mar 04 14:00:00 UTC 2026,null,0.008416474527622508
Wed Mar 04 15:00:00 UTC 2026,null,0.00936472673858324
Wed Mar 04 16:00:00 UTC 2026,null,0.007127967369847443
Wed Mar 04 17:00:00 UTC 2026,null,0.004096102922029221
Wed Mar 04 18:00:00 UTC 2026,null,-0.002175983710174023
Wed Mar 04 19:00:00 UTC 2026,null,-7.769380119704294E-4
Wed Mar 04 20:00:00 UTC 2026,null,0.0025206690517300956
Wed Mar 04 21:00:00 UTC 2026,null,0.0029068626936110675
Wed Mar 04 22:00:00 UTC 2026,null,0.003413059382785466
Wed Mar 04 23:00:00 UTC 2026,null,0.005444841375712439
Thu Mar 05 00:00:00 UTC 2026,null,0.007484054229978554
Thu Mar 05 01:00:00 UTC 2026,null,0.009273156952169792
Thu Mar 05 02:00:00 UTC 2026,null,0.006539590230262959
Thu Mar 05 03:00:00 UTC 2026,null,0.00910796234256539
Thu Mar 05 04:00:00 UTC 2026,null,0.0059662863443255
Thu Mar 05 05:00:00 UTC 2026,null,0.0070840298504233346
Thu Mar 05 06:00:00 UTC 2026,null,0.011452243859923605
Thu Mar 05 07:00:00 UTC 2026,null,0.0033190357565611173
Thu Mar 05 08:00:00 UTC 2026,null,0.008155737114367678
Thu Mar 05 09:00:00 UTC 2026,null,0.012096501497505852
Thu Mar 05 10:00:00 UTC 2026,null,0.0073698027459032645
Thu Mar 05 11:00:00 UTC 2026,null,0.0099463781826441
Thu Mar 05 12:00:00 UTC 2026,null,0.009468473623988949
Thu Mar 05 13:00:00 UTC 2026,null,0.005105580570918367
Thu Mar 05 14:00:00 UTC 2026,null,0.00760544634510385
Thu Mar 05 15:00:00 UTC 2026,null,0.009659444666189287
Thu Mar 05 16:00:00 UTC 2026,null,0.007358471742227479
Thu Mar 05 17:00:00 UTC 2026,null,0.008868080977435966
Thu Mar 05 18:00:00 UTC 2026,null,0.011763602446260624
Thu Mar 05 19:00:00 UTC 2026,null,0.013162445443462012
Thu Mar 05 20:00:00 UTC 2026,null,0.015088469876077593
Thu Mar 05 21:00:00 UTC 2026,null,0.009256975731958494
Thu Mar 05 22:00:00 UTC 2026,null,0.005210569395598608
Thu Mar 05 23:00:00 UTC 2026,null,0.004874614381884523
Fri Mar 06 00:00:00 UTC 2026,null,0.004334854602406235
Fri Mar 06 01:00:00 UTC 2026,null,6.732336039414477E-4
Fri Mar 06 02:00:00 UTC 2026,null,0.003002853895032409
Fri Mar 06 03:00:00 UTC 2026,null,0.008675727622928786
Fri Mar 06 04:00:00 UTC 2026,null,0.006639632695490505
Fri Mar 06 05:00:00 UTC 2026,null,0.00589451184645462
Fri Mar 06 06:00:00 UTC 2026,null,0.007991918885102756
Fri Mar 06 07:00:00 UTC 2026,null,0.014431050521991562
Fri Mar 06 08:00:00 UTC 2026,null,0.008983160926166356
Fri Mar 06 09:00:00 UTC 2026,null,0.009477124380739443
Fri Mar 06 10:00:00 UTC 2026,null,0.011378406817349251
Fri Mar 06 11:00:00 UTC 2026,null,0.009406534498034524
Fri Mar 06 12:00:00 UTC 2026,null,0.011030082732314206
Fri Mar 06 13:00:00 UTC 2026,null,0.005981697289723531
Fri Mar 06 14:00:00 UTC 2026,null,0.011534031022701452
Fri Mar 06 15:00:00 UTC 2026,null,0.006020223582973827
Fri Mar 06 16:00:00 UTC 2026,null,0.011048307692025805
Fri Mar 06 17:00:00 UTC 2026,null,0.008204536340226998
Fri Mar 06 18:00:00 UTC 2026,null,0.01424938287237687
Fri Mar 06 19:00:00 UTC 2026,null,0.014965643556757335
Fri Mar 06 20:00:00 UTC 2026,null,0.013371950604475824
Sun Mar 08 21:00:00 UTC 2026,null,0.01893416580152474
Sun Mar 08 22:00:00 UTC 2026,null,0.014810859441422686
Sun Mar 08 23:00:00 UTC 2026,null,0.014599855898063119
Mon Mar 09 00:00:00 UTC 2026,null,0.020230601197459563
Mon Mar 09 01:00:00 UTC 2026,null,0.023759448025789
Mon Mar 09 02:00:00 UTC 2026,null,0.023531614329475037
Mon Mar 09 03:00:00 UTC 2026,null,0.02403259941523528
Mon Mar 09 04:00:00 UTC 2026,null,0.02150488612101853
Mon Mar 09 05:00:00 UTC 2026,null,0.025962831721300983
Mon Mar 09 06:00:00 UTC 2026,null,0.022711721734847146
Mon Mar 09 07:00:00 UTC 2026,null,0.018073640906770105
Mon Mar 09 08:00:00 UTC 2026,null,0.023468057447818325
Mon Mar 09 09:00:00 UTC 2026,null,0.022742978868523167
Mon Mar 09 10:00:00 UTC 2026,null,0.020698712459616075
Mon Mar 09 11:00:00 UTC 2026,null,0.027194490539458105
Mon Mar 09 12:00:00 UTC 2026,null,0.022685925745272062
Mon Mar 09 13:00:00 UTC 2026,null,0.024254336953085875
Mon Mar 09 14:00:00 UTC 2026,null,0.02071994548162559
Mon Mar 09 15:00:00 UTC 2026,null,0.023346424745890992
Mon Mar 09 16:00:00 UTC 2026,null,0.023850465606473303
Mon Mar 09 17:00:00 UTC 2026,null,0.0250215505000555
Mon Mar 09 18:00:00 UTC 2026,null,0.02694707659273554
Mon Mar 09 19:00:00 UTC 2026,null,0.02463160923113028
Mon Mar 09 20:00:00 UTC 2026,null,0.024135095607394685
Mon Mar 09 21:00:00 UTC 2026,null,0.027877561646042714
Mon Mar 09 22:00:00 UTC 2026,null,0.02837842791821954
Mon Mar 09 23:00:00 UTC 2026,null,0.026173458347428014
Tue Mar 10 00:00:00 UTC 2026,null,0.02515947178964284
Tue Mar 10 01:00:00 UTC 2026,null,0.031139057264323977
Tue Mar 10 02:00:00 UTC 2026,null,0.028253841038508032
Tue Mar 10 03:00:00 UTC 2026,null,0.024370350180500377
Tue Mar 10 04:00:00 UTC 2026,null,0.027428281797262866
Tue Mar 10 05:00:00 UTC 2026,null,0.025152755674101357
Tue Mar 10 06:00:00 UTC 2026,null,0.019866818870982073
