date,va,P_Kweek_-21_Kday_0_ETE_70_ORD_72_EXT_84_E2Ekor_84_EXTkor_62_DIFF_24
Sun Feb 15 21:00:00 UTC 2026,null,0.1031361370334718
Sun Feb 15 22:00:00 UTC 2026,null,0.09453017824357257
Sun Feb 15 23:00:00 UTC 2026,null,0.10256769456358139
Mon Feb 16 00:00:00 UTC 2026,null,0.10594388249668718
Mon Feb 16 01:00:00 UTC 2026,null,0.11258371755475238
Mon Feb 16 02:00:00 UTC 2026,null,0.11205600967683171
Mon Feb 16 03:00:00 UTC 2026,null,0.11215502041140368
Mon Feb 16 04:00:00 UTC 2026,null,0.11284698351034361
Mon Feb 16 05:00:00 UTC 2026,null,0.11351258306256984
Mon Feb 16 06:00:00 UTC 2026,null,0.11243328604659197
Mon Feb 16 07:00:00 UTC 2026,null,0.1089003189726272
Mon Feb 16 08:00:00 UTC 2026,null,0.10923765453689782
Mon Feb 16 09:00:00 UTC 2026,null,0.10671491485855356
Mon Feb 16 10:00:00 UTC 2026,null,0.10529072528623917
Mon Feb 16 11:00:00 UTC 2026,null,0.10494980025968559
Mon Feb 16 12:00:00 UTC 2026,null,0.10656838154433768
Mon Feb 16 13:00:00 UTC 2026,null,0.1063400652932911
Mon Feb 16 14:00:00 UTC 2026,null,0.1073814768620256
Mon Feb 16 15:00:00 UTC 2026,null,0.10689008394743471
Mon Feb 16 16:00:00 UTC 2026,null,0.11073475570142399
Mon Feb 16 17:00:00 UTC 2026,null,0.10921198505988183
Mon Feb 16 18:00:00 UTC 2026,null,0.11005084832562062
Mon Feb 16 19:00:00 UTC 2026,null,0.1104842048412813
Mon Feb 16 20:00:00 UTC 2026,null,0.11128664747505645
Mon Feb 16 21:00:00 UTC 2026,null,0.10334132383903327
Mon Feb 16 22:00:00 UTC 2026,null,0.0981406879022293
Mon Feb 16 23:00:00 UTC 2026,null,0.1051104468234838
Tue Feb 17 00:00:00 UTC 2026,null,0.10718413236559865
Tue Feb 17 01:00:00 UTC 2026,null,0.10668485307376763
Tue Feb 17 02:00:00 UTC 2026,null,0.10638321758414637
Tue Feb 17 03:00:00 UTC 2026,null,0.11293435266150187
Tue Feb 17 04:00:00 UTC 2026,null,0.11572141828254967
Tue Feb 17 05:00:00 UTC 2026,null,0.1145158558186159
Tue Feb 17 06:00:00 UTC 2026,null,0.1133567243181286
Tue Feb 17 07:00:00 UTC 2026,null,0.11259262967974504
Tue Feb 17 08:00:00 UTC 2026,null,0.10796266624449213
Tue Feb 17 09:00:00 UTC 2026,null,0.11209954135959332
Tue Feb 17 10:00:00 UTC 2026,null,0.11591763835885338
Tue Feb 17 11:00:00 UTC 2026,null,0.11440412350967133
Tue Feb 17 12:00:00 UTC 2026,null,0.11807807134139914
Tue Feb 17 13:00:00 UTC 2026,null,0.11340988391747242
Tue Feb 17 14:00:00 UTC 2026,null,0.11830883703957085
Tue Feb 17 15:00:00 UTC 2026,null,0.11997424954977554
Tue Feb 17 16:00:00 UTC 2026,null,0.1110522584884901
Tue Feb 17 17:00:00 UTC 2026,null,0.10748130112131626
Tue Feb 17 18:00:00 UTC 2026,null,0.11068352449714247
Tue Feb 17 19:00:00 UTC 2026,null,0.113231326114267
Tue Feb 17 20:00:00 UTC 2026,null,0.11196626657428244
Tue Feb 17 21:00:00 UTC 2026,null,0.1097352869922883
Tue Feb 17 22:00:00 UTC 2026,null,0.10837249923079728
Tue Feb 17 23:00:00 UTC 2026,null,0.11124707306348558
Wed Feb 18 00:00:00 UTC 2026,null,0.11366531792849166
Wed Feb 18 01:00:00 UTC 2026,null,0.11179315929181577
Wed Feb 18 02:00:00 UTC 2026,null,0.11357814080817175
Wed Feb 18 03:00:00 UTC 2026,null,0.10960574383225818
Wed Feb 18 04:00:00 UTC 2026,null,0.11272209218698936
Wed Feb 18 05:00:00 UTC 2026,null,0.11567308525538067
Wed Feb 18 06:00:00 UTC 2026,null,0.11813019704751415
Wed Feb 18 07:00:00 UTC 2026,null,0.11852537456319823
Wed Feb 18 08:00:00 UTC 2026,null,0.11579128596869737
Wed Feb 18 09:00:00 UTC 2026,null,0.10968550633001062
Wed Feb 18 10:00:00 UTC 2026,null,0.11322266993633257
Wed Feb 18 11:00:00 UTC 2026,null,0.1140340068010941
Wed Feb 18 12:00:00 UTC 2026,null,0.11166156996213239
Wed Feb 18 13:00:00 UTC 2026,null,0.1139541352057254
Wed Feb 18 14:00:00 UTC 2026,null,0.11185299938206228
Wed Feb 18 15:00:00 UTC 2026,null,0.111694865944302
Wed Feb 18 16:00:00 UTC 2026,null,0.1107267234412328
Wed Feb 18 17:00:00 UTC 2026,null,0.11484344425022819
Wed Feb 18 18:00:00 UTC 2026,null,0.11424565417827015
Wed Feb 18 19:00:00 UTC 2026,null,0.1139543915172947
Wed Feb 18 20:00:00 UTC 2026,null,0.11258298713078574
Wed Feb 18 21:00:00 UTC 2026,null,0.10597139068745065
Wed Feb 18 22:00:00 UTC 2026,null,0.10185470877920544
Wed Feb 18 23:00:00 UTC 2026,null,0.104681399117446
Thu Feb 19 00:00:00 UTC 2026,null,0.11280339148977792
Thu Feb 19 01:00:00 UTC 2026,null,0.1074371099161473
Thu Feb 19 02:00:00 UTC 2026,null,0.10598696933949636
Thu Feb 19 03:00:00 UTC 2026,null,0.10555882626134494
Thu Feb 19 04:00:00 UTC 2026,null,0.10717795243996431
Thu Feb 19 05:00:00 UTC 2026,null,0.10349705423854427
Thu Feb 19 06:00:00 UTC 2026,null,0.1019117641464149
Thu Feb 19 07:00:00 UTC 2026,null,0.10110096422439963
Thu Feb 19 08:00:00 UTC 2026,null,0.10447242574716586
Thu Feb 19 09:00:00 UTC 2026,null,0.10283925660879412
Thu Feb 19 10:00:00 UTC 2026,null,0.10654903371530011
Thu Feb 19 11:00:00 UTC 2026,null,0.10610886100946004
Thu Feb 19 12:00:00 UTC 2026,null,0.108788378782255
Thu Feb 19 13:00:00 UTC 2026,null,0.10886542145167954
Thu Feb 19 14:00:00 UTC 2026,null,0.10879404511902724
Thu Feb 19 15:00:00 UTC 2026,null,0.11237532712874465
Thu Feb 19 16:00:00 UTC 2026,null,0.1096491028969826
Thu Feb 19 17:00:00 UTC 2026,null,0.10394621208549193
Thu Feb 19 18:00:00 UTC 2026,null,0.10321190137785141
Thu Feb 19 19:00:00 UTC 2026,null,0.10204346352940341
Thu Feb 19 20:00:00 UTC 2026,null,0.1055858100811422
Thu Feb 19 21:00:00 UTC 2026,null,0.10032150075400903
Thu Feb 19 22:00:00 UTC 2026,null,0.09641209793645977
Thu Feb 19 23:00:00 UTC 2026,null,0.1001148340018494
Fri Feb 20 00:00:00 UTC 2026,null,0.10233718573180006
Fri Feb 20 01:00:00 UTC 2026,null,0.1057844492433091
Fri Feb 20 02:00:00 UTC 2026,null,0.10634370854974673
Fri Feb 20 03:00:00 UTC 2026,null,0.10291508404196481
Fri Feb 20 04:00:00 UTC 2026,null,0.1052769646209688
Fri Feb 20 05:00:00 UTC 2026,null,0.10770956838129919
Fri Feb 20 06:00:00 UTC 2026,null,0.105218642355279
Fri Feb 20 07:00:00 UTC 2026,null,0.10454939769019944
Fri Feb 20 08:00:00 UTC 2026,null,0.10783846701785027
Fri Feb 20 09:00:00 UTC 2026,null,0.10576901746177025
Fri Feb 20 10:00:00 UTC 2026,null,0.10892670825317019
Fri Feb 20 11:00:00 UTC 2026,null,0.11099406348839658
Fri Feb 20 12:00:00 UTC 2026,null,0.1108961020820125
Fri Feb 20 13:00:00 UTC 2026,null,0.1123466026537514
Fri Feb 20 14:00:00 UTC 2026,null,0.11161386855341959
Fri Feb 20 15:00:00 UTC 2026,null,0.1108323855047244
Fri Feb 20 16:00:00 UTC 2026,null,0.11100807086042419
Fri Feb 20 17:00:00 UTC 2026,null,0.1097795373699082
Fri Feb 20 18:00:00 UTC 2026,null,0.10829266421306993
Fri Feb 20 19:00:00 UTC 2026,null,0.10527637967949577
Fri Feb 20 20:00:00 UTC 2026,null,0.10442868330915722
Fri Feb 20 21:00:00 UTC 2026,null,-0.11139419399445671
Fri Feb 20 22:00:00 UTC 2026,null,-0.11139419399445671
Fri Feb 20 23:00:00 UTC 2026,null,-0.11139419399445671
Sat Feb 21 00:00:00 UTC 2026,null,-0.11139419399445671
Sat Feb 21 01:00:00 UTC 2026,null,-0.11139419399445671
Sat Feb 21 02:00:00 UTC 2026,null,-0.11139419399445671
Sat Feb 21 03:00:00 UTC 2026,null,-0.11139419399445671
Sat Feb 21 04:00:00 UTC 2026,null,-0.11139419399445671
Sat Feb 21 05:00:00 UTC 2026,null,-0.11139419399445671
Sat Feb 21 06:00:00 UTC 2026,null,-0.11139419399445671
Sat Feb 21 07:00:00 UTC 2026,null,-0.11139419399445671
Sat Feb 21 08:00:00 UTC 2026,null,-0.11139419399445671
Sat Feb 21 09:00:00 UTC 2026,null,-0.11139419399445671
Sat Feb 21 10:00:00 UTC 2026,null,-0.11139419399445671
Sat Feb 21 11:00:00 UTC 2026,null,-0.11139419399445671
Sat Feb 21 12:00:00 UTC 2026,null,-0.11139419399445671
Sat Feb 21 13:00:00 UTC 2026,null,-0.11139419399445671
Sat Feb 21 14:00:00 UTC 2026,null,-0.11139419399445671
Sat Feb 21 15:00:00 UTC 2026,null,-0.11139419399445671
Sat Feb 21 16:00:00 UTC 2026,null,-0.11139419399445671
Sat Feb 21 17:00:00 UTC 2026,null,-0.11139419399445671
Sat Feb 21 18:00:00 UTC 2026,null,-0.11139419399445671
Sat Feb 21 19:00:00 UTC 2026,null,-0.11139419399445671
Sat Feb 21 20:00:00 UTC 2026,null,-0.11139419399445671
Sat Feb 21 21:00:00 UTC 2026,null,-0.11139419399445671
Sat Feb 21 22:00:00 UTC 2026,null,-0.11139419399445671
Sat Feb 21 23:00:00 UTC 2026,null,-0.11139419399445671
Sun Feb 22 00:00:00 UTC 2026,null,-0.11139419399445671
Sun Feb 22 01:00:00 UTC 2026,null,-0.11139419399445671
Sun Feb 22 02:00:00 UTC 2026,null,-0.11139419399445671
Sun Feb 22 03:00:00 UTC 2026,null,-0.11139419399445671
Sun Feb 22 04:00:00 UTC 2026,null,-0.11139419399445671
Sun Feb 22 05:00:00 UTC 2026,null,-0.11139419399445671
Sun Feb 22 06:00:00 UTC 2026,null,-0.11139419399445671
Sun Feb 22 07:00:00 UTC 2026,null,-0.11139419399445671
Sun Feb 22 08:00:00 UTC 2026,null,-0.11139419399445671
Sun Feb 22 09:00:00 UTC 2026,null,-0.11139419399445671
Sun Feb 22 10:00:00 UTC 2026,null,-0.11139419399445671
Sun Feb 22 11:00:00 UTC 2026,null,-0.11139419399445671
Sun Feb 22 12:00:00 UTC 2026,null,-0.11139419399445671
Sun Feb 22 13:00:00 UTC 2026,null,-0.11139419399445671
Sun Feb 22 14:00:00 UTC 2026,null,-0.11139419399445671
Sun Feb 22 15:00:00 UTC 2026,null,-0.11139419399445671
Sun Feb 22 16:00:00 UTC 2026,null,-0.11139419399445671
Sun Feb 22 17:00:00 UTC 2026,null,-0.11139419399445671
Sun Feb 22 18:00:00 UTC 2026,null,-0.11139419399445671
Sun Feb 22 19:00:00 UTC 2026,null,-0.11139419399445671
Sun Feb 22 20:00:00 UTC 2026,null,-0.11139419399445671
Sun Feb 22 21:00:00 UTC 2026,null,0.10134580538601234
Sun Feb 22 22:00:00 UTC 2026,null,0.09363634375837204
Sun Feb 22 23:00:00 UTC 2026,null,0.101408480858586
Mon Feb 23 00:00:00 UTC 2026,null,0.10482937915322843
Mon Feb 23 01:00:00 UTC 2026,null,0.10689714549345108
Mon Feb 23 02:00:00 UTC 2026,null,0.10590131749032228
Mon Feb 23 03:00:00 UTC 2026,null,0.10891549441269177
Mon Feb 23 04:00:00 UTC 2026,null,0.10472919247405699
Mon Feb 23 05:00:00 UTC 2026,null,0.10638952613534958
Mon Feb 23 06:00:00 UTC 2026,null,0.1081327712475657
Mon Feb 23 07:00:00 UTC 2026,null,0.10893781776063971
Mon Feb 23 08:00:00 UTC 2026,null,0.10824563273054366
Mon Feb 23 09:00:00 UTC 2026,null,0.10748921988451876
Mon Feb 23 10:00:00 UTC 2026,null,0.10935515779370508
Mon Feb 23 11:00:00 UTC 2026,null,0.10726161339983786
Mon Feb 23 12:00:00 UTC 2026,null,0.10908294162855547
Mon Feb 23 13:00:00 UTC 2026,null,0.11073585820848475
Mon Feb 23 14:00:00 UTC 2026,null,0.10939243539235921
Mon Feb 23 15:00:00 UTC 2026,null,0.10987364330396776
Mon Feb 23 16:00:00 UTC 2026,null,0.11361958044169373
Mon Feb 23 17:00:00 UTC 2026,null,0.1121529488716062
Mon Feb 23 18:00:00 UTC 2026,null,0.11098110941340522
Mon Feb 23 19:00:00 UTC 2026,null,0.10665298291218228
Mon Feb 23 20:00:00 UTC 2026,null,0.1087858759783229
Mon Feb 23 21:00:00 UTC 2026,null,0.10512309946899112
Mon Feb 23 22:00:00 UTC 2026,null,0.09865593561987929
Mon Feb 23 23:00:00 UTC 2026,null,0.10425791175007859
Tue Feb 24 00:00:00 UTC 2026,null,0.1059531056079912
Tue Feb 24 01:00:00 UTC 2026,null,0.10650732113276895
Tue Feb 24 02:00:00 UTC 2026,null,0.10588372390344158
Tue Feb 24 03:00:00 UTC 2026,null,0.11118416532684794
Tue Feb 24 04:00:00 UTC 2026,null,0.11251959753601604
Tue Feb 24 05:00:00 UTC 2026,null,0.11194759720912906
Tue Feb 24 06:00:00 UTC 2026,null,0.11075080527369519
Tue Feb 24 07:00:00 UTC 2026,null,0.10916565555278623
Tue Feb 24 08:00:00 UTC 2026,null,0.11143422670491887
Tue Feb 24 09:00:00 UTC 2026,null,0.11040274334640987
Tue Feb 24 10:00:00 UTC 2026,null,0.11128393564179806
Tue Feb 24 11:00:00 UTC 2026,null,0.10876543727842325
Tue Feb 24 12:00:00 UTC 2026,null,0.10818106622083867
Tue Feb 24 13:00:00 UTC 2026,null,0.10941084855165162
Tue Feb 24 14:00:00 UTC 2026,null,0.10735853065997691
Tue Feb 24 15:00:00 UTC 2026,null,0.11311999581773247
Tue Feb 24 16:00:00 UTC 2026,null,0.11119885532900486
Tue Feb 24 17:00:00 UTC 2026,null,0.10954765826371293
Tue Feb 24 18:00:00 UTC 2026,null,0.10913399287098446
Tue Feb 24 19:00:00 UTC 2026,null,0.11051616871731618
Tue Feb 24 20:00:00 UTC 2026,null,0.10856066428992328
Tue Feb 24 21:00:00 UTC 2026,null,0.10649647588055355
Tue Feb 24 22:00:00 UTC 2026,null,0.09423040008069172
Tue Feb 24 23:00:00 UTC 2026,null,0.10217846628797655
Wed Feb 25 00:00:00 UTC 2026,null,0.1084966214681673
Wed Feb 25 01:00:00 UTC 2026,null,0.10423978396750577
Wed Feb 25 02:00:00 UTC 2026,null,0.10805580014251781
Wed Feb 25 03:00:00 UTC 2026,null,0.10954173616416885
Wed Feb 25 04:00:00 UTC 2026,null,0.10663804785810704
Wed Feb 25 05:00:00 UTC 2026,null,0.11101851255960771
Wed Feb 25 06:00:00 UTC 2026,null,0.10659933780284181
Wed Feb 25 07:00:00 UTC 2026,null,0.10683633891527666
Wed Feb 25 08:00:00 UTC 2026,null,0.10924236596311765
Wed Feb 25 09:00:00 UTC 2026,null,0.11071046553409136
Wed Feb 25 10:00:00 UTC 2026,null,0.11314467233412628
Wed Feb 25 11:00:00 UTC 2026,null,0.11071889623045905
Wed Feb 25 12:00:00 UTC 2026,null,0.10881615901475605
Wed Feb 25 13:00:00 UTC 2026,null,0.10882833259959579
Wed Feb 25 14:00:00 UTC 2026,null,0.11057811803257867
Wed Feb 25 15:00:00 UTC 2026,null,0.10773010433799968
Wed Feb 25 16:00:00 UTC 2026,null,0.1070833017976387
Wed Feb 25 17:00:00 UTC 2026,null,0.1105399976495578
Wed Feb 25 18:00:00 UTC 2026,null,0.10853189533180707
Wed Feb 25 19:00:00 UTC 2026,null,0.10922431914600583
Wed Feb 25 20:00:00 UTC 2026,null,0.11140785689564936
Wed Feb 25 21:00:00 UTC 2026,null,0.10667667803859615
Wed Feb 25 22:00:00 UTC 2026,null,0.09745765863987277
Wed Feb 25 23:00:00 UTC 2026,null,0.10457692092290127
Thu Feb 26 00:00:00 UTC 2026,null,0.10813980838010107
Thu Feb 26 01:00:00 UTC 2026,null,0.10873091756975217
Thu Feb 26 02:00:00 UTC 2026,null,0.10637150301282094
Thu Feb 26 03:00:00 UTC 2026,null,0.10675157213697606
Thu Feb 26 04:00:00 UTC 2026,null,0.10614566919425972
Thu Feb 26 05:00:00 UTC 2026,null,0.10815857174129828
Thu Feb 26 06:00:00 UTC 2026,null,0.1091778603670237
Thu Feb 26 07:00:00 UTC 2026,null,0.10886221104038718
Thu Feb 26 08:00:00 UTC 2026,null,0.11318418947766062
Thu Feb 26 09:00:00 UTC 2026,null,0.1088826470043669
Thu Feb 26 10:00:00 UTC 2026,null,0.1116535095468345
Thu Feb 26 11:00:00 UTC 2026,null,0.11025680773544533
Thu Feb 26 12:00:00 UTC 2026,null,0.11071393911449956
Thu Feb 26 13:00:00 UTC 2026,null,0.108898108311279
Thu Feb 26 14:00:00 UTC 2026,null,0.10650373796963741
Thu Feb 26 15:00:00 UTC 2026,null,0.11098290517429277
Thu Feb 26 16:00:00 UTC 2026,null,0.10879783235515017
Thu Feb 26 17:00:00 UTC 2026,null,0.11048269020761303
Thu Feb 26 18:00:00 UTC 2026,null,0.1114961288612184
Thu Feb 26 19:00:00 UTC 2026,null,0.11116788693929447
Thu Feb 26 20:00:00 UTC 2026,null,0.11050337043847769
Thu Feb 26 21:00:00 UTC 2026,null,0.10764588194896074
Thu Feb 26 22:00:00 UTC 2026,null,0.10611369044432806
Thu Feb 26 23:00:00 UTC 2026,null,0.10698692000124232
Fri Feb 27 00:00:00 UTC 2026,null,0.11358194676330235
Fri Feb 27 01:00:00 UTC 2026,null,0.11247710709920344
Fri Feb 27 02:00:00 UTC 2026,null,0.11332491788492849
Fri Feb 27 03:00:00 UTC 2026,null,0.11807318465995387
Fri Feb 27 04:00:00 UTC 2026,null,0.12168296913680798
Fri Feb 27 05:00:00 UTC 2026,null,0.12150562811880494
Fri Feb 27 06:00:00 UTC 2026,null,0.1219068952770872
Fri Feb 27 07:00:00 UTC 2026,null,0.11926351490648823
Fri Feb 27 08:00:00 UTC 2026,null,0.11771149008800297
Fri Feb 27 09:00:00 UTC 2026,null,0.11718537358280745
Fri Feb 27 10:00:00 UTC 2026,null,0.1172906091315511
Fri Feb 27 11:00:00 UTC 2026,null,0.11708698426824693
Fri Feb 27 12:00:00 UTC 2026,null,0.11634429388493839
Fri Feb 27 13:00:00 UTC 2026,null,0.11565322070225204
Fri Feb 27 14:00:00 UTC 2026,null,0.1119234784983405
Fri Feb 27 15:00:00 UTC 2026,null,0.11592929871811464
Fri Feb 27 16:00:00 UTC 2026,null,0.11527754780254806
Fri Feb 27 17:00:00 UTC 2026,null,0.11686931085966368
Fri Feb 27 18:00:00 UTC 2026,null,0.11550170677541072
Fri Feb 27 19:00:00 UTC 2026,null,0.11759292787731201
Fri Feb 27 20:00:00 UTC 2026,null,0.11563356896848642
Fri Feb 27 21:00:00 UTC 2026,null,-0.08873153809576628
Fri Feb 27 22:00:00 UTC 2026,null,-0.08873153809576628
Fri Feb 27 23:00:00 UTC 2026,null,-0.08873153809576628
Sat Feb 28 00:00:00 UTC 2026,null,-0.08873153809576628
Sat Feb 28 01:00:00 UTC 2026,null,-0.08873153809576628
Sat Feb 28 02:00:00 UTC 2026,null,-0.08873153809576628
Sat Feb 28 03:00:00 UTC 2026,null,-0.08873153809576628
Sat Feb 28 04:00:00 UTC 2026,null,-0.08873153809576628
Sat Feb 28 05:00:00 UTC 2026,null,-0.08873153809576628
Sat Feb 28 06:00:00 UTC 2026,null,-0.08873153809576628
Sat Feb 28 07:00:00 UTC 2026,null,-0.08873153809576628
Sat Feb 28 08:00:00 UTC 2026,null,-0.08873153809576628
Sat Feb 28 09:00:00 UTC 2026,null,-0.08873153809576628
Sat Feb 28 10:00:00 UTC 2026,null,-0.08873153809576628
Sat Feb 28 11:00:00 UTC 2026,null,-0.08873153809576628
Sat Feb 28 12:00:00 UTC 2026,null,-0.08873153809576628
Sat Feb 28 13:00:00 UTC 2026,null,-0.08873153809576628
Sat Feb 28 14:00:00 UTC 2026,null,-0.08873153809576628
Sat Feb 28 15:00:00 UTC 2026,null,-0.08873153809576628
Sat Feb 28 16:00:00 UTC 2026,null,-0.08873153809576628
Sat Feb 28 17:00:00 UTC 2026,null,-0.08873153809576628
Sat Feb 28 18:00:00 UTC 2026,null,-0.08873153809576628
Sat Feb 28 19:00:00 UTC 2026,null,-0.08873153809576628
Sat Feb 28 20:00:00 UTC 2026,null,-0.08873153809576628
Sat Feb 28 21:00:00 UTC 2026,null,-0.08873153809576628
Sat Feb 28 22:00:00 UTC 2026,null,-0.08873153809576628
Sat Feb 28 23:00:00 UTC 2026,null,-0.08873153809576628
Sun Mar 01 00:00:00 UTC 2026,null,-0.08873153809576628
Sun Mar 01 01:00:00 UTC 2026,null,-0.08873153809576628
Sun Mar 01 02:00:00 UTC 2026,null,-0.08873153809576628
Sun Mar 01 03:00:00 UTC 2026,null,-0.08873153809576628
Sun Mar 01 04:00:00 UTC 2026,null,-0.08873153809576628
Sun Mar 01 05:00:00 UTC 2026,null,-0.08873153809576628
Sun Mar 01 06:00:00 UTC 2026,null,-0.08873153809576628
Sun Mar 01 07:00:00 UTC 2026,null,-0.08873153809576628
Sun Mar 01 08:00:00 UTC 2026,null,-0.08873153809576628
Sun Mar 01 09:00:00 UTC 2026,null,-0.08873153809576628
Sun Mar 01 10:00:00 UTC 2026,null,-0.08873153809576628
Sun Mar 01 11:00:00 UTC 2026,null,-0.08873153809576628
Sun Mar 01 12:00:00 UTC 2026,null,-0.08873153809576628
Sun Mar 01 13:00:00 UTC 2026,null,-0.08873153809576628
Sun Mar 01 14:00:00 UTC 2026,null,-0.08873153809576628
Sun Mar 01 15:00:00 UTC 2026,null,-0.08873153809576628
Sun Mar 01 16:00:00 UTC 2026,null,-0.08873153809576628
Sun Mar 01 17:00:00 UTC 2026,null,-0.08873153809576628
Sun Mar 01 18:00:00 UTC 2026,null,-0.08873153809576628
Sun Mar 01 19:00:00 UTC 2026,null,-0.08873153809576628
Sun Mar 01 20:00:00 UTC 2026,null,-0.08873153809576628
Sun Mar 01 21:00:00 UTC 2026,null,0.11410375319698485
Sun Mar 01 22:00:00 UTC 2026,null,0.10269782538621364
Sun Mar 01 23:00:00 UTC 2026,null,0.11151827842668016
Mon Mar 02 00:00:00 UTC 2026,null,0.11811301982614353
Mon Mar 02 01:00:00 UTC 2026,null,0.12211051603300493
Mon Mar 02 02:00:00 UTC 2026,null,0.12222866984805769
Mon Mar 02 03:00:00 UTC 2026,null,0.12230699490719577
Mon Mar 02 04:00:00 UTC 2026,null,0.1208871394598976
Mon Mar 02 05:00:00 UTC 2026,null,0.11829074011312546
Mon Mar 02 06:00:00 UTC 2026,null,0.11934250380987788
Mon Mar 02 07:00:00 UTC 2026,null,0.11911243491533874
Mon Mar 02 08:00:00 UTC 2026,null,0.1191781360665436
Mon Mar 02 09:00:00 UTC 2026,null,0.12190640747711257
Mon Mar 02 10:00:00 UTC 2026,null,0.12193883216944723
Mon Mar 02 11:00:00 UTC 2026,null,0.12172209662529454
Mon Mar 02 12:00:00 UTC 2026,null,0.12111745734081136
Mon Mar 02 13:00:00 UTC 2026,null,0.12280709904508225
Mon Mar 02 14:00:00 UTC 2026,null,0.126107298983122
Mon Mar 02 15:00:00 UTC 2026,null,0.11944107725103414
Mon Mar 02 16:00:00 UTC 2026,null,0.12205069030471538
Mon Mar 02 17:00:00 UTC 2026,null,0.11902696379727384
Mon Mar 02 18:00:00 UTC 2026,null,0.11721905480014616
Mon Mar 02 19:00:00 UTC 2026,null,0.12132132451604871
Mon Mar 02 20:00:00 UTC 2026,null,0.11896776121853847
Mon Mar 02 21:00:00 UTC 2026,null,0.1181920614132892
Mon Mar 02 22:00:00 UTC 2026,null,0.11379496943554113
Mon Mar 02 23:00:00 UTC 2026,null,0.11441272083558385
Tue Mar 03 00:00:00 UTC 2026,null,0.11926362658396084
Tue Mar 03 01:00:00 UTC 2026,null,0.1208213580783335
Tue Mar 03 02:00:00 UTC 2026,null,0.12069627424277929
Tue Mar 03 03:00:00 UTC 2026,null,0.12054518174334117
Tue Mar 03 04:00:00 UTC 2026,null,0.12024947816846954
Tue Mar 03 05:00:00 UTC 2026,null,0.12080815306620885
Tue Mar 03 06:00:00 UTC 2026,null,0.12136661372941315
Tue Mar 03 07:00:00 UTC 2026,null,0.12018375571439321
Tue Mar 03 08:00:00 UTC 2026,null,0.12015098248651235
Tue Mar 03 09:00:00 UTC 2026,null,0.12115658842855126
Tue Mar 03 10:00:00 UTC 2026,null,0.11765307443959205
Tue Mar 03 11:00:00 UTC 2026,null,0.12040740007986717
Tue Mar 03 12:00:00 UTC 2026,null,0.11982887519705976
Tue Mar 03 13:00:00 UTC 2026,null,0.12043365224516123
Tue Mar 03 14:00:00 UTC 2026,null,0.11807405547890149
Tue Mar 03 15:00:00 UTC 2026,null,0.11832343487257457
Tue Mar 03 16:00:00 UTC 2026,null,0.11890203928629894
Tue Mar 03 17:00:00 UTC 2026,null,0.11873774447736007
Tue Mar 03 18:00:00 UTC 2026,null,0.11985518387876137
Tue Mar 03 19:00:00 UTC 2026,null,0.11819195717220232
Tue Mar 03 20:00:00 UTC 2026,null,0.11794224829773281
Tue Mar 03 21:00:00 UTC 2026,null,0.11407767530791357
Tue Mar 03 22:00:00 UTC 2026,null,0.11220567415455474
Tue Mar 03 23:00:00 UTC 2026,null,0.1105078124295531
Wed Mar 04 00:00:00 UTC 2026,null,0.11692988297847684
Wed Mar 04 01:00:00 UTC 2026,null,0.1164239237235023
Wed Mar 04 02:00:00 UTC 2026,null,0.11726548669464432
Wed Mar 04 03:00:00 UTC 2026,null,0.11749536250596382
Wed Mar 04 04:00:00 UTC 2026,null,0.1200918811509597
Wed Mar 04 05:00:00 UTC 2026,null,0.11657458863149284
Wed Mar 04 06:00:00 UTC 2026,null,0.11806716001965256
Wed Mar 04 07:00:00 UTC 2026,null,0.1182972495288368
Wed Mar 04 08:00:00 UTC 2026,null,0.12011172055311281
Wed Mar 04 09:00:00 UTC 2026,null,0.11973692970827088
Wed Mar 04 10:00:00 UTC 2026,null,0.1228534703164037
Wed Mar 04 11:00:00 UTC 2026,null,0.11588383741759944
Wed Mar 04 12:00:00 UTC 2026,null,0.11536466384511357
Wed Mar 04 13:00:00 UTC 2026,null,0.12258351310365079
Wed Mar 04 14:00:00 UTC 2026,null,0.11814578439207946
Wed Mar 04 15:00:00 UTC 2026,null,0.1210054236748137
Wed Mar 04 16:00:00 UTC 2026,null,0.1187310015257772
Wed Mar 04 17:00:00 UTC 2026,null,0.11921096202599912
Wed Mar 04 18:00:00 UTC 2026,null,0.12143344139122103
Wed Mar 04 19:00:00 UTC 2026,null,0.12141342744493322
Wed Mar 04 20:00:00 UTC 2026,null,0.126837756320211
Wed Mar 04 21:00:00 UTC 2026,null,0.11968432910151705
Wed Mar 04 22:00:00 UTC 2026,null,0.12074928560205933
Wed Mar 04 23:00:00 UTC 2026,null,0.11827088932887264
Thu Mar 05 00:00:00 UTC 2026,null,0.12415586337179363
Thu Mar 05 01:00:00 UTC 2026,null,0.12471404942213571
Thu Mar 05 02:00:00 UTC 2026,null,0.1252733235602177
Thu Mar 05 03:00:00 UTC 2026,null,0.12491037068249788
Thu Mar 05 04:00:00 UTC 2026,null,0.12496967719412666
Thu Mar 05 05:00:00 UTC 2026,null,0.12460891970844212
Thu Mar 05 06:00:00 UTC 2026,null,0.12408884225619143
Thu Mar 05 07:00:00 UTC 2026,null,0.1218597245554669
Thu Mar 05 08:00:00 UTC 2026,null,0.12343132043292027
Thu Mar 05 09:00:00 UTC 2026,null,0.12368780505814314
Thu Mar 05 10:00:00 UTC 2026,null,0.12285261405921943
Thu Mar 05 11:00:00 UTC 2026,null,0.12093984518733247
Thu Mar 05 12:00:00 UTC 2026,null,0.12089377595258721
Thu Mar 05 13:00:00 UTC 2026,null,0.12092015230514264
Thu Mar 05 14:00:00 UTC 2026,null,0.1217291945321648
Thu Mar 05 15:00:00 UTC 2026,null,0.1280928734914415
Thu Mar 05 16:00:00 UTC 2026,null,0.12477851653629646
Thu Mar 05 17:00:00 UTC 2026,null,0.12451525992049106
Thu Mar 05 18:00:00 UTC 2026,null,0.11685110237714369
Thu Mar 05 19:00:00 UTC 2026,null,0.12207051113391909
Thu Mar 05 20:00:00 UTC 2026,null,0.11948052372790752
Thu Mar 05 21:00:00 UTC 2026,null,0.11877740161279604
Thu Mar 05 22:00:00 UTC 2026,null,0.10875426739263894
Thu Mar 05 23:00:00 UTC 2026,null,0.1164906703121753
Fri Mar 06 00:00:00 UTC 2026,null,0.11894161260586689
Fri Mar 06 01:00:00 UTC 2026,null,0.1224051176466796
Fri Mar 06 02:00:00 UTC 2026,null,0.12322536355686875
Fri Mar 06 03:00:00 UTC 2026,null,0.1197696857246493
Fri Mar 06 04:00:00 UTC 2026,null,0.12149128157182787
Fri Mar 06 05:00:00 UTC 2026,null,0.12125487147932201
Fri Mar 06 06:00:00 UTC 2026,null,0.12005884720264337
Fri Mar 06 07:00:00 UTC 2026,null,0.12258853058377817
Fri Mar 06 08:00:00 UTC 2026,null,0.12354837409812092
Fri Mar 06 09:00:00 UTC 2026,null,0.12329205527714837
Fri Mar 06 10:00:00 UTC 2026,null,0.12434986000006898
Fri Mar 06 11:00:00 UTC 2026,null,0.12749913721191053
Fri Mar 06 12:00:00 UTC 2026,null,0.12380568355462973
