date,P_Kweek_-30_Kday_34_ETE_70_ORD_68_EXT_84_E2Ekor_83_EXTkor_69_DIFF_23
Mon Feb 09 09:00:00 UTC 2026,1.3636762294383684
Mon Feb 09 10:00:00 UTC 2026,1.3636757752972275
Mon Feb 09 11:00:00 UTC 2026,1.3636760559251326
Mon Feb 09 12:00:00 UTC 2026,1.3636758680046606
Mon Feb 09 13:00:00 UTC 2026,1.3636758185189362
Mon Feb 09 14:00:00 UTC 2026,1.3636760496611169
Mon Feb 09 15:00:00 UTC 2026,1.363675685095401
Mon Feb 09 16:00:00 UTC 2026,1.3636757226794953
Mon Feb 09 17:00:00 UTC 2026,1.3636757596371882
Mon Feb 09 18:00:00 UTC 2026,1.363676068453164
Mon Feb 09 19:00:00 UTC 2026,1.3636759669761092
Mon Feb 09 20:00:00 UTC 2026,1.3636761029052507
Mon Feb 09 21:00:00 UTC 2026,1.3636760014281957
Mon Feb 09 22:00:00 UTC 2026,1.3636762275591636
Mon Feb 09 23:00:00 UTC 2026,1.3636762513624234
Tue Feb 10 00:00:00 UTC 2026,1.363676451810927
Tue Feb 10 01:00:00 UTC 2026,1.3636766315881785
Tue Feb 10 02:00:00 UTC 2026,1.3636765207151
Tue Feb 10 03:00:00 UTC 2026,1.3636765727064306
Tue Feb 10 04:00:00 UTC 2026,1.3636764950326357
Tue Feb 10 05:00:00 UTC 2026,1.363676609037722
Tue Feb 10 06:00:00 UTC 2026,1.363676562057604
Tue Feb 10 07:00:00 UTC 2026,1.3636760264842587
Tue Feb 10 08:00:00 UTC 2026,1.3636759600856918
Tue Feb 10 09:00:00 UTC 2026,1.363676208140715
Tue Feb 10 10:00:00 UTC 2026,1.36367615051177
Tue Feb 10 11:00:00 UTC 2026,1.363676209393518
Tue Feb 10 12:00:00 UTC 2026,1.3636761467533607
Tue Feb 10 13:00:00 UTC 2026,1.3636763897971713
Tue Feb 10 14:00:00 UTC 2026,1.363676171183022
Tue Feb 10 15:00:00 UTC 2026,1.3636755773543303
Tue Feb 10 16:00:00 UTC 2026,1.3636758730158731
Tue Feb 10 17:00:00 UTC 2026,1.3636758254093535
Tue Feb 10 18:00:00 UTC 2026,1.3636757846932512
Tue Feb 10 19:00:00 UTC 2026,1.363675260395134
Tue Feb 10 20:00:00 UTC 2026,1.3636753412009373
Tue Feb 10 21:00:00 UTC 2026,1.3636753318049135
Tue Feb 10 22:00:00 UTC 2026,1.3636753731474174
Tue Feb 10 23:00:00 UTC 2026,1.3636752942208192
Wed Feb 11 00:00:00 UTC 2026,1.3636752447350948
Wed Feb 11 01:00:00 UTC 2026,1.3636750850026935
Wed Feb 11 02:00:00 UTC 2026,1.3636754257651496
Wed Feb 11 03:00:00 UTC 2026,1.3636753117600633
Wed Feb 11 04:00:00 UTC 2026,1.3636755591886847
Wed Feb 11 05:00:00 UTC 2026,1.3636755466606534
Wed Feb 11 06:00:00 UTC 2026,1.3636754445571968
Wed Feb 11 07:00:00 UTC 2026,1.3636754495684094
Wed Feb 11 08:00:00 UTC 2026,1.3636752096566067
Wed Feb 11 09:00:00 UTC 2026,1.3636752021397878
Wed Feb 11 10:00:00 UTC 2026,1.3636751977549768
Wed Feb 11 11:00:00 UTC 2026,1.3636752998584334
Wed Feb 11 12:00:00 UTC 2026,1.3636752390974807
Wed Feb 11 13:00:00 UTC 2026,1.3636754884053068
Wed Feb 11 14:00:00 UTC 2026,1.363675263527142
Wed Feb 11 15:00:00 UTC 2026,1.3636751777101264
Wed Feb 11 16:00:00 UTC 2026,1.3636752741759688
Wed Feb 11 17:00:00 UTC 2026,1.3636753675098032
Wed Feb 11 18:00:00 UTC 2026,1.3636755128349682
Wed Feb 11 19:00:00 UTC 2026,1.3636754639756457
Wed Feb 11 20:00:00 UTC 2026,1.3636754144899212
Wed Feb 11 21:00:00 UTC 2026,1.3636752015133862
Wed Feb 11 22:00:00 UTC 2026,1.3636753142656695
Wed Feb 11 23:00:00 UTC 2026,1.3636753687626064
Thu Feb 12 00:00:00 UTC 2026,1.3636755842447477
Thu Feb 12 01:00:00 UTC 2026,1.3636753324313151
Thu Feb 12 02:00:00 UTC 2026,1.363675604289598
Thu Feb 12 03:00:00 UTC 2026,1.3636756581601333
Thu Feb 12 04:00:00 UTC 2026,1.363675425138748
Thu Feb 12 05:00:00 UTC 2026,1.3636753205296852
Thu Feb 12 06:00:00 UTC 2026,1.363675386928252
Thu Feb 12 07:00:00 UTC 2026,1.3636754965485274
Thu Feb 12 08:00:00 UTC 2026,1.36367524285589
Thu Feb 12 09:00:00 UTC 2026,1.36367543390837
Thu Feb 12 10:00:00 UTC 2026,1.3636754138635196
Thu Feb 12 11:00:00 UTC 2026,1.3636754952957242
Thu Feb 12 12:00:00 UTC 2026,1.3636756681825586
Thu Feb 12 13:00:00 UTC 2026,1.3636759763721327
Thu Feb 12 14:00:00 UTC 2026,1.3636755886295586
Thu Feb 12 15:00:00 UTC 2026,1.363675152027662
Thu Feb 12 16:00:00 UTC 2026,1.3636754871525039
Thu Feb 12 17:00:00 UTC 2026,1.363675460217236
Thu Feb 12 18:00:00 UTC 2026,1.3636754044674961
Thu Feb 12 19:00:00 UTC 2026,1.3636754890317084
Thu Feb 12 20:00:00 UTC 2026,1.3636754376667795
Thu Feb 12 21:00:00 UTC 2026,1.3636753029904412
Thu Feb 12 22:00:00 UTC 2026,1.3636754470628032
Thu Feb 12 23:00:00 UTC 2026,1.363675275428772
Fri Feb 13 00:00:00 UTC 2026,1.3636753167712758
Fri Feb 13 01:00:00 UTC 2026,1.363675314892071
Fri Feb 13 02:00:00 UTC 2026,1.3636754044674961
Fri Feb 13 03:00:00 UTC 2026,1.3636752961000238
Fri Feb 13 04:00:00 UTC 2026,1.3636751463900478
Fri Feb 13 05:00:00 UTC 2026,1.3636751908645595
Fri Feb 13 06:00:00 UTC 2026,1.3636752146678193
Fri Feb 13 07:00:00 UTC 2026,1.3636749835256388
Fri Feb 13 08:00:00 UTC 2026,1.363675250372709
Fri Feb 13 09:00:00 UTC 2026,1.3636753136392679
Fri Feb 13 10:00:00 UTC 2026,1.3636752115358115
Fri Feb 13 11:00:00 UTC 2026,1.363675304869646
Fri Feb 13 12:00:00 UTC 2026,1.3636750875083
Fri Feb 13 13:00:00 UTC 2026,1.3636749246438908
Fri Feb 13 14:00:00 UTC 2026,1.3636747661642927
Fri Feb 13 15:00:00 UTC 2026,1.363674764285088
Fri Feb 13 16:00:00 UTC 2026,1.363674931534308
Fri Feb 13 17:00:00 UTC 2026,1.3636749728768118
Fri Feb 13 18:00:00 UTC 2026,1.3636750442865913
Fri Feb 13 19:00:00 UTC 2026,1.3636752804399845
Fri Feb 13 20:00:00 UTC 2026,1.3636752816927877
Fri Feb 13 21:00:00 UTC 2026,1.3636752816927877
Fri Feb 13 22:00:00 UTC 2026,1.3636752816927877
Fri Feb 13 23:00:00 UTC 2026,1.3636752816927877
Sat Feb 14 00:00:00 UTC 2026,1.3636752816927877
Sat Feb 14 01:00:00 UTC 2026,1.3636752816927877
Sat Feb 14 02:00:00 UTC 2026,1.3636752816927877
Sat Feb 14 03:00:00 UTC 2026,1.3636752816927877
Sat Feb 14 04:00:00 UTC 2026,1.3636752816927877
Sat Feb 14 05:00:00 UTC 2026,1.3636752816927877
Sat Feb 14 06:00:00 UTC 2026,1.3636752816927877
Sat Feb 14 07:00:00 UTC 2026,1.3636752816927877
Sat Feb 14 08:00:00 UTC 2026,1.3636752816927877
Sat Feb 14 09:00:00 UTC 2026,1.3636752816927877
Sat Feb 14 10:00:00 UTC 2026,1.3636752816927877
Sat Feb 14 11:00:00 UTC 2026,1.3636752816927877
Sat Feb 14 12:00:00 UTC 2026,1.3636752816927877
Sat Feb 14 13:00:00 UTC 2026,1.3636752816927877
Sat Feb 14 14:00:00 UTC 2026,1.3636752816927877
Sat Feb 14 15:00:00 UTC 2026,1.3636752816927877
Sat Feb 14 16:00:00 UTC 2026,1.3636752816927877
Sat Feb 14 17:00:00 UTC 2026,1.3636752816927877
Sat Feb 14 18:00:00 UTC 2026,1.3636752816927877
Sat Feb 14 19:00:00 UTC 2026,1.3636752816927877
Sat Feb 14 20:00:00 UTC 2026,1.3636752816927877
Sat Feb 14 21:00:00 UTC 2026,1.3636752816927877
Sat Feb 14 22:00:00 UTC 2026,1.3636752816927877
Sat Feb 14 23:00:00 UTC 2026,1.3636752816927877
Sun Feb 15 00:00:00 UTC 2026,1.3636752816927877
Sun Feb 15 01:00:00 UTC 2026,1.3636752816927877
Sun Feb 15 02:00:00 UTC 2026,1.3636752816927877
Sun Feb 15 03:00:00 UTC 2026,1.3636752816927877
Sun Feb 15 04:00:00 UTC 2026,1.3636752816927877
Sun Feb 15 05:00:00 UTC 2026,1.3636752816927877
Sun Feb 15 06:00:00 UTC 2026,1.3636752816927877
Sun Feb 15 07:00:00 UTC 2026,1.3636752816927877
Sun Feb 15 08:00:00 UTC 2026,1.3636752816927877
Sun Feb 15 09:00:00 UTC 2026,1.3636752816927877
Sun Feb 15 10:00:00 UTC 2026,1.3636752816927877
Sun Feb 15 11:00:00 UTC 2026,1.3636752816927877
Sun Feb 15 12:00:00 UTC 2026,1.3636752816927877
Sun Feb 15 13:00:00 UTC 2026,1.3636752816927877
Sun Feb 15 14:00:00 UTC 2026,1.3636752816927877
Sun Feb 15 15:00:00 UTC 2026,1.3636752816927877
Sun Feb 15 16:00:00 UTC 2026,1.3636752816927877
Sun Feb 15 17:00:00 UTC 2026,1.3636752816927877
Sun Feb 15 18:00:00 UTC 2026,1.3636752816927877
Sun Feb 15 19:00:00 UTC 2026,1.3636752816927877
Sun Feb 15 20:00:00 UTC 2026,1.3636752816927877
Sun Feb 15 21:00:00 UTC 2026,1.3636750850026935
Sun Feb 15 22:00:00 UTC 2026,1.3636751745781186
Sun Feb 15 23:00:00 UTC 2026,1.3636751883589533
Mon Feb 16 00:00:00 UTC 2026,1.3636749165006703
Mon Feb 16 01:00:00 UTC 2026,1.3636750004384812
Mon Feb 16 02:00:00 UTC 2026,1.3636750323849613
Mon Feb 16 03:00:00 UTC 2026,1.3636753186504804
Mon Feb 16 04:00:00 UTC 2026,1.3636753361897245
Mon Feb 16 05:00:00 UTC 2026,1.3636752848247955
Mon Feb 16 06:00:00 UTC 2026,1.363675040528182
Mon Feb 16 07:00:00 UTC 2026,1.3636751852269453
Mon Feb 16 08:00:00 UTC 2026,1.3636746784680724
Mon Feb 16 09:00:00 UTC 2026,1.3636744855363878
Mon Feb 16 10:00:00 UTC 2026,1.3636745531877577
Mon Feb 16 11:00:00 UTC 2026,1.3636746051790882
Mon Feb 16 12:00:00 UTC 2026,1.3636745669685923
Mon Feb 16 13:00:00 UTC 2026,1.3636749071046468
Mon Feb 16 14:00:00 UTC 2026,1.3636750048232922
Mon Feb 16 15:00:00 UTC 2026,1.363674709788151
Mon Feb 16 16:00:00 UTC 2026,1.363674883301387
Mon Feb 16 17:00:00 UTC 2026,1.3636751088059533
Mon Feb 16 18:00:00 UTC 2026,1.3636749484471506
Mon Feb 16 19:00:00 UTC 2026,1.3636748532341114
Mon Feb 16 20:00:00 UTC 2026,1.3636746828528834
Mon Feb 16 21:00:00 UTC 2026,1.3636747874619461
Mon Feb 16 22:00:00 UTC 2026,1.3636749165006703
Mon Feb 16 23:00:00 UTC 2026,1.3636748501021034
Tue Feb 17 00:00:00 UTC 2026,1.363674752383458
Tue Feb 17 01:00:00 UTC 2026,1.3636750392753787
Tue Feb 17 02:00:00 UTC 2026,1.363674786209143
Tue Feb 17 03:00:00 UTC 2026,1.3636748645093397
Tue Feb 17 04:00:00 UTC 2026,1.3636747317122062
Tue Feb 17 05:00:00 UTC 2026,1.3636748093860012
Tue Feb 17 06:00:00 UTC 2026,1.3636746358727654
Tue Feb 17 07:00:00 UTC 2026,1.3636745632101828
Tue Feb 17 08:00:00 UTC 2026,1.3636744078625926
Tue Feb 17 09:00:00 UTC 2026,1.36367477305471
Tue Feb 17 10:00:00 UTC 2026,1.3636747987371745
Tue Feb 17 11:00:00 UTC 2026,1.3636748519813082
Tue Feb 17 12:00:00 UTC 2026,1.3636746521592062
Tue Feb 17 13:00:00 UTC 2026,1.3636746126959072
Tue Feb 17 14:00:00 UTC 2026,1.3636746891168992
Tue Feb 17 15:00:00 UTC 2026,1.363674573232608
Tue Feb 17 16:00:00 UTC 2026,1.363674555693364
Tue Feb 17 17:00:00 UTC 2026,1.3636745412861278
Tue Feb 17 18:00:00 UTC 2026,1.363674577617419
Tue Feb 17 19:00:00 UTC 2026,1.363674607058293
Tue Feb 17 20:00:00 UTC 2026,1.3636746377519702
Tue Feb 17 21:00:00 UTC 2026,1.3636747617794815
Tue Feb 17 22:00:00 UTC 2026,1.3636746941281117
Tue Feb 17 23:00:00 UTC 2026,1.3636747805715288
Wed Feb 18 00:00:00 UTC 2026,1.36367478495634
Wed Feb 18 01:00:00 UTC 2026,1.3636746252239387
Wed Feb 18 02:00:00 UTC 2026,1.36367494030393
Wed Feb 18 03:00:00 UTC 2026,1.3636749722504105
Wed Feb 18 04:00:00 UTC 2026,1.3636748858069931
Wed Feb 18 05:00:00 UTC 2026,1.3636746314879544
Wed Feb 18 06:00:00 UTC 2026,1.3636746822264818
Wed Feb 18 07:00:00 UTC 2026,1.3636745807494268
Wed Feb 18 08:00:00 UTC 2026,1.3636743577504666
Wed Feb 18 09:00:00 UTC 2026,1.3636745462973403
Wed Feb 18 10:00:00 UTC 2026,1.363674658423222
Wed Feb 18 11:00:00 UTC 2026,1.3636745406597262
Wed Feb 18 12:00:00 UTC 2026,1.3636744905476004
Wed Feb 18 13:00:00 UTC 2026,1.363674476140364
Wed Feb 18 14:00:00 UTC 2026,1.3636742111724984
Wed Feb 18 15:00:00 UTC 2026,1.3636744667443406
Wed Feb 18 16:00:00 UTC 2026,1.363674401598577
Wed Feb 18 17:00:00 UTC 2026,1.3636741372571128
Wed Feb 18 18:00:00 UTC 2026,1.3636740777489633
Wed Feb 18 19:00:00 UTC 2026,1.363674229338144
Wed Feb 18 20:00:00 UTC 2026,1.363674135377908
Wed Feb 18 21:00:00 UTC 2026,1.3636740827601759
Wed Feb 18 22:00:00 UTC 2026,1.3636740608361209
Wed Feb 18 23:00:00 UTC 2026,1.3636739230277748
Thu Feb 19 00:00:00 UTC 2026,1.3636742092932939
Thu Feb 19 01:00:00 UTC 2026,1.3636744786459705
Thu Feb 19 02:00:00 UTC 2026,1.363674338332018
Thu Feb 19 03:00:00 UTC 2026,1.3636742944839078
Thu Feb 19 04:00:00 UTC 2026,1.3636745024492303
Thu Feb 19 05:00:00 UTC 2026,1.3636743771689155
Thu Feb 19 06:00:00 UTC 2026,1.3636743182871676
Thu Feb 19 07:00:00 UTC 2026,1.3636743809273248
Thu Feb 19 08:00:00 UTC 2026,1.3636743433432306
Thu Feb 19 09:00:00 UTC 2026,1.3636744642387342
Thu Feb 19 10:00:00 UTC 2026,1.3636745594517734
Thu Feb 19 11:00:00 UTC 2026,1.3636743909497502
Thu Feb 19 12:00:00 UTC 2026,1.363674419137821
Thu Feb 19 13:00:00 UTC 2026,1.3636742963631125
Thu Feb 19 14:00:00 UTC 2026,1.3636741867428372
Thu Feb 19 15:00:00 UTC 2026,1.3636742287117425
Thu Feb 19 16:00:00 UTC 2026,1.3636744097417974
Thu Feb 19 17:00:00 UTC 2026,1.3636741147066562
Thu Feb 19 18:00:00 UTC 2026,1.3636742725598527
Thu Feb 19 19:00:00 UTC 2026,1.3636741040578295
Thu Feb 19 20:00:00 UTC 2026,1.363674236854963
Thu Feb 19 21:00:00 UTC 2026,1.3636739292917905
Thu Feb 19 22:00:00 UTC 2026,1.3636741334987035
Thu Feb 19 23:00:00 UTC 2026,1.3636740896505932
Fri Feb 20 00:00:00 UTC 2026,1.363673997569562
Fri Feb 20 01:00:00 UTC 2026,1.3636741629395774
Fri Feb 20 02:00:00 UTC 2026,1.3636741698299946
Fri Feb 20 03:00:00 UTC 2026,1.363673947457436
Fri Feb 20 04:00:00 UTC 2026,1.363674037032861
Fri Feb 20 05:00:00 UTC 2026,1.363673918016562
Fri Feb 20 06:00:00 UTC 2026,1.3636741804788215
Fri Feb 20 07:00:00 UTC 2026,1.3636740583305147
Fri Feb 20 08:00:00 UTC 2026,1.3636740909033964
Fri Feb 20 09:00:00 UTC 2026,1.3636743026271283
Fri Feb 20 10:00:00 UTC 2026,1.363674432292254
Fri Feb 20 11:00:00 UTC 2026,1.3636744830307814
Fri Feb 20 12:00:00 UTC 2026,1.363674219315719
Fri Feb 20 13:00:00 UTC 2026,1.3636742650430338
Fri Feb 20 14:00:00 UTC 2026,1.3636741591811679
Fri Feb 20 15:00:00 UTC 2026,1.3636741585547663
Fri Feb 20 16:00:00 UTC 2026,1.3636742612846244
Fri Feb 20 17:00:00 UTC 2026,1.3636740044599793
Fri Feb 20 18:00:00 UTC 2026,1.3636737777026096
Fri Feb 20 19:00:00 UTC 2026,1.3636739556006565
Fri Feb 20 20:00:00 UTC 2026,1.3636737708121924
Fri Feb 20 21:00:00 UTC 2026,1.3636737708121924
Fri Feb 20 22:00:00 UTC 2026,1.3636737708121924
Fri Feb 20 23:00:00 UTC 2026,1.3636737708121924
Sat Feb 21 00:00:00 UTC 2026,1.3636737708121924
Sat Feb 21 01:00:00 UTC 2026,1.3636737708121924
Sat Feb 21 02:00:00 UTC 2026,1.3636737708121924
Sat Feb 21 03:00:00 UTC 2026,1.3636737708121924
Sat Feb 21 04:00:00 UTC 2026,1.3636737708121924
Sat Feb 21 05:00:00 UTC 2026,1.3636737708121924
Sat Feb 21 06:00:00 UTC 2026,1.3636737708121924
Sat Feb 21 07:00:00 UTC 2026,1.3636737708121924
Sat Feb 21 08:00:00 UTC 2026,1.3636737708121924
Sat Feb 21 09:00:00 UTC 2026,1.3636737708121924
Sat Feb 21 10:00:00 UTC 2026,1.3636737708121924
Sat Feb 21 11:00:00 UTC 2026,1.3636737708121924
Sat Feb 21 12:00:00 UTC 2026,1.3636737708121924
Sat Feb 21 13:00:00 UTC 2026,1.3636737708121924
Sat Feb 21 14:00:00 UTC 2026,1.3636737708121924
Sat Feb 21 15:00:00 UTC 2026,1.3636737708121924
Sat Feb 21 16:00:00 UTC 2026,1.3636737708121924
Sat Feb 21 17:00:00 UTC 2026,1.3636737708121924
Sat Feb 21 18:00:00 UTC 2026,1.3636737708121924
Sat Feb 21 19:00:00 UTC 2026,1.3636737708121924
Sat Feb 21 20:00:00 UTC 2026,1.3636737708121924
Sat Feb 21 21:00:00 UTC 2026,1.3636737708121924
Sat Feb 21 22:00:00 UTC 2026,1.3636737708121924
Sat Feb 21 23:00:00 UTC 2026,1.3636737708121924
Sun Feb 22 00:00:00 UTC 2026,1.3636737708121924
Sun Feb 22 01:00:00 UTC 2026,1.3636737708121924
Sun Feb 22 02:00:00 UTC 2026,1.3636737708121924
Sun Feb 22 03:00:00 UTC 2026,1.3636737708121924
Sun Feb 22 04:00:00 UTC 2026,1.3636737708121924
Sun Feb 22 05:00:00 UTC 2026,1.3636737708121924
Sun Feb 22 06:00:00 UTC 2026,1.3636737708121924
Sun Feb 22 07:00:00 UTC 2026,1.3636737708121924
Sun Feb 22 08:00:00 UTC 2026,1.3636737708121924
Sun Feb 22 09:00:00 UTC 2026,1.3636737708121924
Sun Feb 22 10:00:00 UTC 2026,1.3636737708121924
Sun Feb 22 11:00:00 UTC 2026,1.3636737708121924
Sun Feb 22 12:00:00 UTC 2026,1.3636737708121924
Sun Feb 22 13:00:00 UTC 2026,1.3636737708121924
Sun Feb 22 14:00:00 UTC 2026,1.3636737708121924
Sun Feb 22 15:00:00 UTC 2026,1.3636737708121924
Sun Feb 22 16:00:00 UTC 2026,1.3636737708121924
Sun Feb 22 17:00:00 UTC 2026,1.3636737708121924
Sun Feb 22 18:00:00 UTC 2026,1.3636737708121924
Sun Feb 22 19:00:00 UTC 2026,1.3636737708121924
Sun Feb 22 20:00:00 UTC 2026,1.3636737708121924
Sun Feb 22 21:00:00 UTC 2026,1.3636737250848774
Sun Feb 22 22:00:00 UTC 2026,1.3636739380614125
Sun Feb 22 23:00:00 UTC 2026,1.3636737269640822
Mon Feb 23 00:00:00 UTC 2026,1.3636738954661054
Mon Feb 23 01:00:00 UTC 2026,1.3636738309467433
Mon Feb 23 02:00:00 UTC 2026,1.3636735741220982
Mon Feb 23 03:00:00 UTC 2026,1.363673666829531
Mon Feb 23 04:00:00 UTC 2026,1.3636738121546963
Mon Feb 23 05:00:00 UTC 2026,1.3636738253091292
Mon Feb 23 06:00:00 UTC 2026,1.3636736768519564
Mon Feb 23 07:00:00 UTC 2026,1.3636737795818143
Mon Feb 23 08:00:00 UTC 2026,1.3636737000288146
Mon Feb 23 09:00:00 UTC 2026,1.3636738716628456
Mon Feb 23 10:00:00 UTC 2026,1.3636737413713185
Mon Feb 23 11:00:00 UTC 2026,1.363673521504366
Mon Feb 23 12:00:00 UTC 2026,1.3636736323774445
Mon Feb 23 13:00:00 UTC 2026,1.3636732258428235
Mon Feb 23 14:00:00 UTC 2026,1.363673307275028
Mon Feb 23 15:00:00 UTC 2026,1.3636732458876737
Mon Feb 23 16:00:00 UTC 2026,1.3636732728229415
Mon Feb 23 17:00:00 UTC 2026,1.3636734607434136
Mon Feb 23 18:00:00 UTC 2026,1.3636732696909335
Mon Feb 23 19:00:00 UTC 2026,1.3636732289748312
Mon Feb 23 20:00:00 UTC 2026,1.363673337968705
Mon Feb 23 21:00:00 UTC 2026,1.363673144410619
Mon Feb 23 22:00:00 UTC 2026,1.363673176357099
Mon Feb 23 23:00:00 UTC 2026,1.363673336715902
Tue Feb 24 00:00:00 UTC 2026,1.3636734651282245
Tue Feb 24 01:00:00 UTC 2026,1.363673414389697
Tue Feb 24 02:00:00 UTC 2026,1.363673456985004
Tue Feb 24 03:00:00 UTC 2026,1.3636734500945866
Tue Feb 24 04:00:00 UTC 2026,1.363673380564012
Tue Feb 24 05:00:00 UTC 2026,1.3636734363137522
Tue Feb 24 06:00:00 UTC 2026,1.3636732346124454
Tue Feb 24 07:00:00 UTC 2026,1.36367337179439
Tue Feb 24 08:00:00 UTC 2026,1.3636733122862406
Tue Feb 24 09:00:00 UTC 2026,1.3636732389972563
Tue Feb 24 10:00:00 UTC 2026,1.3636730980569023
Tue Feb 24 11:00:00 UTC 2026,1.363673290988587
Tue Feb 24 12:00:00 UTC 2026,1.3636731738514927
Tue Feb 24 13:00:00 UTC 2026,1.363673107452926
Tue Feb 24 14:00:00 UTC 2026,1.3636727660640684
Tue Feb 24 15:00:00 UTC 2026,1.3636730272735245
Tue Feb 24 16:00:00 UTC 2026,1.3636730617256112
Tue Feb 24 17:00:00 UTC 2026,1.363672941456509
Tue Feb 24 18:00:00 UTC 2026,1.3636730704952331
Tue Feb 24 19:00:00 UTC 2026,1.363673048571178
Tue Feb 24 20:00:00 UTC 2026,1.3636730629784142
Tue Feb 24 21:00:00 UTC 2026,1.3636728763107453
Tue Feb 24 22:00:00 UTC 2026,1.363672925170068
Tue Feb 24 23:00:00 UTC 2026,1.363672851881084
Wed Feb 25 00:00:00 UTC 2026,1.363673039801556
Wed Feb 25 01:00:00 UTC 2026,1.3636727347439896
Wed Feb 25 02:00:00 UTC 2026,1.3636728744315407
Wed Feb 25 03:00:00 UTC 2026,1.3636727854825172
Wed Feb 25 04:00:00 UTC 2026,1.3636729683917768
Wed Feb 25 05:00:00 UTC 2026,1.363673078012052
Wed Feb 25 06:00:00 UTC 2026,1.363672929554879
Wed Feb 25 07:00:00 UTC 2026,1.3636728925971862
Wed Feb 25 08:00:00 UTC 2026,1.3636729483469263
Wed Feb 25 09:00:00 UTC 2026,1.3636733053958232
Wed Feb 25 10:00:00 UTC 2026,1.3636730905400836
Wed Feb 25 11:00:00 UTC 2026,1.363673141278611
Wed Feb 25 12:00:00 UTC 2026,1.3636733742999962
Wed Feb 25 13:00:00 UTC 2026,1.363673145663422
Wed Feb 25 14:00:00 UTC 2026,1.3636729615013594
Wed Feb 25 15:00:00 UTC 2026,1.363672800516155
Wed Feb 25 16:00:00 UTC 2026,1.363672843111462
Wed Feb 25 17:00:00 UTC 2026,1.3636727391288008
Wed Feb 25 18:00:00 UTC 2026,1.3636729082572256
Wed Feb 25 19:00:00 UTC 2026,1.363672886959572
Wed Feb 25 20:00:00 UTC 2026,1.3636729802934067
Wed Feb 25 21:00:00 UTC 2026,1.3636727604264542
Wed Feb 25 22:00:00 UTC 2026,1.3636728581450996
Wed Feb 25 23:00:00 UTC 2026,1.3636727911201314
Thu Feb 26 00:00:00 UTC 2026,1.3636726708510292
Thu Feb 26 01:00:00 UTC 2026,1.3636728324626353
Thu Feb 26 02:00:00 UTC 2026,1.3636728756843437
Thu Feb 26 03:00:00 UTC 2026,1.3636728249458163
Thu Feb 26 04:00:00 UTC 2026,1.3636729483469263
Thu Feb 26 05:00:00 UTC 2026,1.3636729865574222
Thu Feb 26 06:00:00 UTC 2026,1.3636730285263277
Thu Feb 26 07:00:00 UTC 2026,1.3636731519274377
Thu Feb 26 08:00:00 UTC 2026,1.3636729333132886
Thu Feb 26 09:00:00 UTC 2026,1.3636730122398868
Thu Feb 26 10:00:00 UTC 2026,1.3636730416807608
Thu Feb 26 11:00:00 UTC 2026,1.3636734112576891
Thu Feb 26 12:00:00 UTC 2026,1.3636735283947834
Thu Feb 26 13:00:00 UTC 2026,1.3636733868280277
Thu Feb 26 14:00:00 UTC 2026,1.3636734563586024
Thu Feb 26 15:00:00 UTC 2026,1.363673401235264
Thu Feb 26 16:00:00 UTC 2026,1.3636732333596422
Thu Feb 26 17:00:00 UTC 2026,1.3636732721965399
Thu Feb 26 18:00:00 UTC 2026,1.3636733091542326
Thu Feb 26 19:00:00 UTC 2026,1.36367338369602
Thu Feb 26 20:00:00 UTC 2026,1.3636732609213116
Thu Feb 26 21:00:00 UTC 2026,1.363673146916225
Thu Feb 26 22:00:00 UTC 2026,1.3636732020395637
Thu Feb 26 23:00:00 UTC 2026,1.363673163202666
Fri Feb 27 00:00:00 UTC 2026,1.3636733479911303
Fri Feb 27 01:00:00 UTC 2026,1.3636734688866339
Fri Feb 27 02:00:00 UTC 2026,1.3636734093784844
Fri Feb 27 03:00:00 UTC 2026,1.3636735002067126
Fri Feb 27 04:00:00 UTC 2026,1.363673452600193
Fri Feb 27 05:00:00 UTC 2026,1.3636734933162953
Fri Feb 27 06:00:00 UTC 2026,1.3636734619962165
Fri Feb 27 07:00:00 UTC 2026,1.3636734607434136
Fri Feb 27 08:00:00 UTC 2026,1.3636736117061927
Fri Feb 27 09:00:00 UTC 2026,1.3636735027123188
Fri Feb 27 10:00:00 UTC 2026,1.363673319176658
Fri Feb 27 11:00:00 UTC 2026,1.3636733154182483
Fri Feb 27 12:00:00 UTC 2026,1.3636733298254846
Fri Feb 27 13:00:00 UTC 2026,1.3636730379223514
Fri Feb 27 14:00:00 UTC 2026,1.3636731788627054
Fri Feb 27 15:00:00 UTC 2026,1.3636730404279576
Fri Feb 27 16:00:00 UTC 2026,1.363673289735784
Fri Feb 27 17:00:00 UTC 2026,1.363673277834154
Fri Feb 27 18:00:00 UTC 2026,1.3636734181481065
Fri Feb 27 19:00:00 UTC 2026,1.3636731826211148
Fri Feb 27 20:00:00 UTC 2026,1.3636732446348705
Fri Feb 27 21:00:00 UTC 2026,1.3636732446348705
Fri Feb 27 22:00:00 UTC 2026,1.3636732446348705
Fri Feb 27 23:00:00 UTC 2026,1.3636732446348705
Sat Feb 28 00:00:00 UTC 2026,1.3636732446348705
Sat Feb 28 01:00:00 UTC 2026,1.3636732446348705
Sat Feb 28 02:00:00 UTC 2026,1.3636732446348705
Sat Feb 28 03:00:00 UTC 2026,1.3636732446348705
Sat Feb 28 04:00:00 UTC 2026,1.3636732446348705
Sat Feb 28 05:00:00 UTC 2026,1.3636732446348705
Sat Feb 28 06:00:00 UTC 2026,1.3636732446348705
Sat Feb 28 07:00:00 UTC 2026,1.3636732446348705
Sat Feb 28 08:00:00 UTC 2026,1.3636732446348705
Sat Feb 28 09:00:00 UTC 2026,1.3636732446348705
Sat Feb 28 10:00:00 UTC 2026,1.3636732446348705
Sat Feb 28 11:00:00 UTC 2026,1.3636732446348705
Sat Feb 28 12:00:00 UTC 2026,1.3636732446348705
Sat Feb 28 13:00:00 UTC 2026,1.3636732446348705
Sat Feb 28 14:00:00 UTC 2026,1.3636732446348705
Sat Feb 28 15:00:00 UTC 2026,1.3636732446348705
Sat Feb 28 16:00:00 UTC 2026,1.3636732446348705
Sat Feb 28 17:00:00 UTC 2026,1.3636732446348705
Sat Feb 28 18:00:00 UTC 2026,1.3636732446348705
Sat Feb 28 19:00:00 UTC 2026,1.3636732446348705
Sat Feb 28 20:00:00 UTC 2026,1.3636732446348705
Sat Feb 28 21:00:00 UTC 2026,1.3636732446348705
Sat Feb 28 22:00:00 UTC 2026,1.3636732446348705
Sat Feb 28 23:00:00 UTC 2026,1.3636732446348705
Sun Mar 01 00:00:00 UTC 2026,1.3636732446348705
Sun Mar 01 01:00:00 UTC 2026,1.3636732446348705
Sun Mar 01 02:00:00 UTC 2026,1.3636732446348705
Sun Mar 01 03:00:00 UTC 2026,1.3636732446348705
Sun Mar 01 04:00:00 UTC 2026,1.3636732446348705
Sun Mar 01 05:00:00 UTC 2026,1.3636732446348705
Sun Mar 01 06:00:00 UTC 2026,1.3636732446348705
Sun Mar 01 07:00:00 UTC 2026,1.3636732446348705
Sun Mar 01 08:00:00 UTC 2026,1.3636732446348705
Sun Mar 01 09:00:00 UTC 2026,1.3636732446348705
Sun Mar 01 10:00:00 UTC 2026,1.3636732446348705
Sun Mar 01 11:00:00 UTC 2026,1.3636732446348705
Sun Mar 01 12:00:00 UTC 2026,1.3636732446348705
Sun Mar 01 13:00:00 UTC 2026,1.3636732446348705
Sun Mar 01 14:00:00 UTC 2026,1.3636732446348705
Sun Mar 01 15:00:00 UTC 2026,1.3636732446348705
Sun Mar 01 16:00:00 UTC 2026,1.3636732446348705
Sun Mar 01 17:00:00 UTC 2026,1.3636732446348705
Sun Mar 01 18:00:00 UTC 2026,1.3636732446348705
Sun Mar 01 19:00:00 UTC 2026,1.3636732446348705
Sun Mar 01 20:00:00 UTC 2026,1.3636732446348705
Sun Mar 01 21:00:00 UTC 2026,1.363673170719485
Sun Mar 01 22:00:00 UTC 2026,1.363673158817855
Sun Mar 01 23:00:00 UTC 2026,1.3636731657082724
Mon Mar 02 00:00:00 UTC 2026,1.3636731093321306
Mon Mar 02 01:00:00 UTC 2026,1.3636729972062491
Mon Mar 02 02:00:00 UTC 2026,1.3636731199809575
Mon Mar 02 03:00:00 UTC 2026,1.3636731913907367
Mon Mar 02 04:00:00 UTC 2026,1.3636732928677917
Mon Mar 02 05:00:00 UTC 2026,1.3636732446348705
