date,va,P_Kweek_-35_Kday_-51_ETE_70_ORD_70_EXT_84_E2Ekor_85_EXTkor_71_DIFF_24
Mon Feb 16 19:00:00 UTC 2026,null,0.0015583808630212914
Mon Feb 16 20:00:00 UTC 2026,null,-0.0014704078496032835
Mon Feb 16 21:00:00 UTC 2026,null,0.0050265284515189634
Mon Feb 16 22:00:00 UTC 2026,null,0.002436797338016383
Mon Feb 16 23:00:00 UTC 2026,null,0.002383791585135242
Tue Feb 17 00:00:00 UTC 2026,null,0.0012999632940333683
Tue Feb 17 01:00:00 UTC 2026,null,-0.0012685222839294852
Tue Feb 17 02:00:00 UTC 2026,null,-1.8467162213120503E-4
Tue Feb 17 03:00:00 UTC 2026,null,-0.0012765991820007372
Tue Feb 17 04:00:00 UTC 2026,null,-0.0011129468866899472
Tue Feb 17 05:00:00 UTC 2026,null,-0.0029925091379148228
Tue Feb 17 06:00:00 UTC 2026,null,-0.003240953172620742
Tue Feb 17 07:00:00 UTC 2026,null,-0.001088482747403141
Tue Feb 17 08:00:00 UTC 2026,null,0.0017745414896381817
Tue Feb 17 09:00:00 UTC 2026,null,-6.656820753869752E-4
Tue Feb 17 10:00:00 UTC 2026,null,-0.0011992862477896438
Tue Feb 17 11:00:00 UTC 2026,null,0.004571840266050842
Tue Feb 17 12:00:00 UTC 2026,null,-0.0021122789386609497
Tue Feb 17 13:00:00 UTC 2026,null,0.0019876263088445256
Tue Feb 17 14:00:00 UTC 2026,null,0.0037074728475090524
Tue Feb 17 15:00:00 UTC 2026,null,0.003306557869137805
Tue Feb 17 16:00:00 UTC 2026,null,0.006627472472716001
Tue Feb 17 17:00:00 UTC 2026,null,0.006665358006887168
Tue Feb 17 18:00:00 UTC 2026,null,0.00521033426168227
Tue Feb 17 19:00:00 UTC 2026,null,0.005569021041687883
Tue Feb 17 20:00:00 UTC 2026,null,0.005049209431538415
Tue Feb 17 21:00:00 UTC 2026,null,-5.610522850796329E-4
Tue Feb 17 22:00:00 UTC 2026,null,-5.206966405930658E-4
Tue Feb 17 23:00:00 UTC 2026,null,-6.237584731483281E-5
Wed Feb 18 00:00:00 UTC 2026,null,0.001218320717672583
Wed Feb 18 01:00:00 UTC 2026,null,0.0037654999055769522
Wed Feb 18 02:00:00 UTC 2026,null,-7.835108570430904E-4
Wed Feb 18 03:00:00 UTC 2026,null,-0.001287885447879944
Wed Feb 18 04:00:00 UTC 2026,null,0.0034900332884602037
Wed Feb 18 05:00:00 UTC 2026,null,0.002205506186713002
Wed Feb 18 06:00:00 UTC 2026,null,0.00255173580173107
Wed Feb 18 07:00:00 UTC 2026,null,0.009427821196388741
Wed Feb 18 08:00:00 UTC 2026,null,0.0020538099395457365
Wed Feb 18 09:00:00 UTC 2026,null,0.0080775913581288
Wed Feb 18 10:00:00 UTC 2026,null,0.00794627445109608
Wed Feb 18 11:00:00 UTC 2026,null,0.007962685016613236
Wed Feb 18 12:00:00 UTC 2026,null,0.006629085326280482
Wed Feb 18 13:00:00 UTC 2026,null,0.004931971689448922
Wed Feb 18 14:00:00 UTC 2026,null,0.006554802694594741
Wed Feb 18 15:00:00 UTC 2026,null,0.005812618564487337
Wed Feb 18 16:00:00 UTC 2026,null,0.005519064573881849
Wed Feb 18 17:00:00 UTC 2026,null,0.001280621064070786
Wed Feb 18 18:00:00 UTC 2026,null,0.004926788909339841
Wed Feb 18 19:00:00 UTC 2026,null,0.006430514989900438
Wed Feb 18 20:00:00 UTC 2026,null,0.008246822086033667
Wed Feb 18 21:00:00 UTC 2026,null,0.007419650661591781
Wed Feb 18 22:00:00 UTC 2026,null,0.005892974246943794
Wed Feb 18 23:00:00 UTC 2026,null,0.011978243489226159
Thu Feb 19 00:00:00 UTC 2026,null,0.009842884434927868
Thu Feb 19 01:00:00 UTC 2026,null,0.008181157724140853
Thu Feb 19 02:00:00 UTC 2026,null,0.005171957218530032
Thu Feb 19 03:00:00 UTC 2026,null,0.006979942553394736
Thu Feb 19 04:00:00 UTC 2026,null,0.007811109547223083
Thu Feb 19 05:00:00 UTC 2026,null,0.005079393709083391
Thu Feb 19 06:00:00 UTC 2026,null,0.010090651266340345
Thu Feb 19 07:00:00 UTC 2026,null,0.011173132031503386
Thu Feb 19 08:00:00 UTC 2026,null,0.008904945496294836
Thu Feb 19 09:00:00 UTC 2026,null,0.009807021800211757
Thu Feb 19 10:00:00 UTC 2026,null,0.007470114648662651
Thu Feb 19 11:00:00 UTC 2026,null,0.008993226508199115
Thu Feb 19 12:00:00 UTC 2026,null,0.01446710951951058
Thu Feb 19 13:00:00 UTC 2026,null,0.02341460793271466
Thu Feb 19 14:00:00 UTC 2026,null,0.02123365686553136
Thu Feb 19 15:00:00 UTC 2026,null,0.01479559613213155
Thu Feb 19 16:00:00 UTC 2026,null,0.016867104624100016
Thu Feb 19 17:00:00 UTC 2026,null,0.01935619023260493
Thu Feb 19 18:00:00 UTC 2026,null,0.013058722152235802
Thu Feb 19 19:00:00 UTC 2026,null,0.01266291006173681
Thu Feb 19 20:00:00 UTC 2026,null,0.011928106384107018
Thu Feb 19 21:00:00 UTC 2026,null,0.014647465646201674
Thu Feb 19 22:00:00 UTC 2026,null,0.014888104964682292
Thu Feb 19 23:00:00 UTC 2026,null,0.013479731274924411
Fri Feb 20 00:00:00 UTC 2026,null,0.01027269620643878
Fri Feb 20 01:00:00 UTC 2026,null,0.010882906163589112
Fri Feb 20 02:00:00 UTC 2026,null,0.012628094707080706
Fri Feb 20 03:00:00 UTC 2026,null,0.012587576369783804
Fri Feb 20 04:00:00 UTC 2026,null,0.011358748069243418
Fri Feb 20 05:00:00 UTC 2026,null,0.00975650862648969
Fri Feb 20 06:00:00 UTC 2026,null,0.009642124725790957
Fri Feb 20 07:00:00 UTC 2026,null,0.012221685304960594
Fri Feb 20 08:00:00 UTC 2026,null,0.01055099921512781
Fri Feb 20 09:00:00 UTC 2026,null,0.014820816367274503
Fri Feb 20 10:00:00 UTC 2026,null,0.020102340777155447
Fri Feb 20 11:00:00 UTC 2026,null,0.01911352512858322
Fri Feb 20 12:00:00 UTC 2026,null,0.01791089977829241
Fri Feb 20 13:00:00 UTC 2026,null,0.017567078997201335
Fri Feb 20 14:00:00 UTC 2026,null,0.013786966916548238
Fri Feb 20 15:00:00 UTC 2026,null,0.013553388304897496
Fri Feb 20 16:00:00 UTC 2026,null,0.01593864056892258
Fri Feb 20 17:00:00 UTC 2026,null,0.006449050066106743
Fri Feb 20 18:00:00 UTC 2026,null,0.006706056839525409
Fri Feb 20 19:00:00 UTC 2026,null,0.007552184271912843
Fri Feb 20 20:00:00 UTC 2026,null,0.0063708496742007625
Sun Feb 22 21:00:00 UTC 2026,null,0.00389426225429812
Sun Feb 22 22:00:00 UTC 2026,null,0.0017782555677277045
Sun Feb 22 23:00:00 UTC 2026,null,0.010245262154466417
Mon Feb 23 00:00:00 UTC 2026,null,0.010115447552635715
Mon Feb 23 01:00:00 UTC 2026,null,0.007779524725135545
Mon Feb 23 02:00:00 UTC 2026,null,0.006900114046437089
Mon Feb 23 03:00:00 UTC 2026,null,0.009093081721126772
Mon Feb 23 04:00:00 UTC 2026,null,0.008171144129009988
Mon Feb 23 05:00:00 UTC 2026,null,0.011693529879576836
Mon Feb 23 06:00:00 UTC 2026,null,0.00924985024476932
Mon Feb 23 07:00:00 UTC 2026,null,0.010053144365788746
Mon Feb 23 08:00:00 UTC 2026,null,0.01953061119518562
Mon Feb 23 09:00:00 UTC 2026,null,0.013793959503441755
Mon Feb 23 10:00:00 UTC 2026,null,0.01251544643543312
Mon Feb 23 11:00:00 UTC 2026,null,0.011889679619141447
Mon Feb 23 12:00:00 UTC 2026,null,0.0067678000656350434
Mon Feb 23 13:00:00 UTC 2026,null,0.007496536491671257
Mon Feb 23 14:00:00 UTC 2026,null,0.013655449158038735
Mon Feb 23 15:00:00 UTC 2026,null,0.006932105406150413
Mon Feb 23 16:00:00 UTC 2026,null,0.013333120318250735
Mon Feb 23 17:00:00 UTC 2026,null,0.009030448554601556
Mon Feb 23 18:00:00 UTC 2026,null,0.011428006357923515
Mon Feb 23 19:00:00 UTC 2026,null,0.010176008025601924
Mon Feb 23 20:00:00 UTC 2026,null,0.012766214770816298
Mon Feb 23 21:00:00 UTC 2026,null,0.010176008025601924
Mon Feb 23 22:00:00 UTC 2026,null,0.007907110665199113
Mon Feb 23 23:00:00 UTC 2026,null,0.0056257620167654565
Tue Feb 24 00:00:00 UTC 2026,null,0.008019542029860105
Tue Feb 24 01:00:00 UTC 2026,null,0.011444816346440234
Tue Feb 24 02:00:00 UTC 2026,null,0.012297876749011394
Tue Feb 24 03:00:00 UTC 2026,null,0.015792200558250258
Tue Feb 24 04:00:00 UTC 2026,null,0.011499975788705541
Tue Feb 24 05:00:00 UTC 2026,null,0.010578884319540016
Tue Feb 24 06:00:00 UTC 2026,null,0.01025741548235004
Tue Feb 24 07:00:00 UTC 2026,null,0.009401760466690057
Tue Feb 24 08:00:00 UTC 2026,null,0.013899685141121054
Tue Feb 24 09:00:00 UTC 2026,null,0.010033858748021984
Tue Feb 24 10:00:00 UTC 2026,null,0.013162238353381817
Tue Feb 24 11:00:00 UTC 2026,null,0.010149431711163892
Tue Feb 24 12:00:00 UTC 2026,null,0.009983231896177003
Tue Feb 24 13:00:00 UTC 2026,null,0.01218243224971527
Tue Feb 24 14:00:00 UTC 2026,null,0.012571054748623745
Tue Feb 24 15:00:00 UTC 2026,null,0.014108133396996791
Tue Feb 24 16:00:00 UTC 2026,null,0.01761392253550209
Tue Feb 24 17:00:00 UTC 2026,null,0.0144045760476752
Tue Feb 24 18:00:00 UTC 2026,null,0.008954094357059184
Tue Feb 24 19:00:00 UTC 2026,null,0.010604075795781043
Tue Feb 24 20:00:00 UTC 2026,null,0.011468120515169211
Tue Feb 24 21:00:00 UTC 2026,null,0.01061970723717831
Tue Feb 24 22:00:00 UTC 2026,null,0.00728336742733493
Tue Feb 24 23:00:00 UTC 2026,null,0.007812403691954017
Wed Feb 25 00:00:00 UTC 2026,null,0.009200323470168748
Wed Feb 25 01:00:00 UTC 2026,null,0.010544265826577082
Wed Feb 25 02:00:00 UTC 2026,null,0.014112141643394693
Wed Feb 25 03:00:00 UTC 2026,null,0.01571841583503808
Wed Feb 25 04:00:00 UTC 2026,null,0.015966819049642922
Wed Feb 25 05:00:00 UTC 2026,null,0.016744272548052663
Wed Feb 25 06:00:00 UTC 2026,null,0.013817177408707693
Wed Feb 25 07:00:00 UTC 2026,null,0.02259607309246192
Wed Feb 25 08:00:00 UTC 2026,null,0.023174218129554447
Wed Feb 25 09:00:00 UTC 2026,null,0.021251916872942367
Wed Feb 25 10:00:00 UTC 2026,null,0.02034947127391451
Wed Feb 25 11:00:00 UTC 2026,null,0.028379511626214438
Wed Feb 25 12:00:00 UTC 2026,null,0.030238287648301387
Wed Feb 25 13:00:00 UTC 2026,null,0.03186252680468282
Wed Feb 25 14:00:00 UTC 2026,null,0.02492425906955731
Wed Feb 25 15:00:00 UTC 2026,null,0.01854978791419004
Wed Feb 25 16:00:00 UTC 2026,null,0.01703159294838752
Wed Feb 25 17:00:00 UTC 2026,null,0.019647184042840493
Wed Feb 25 18:00:00 UTC 2026,null,0.01458749401713888
Wed Feb 25 19:00:00 UTC 2026,null,0.01756043966449017
Wed Feb 25 20:00:00 UTC 2026,null,0.010504398553713656
Wed Feb 25 21:00:00 UTC 2026,null,0.01335595139092316
Wed Feb 25 22:00:00 UTC 2026,null,0.012303492739246913
Wed Feb 25 23:00:00 UTC 2026,null,0.019594905694360065
Thu Feb 26 00:00:00 UTC 2026,null,0.020667805967242714
Thu Feb 26 01:00:00 UTC 2026,null,0.020306241850766682
Thu Feb 26 02:00:00 UTC 2026,null,0.022610262290946537
Thu Feb 26 03:00:00 UTC 2026,null,0.025927666026148266
Thu Feb 26 04:00:00 UTC 2026,null,0.02299849010130295
Thu Feb 26 05:00:00 UTC 2026,null,0.026094876870747186
Thu Feb 26 06:00:00 UTC 2026,null,0.024659161519879902
Thu Feb 26 07:00:00 UTC 2026,null,0.027462858588559236
Thu Feb 26 08:00:00 UTC 2026,null,0.025873178365057647
Thu Feb 26 09:00:00 UTC 2026,null,0.031110395050361284
Thu Feb 26 10:00:00 UTC 2026,null,0.02925359415572526
Thu Feb 26 11:00:00 UTC 2026,null,0.028967292475986284
Thu Feb 26 12:00:00 UTC 2026,null,0.029890085516839804
Thu Feb 26 13:00:00 UTC 2026,null,0.035296622867639016
Thu Feb 26 14:00:00 UTC 2026,null,0.035616670476848356
Thu Feb 26 15:00:00 UTC 2026,null,0.02673764201828721
Thu Feb 26 16:00:00 UTC 2026,null,0.03258604051243985
Thu Feb 26 17:00:00 UTC 2026,null,0.029969677923369353
Thu Feb 26 18:00:00 UTC 2026,null,0.026615405984605545
Thu Feb 26 19:00:00 UTC 2026,null,0.02635475477387139
Thu Feb 26 20:00:00 UTC 2026,null,0.026003434542005266
Thu Feb 26 21:00:00 UTC 2026,null,0.025218458215087836
Thu Feb 26 22:00:00 UTC 2026,null,0.023503005722769643
Thu Feb 26 23:00:00 UTC 2026,null,0.029673195533502117
Fri Feb 27 00:00:00 UTC 2026,null,0.03056186121447002
Fri Feb 27 01:00:00 UTC 2026,null,0.027967094120559643
Fri Feb 27 02:00:00 UTC 2026,null,0.02535267885712944
Fri Feb 27 03:00:00 UTC 2026,null,0.027252269225928494
Fri Feb 27 04:00:00 UTC 2026,null,0.02664690388201052
Fri Feb 27 05:00:00 UTC 2026,null,0.02585281323736144
Fri Feb 27 06:00:00 UTC 2026,null,0.023264141838872376
Fri Feb 27 07:00:00 UTC 2026,null,0.023323848798637137
Fri Feb 27 08:00:00 UTC 2026,null,0.026349452922320715
Fri Feb 27 09:00:00 UTC 2026,null,0.025699365176467204
Fri Feb 27 10:00:00 UTC 2026,null,0.02335986333504625
Fri Feb 27 11:00:00 UTC 2026,null,0.021578364049275045
Fri Feb 27 12:00:00 UTC 2026,null,0.023297029088688248
Fri Feb 27 13:00:00 UTC 2026,null,0.021132027315347912
Fri Feb 27 14:00:00 UTC 2026,null,0.018909044395777563
Fri Feb 27 15:00:00 UTC 2026,null,0.0216801711412149
Fri Feb 27 16:00:00 UTC 2026,null,0.02425539870134319
Fri Feb 27 17:00:00 UTC 2026,null,0.022487307238561627
Fri Feb 27 18:00:00 UTC 2026,null,0.021601605686084824
Fri Feb 27 19:00:00 UTC 2026,null,0.02254830959017351
Fri Feb 27 20:00:00 UTC 2026,null,0.017559432585317225
Sun Mar 01 21:00:00 UTC 2026,null,0.014167555793457964
Sun Mar 01 22:00:00 UTC 2026,null,0.017128182620205656
Sun Mar 01 23:00:00 UTC 2026,null,0.01830126721779024
Mon Mar 02 00:00:00 UTC 2026,null,0.018481356773309976
Mon Mar 02 01:00:00 UTC 2026,null,0.019060464799056653
Mon Mar 02 02:00:00 UTC 2026,null,0.01628143259022341
Mon Mar 02 03:00:00 UTC 2026,null,0.0198471216840721
Mon Mar 02 04:00:00 UTC 2026,null,0.021084037385060483
Mon Mar 02 05:00:00 UTC 2026,null,0.01754823988066434
Mon Mar 02 06:00:00 UTC 2026,null,0.0191338001668111
Mon Mar 02 07:00:00 UTC 2026,null,0.01956618569210722
Mon Mar 02 08:00:00 UTC 2026,null,0.0155211565824942
Mon Mar 02 09:00:00 UTC 2026,null,0.021423916799251153
Mon Mar 02 10:00:00 UTC 2026,null,0.020414355540352425
Mon Mar 02 11:00:00 UTC 2026,null,0.01767156848837459
Mon Mar 02 12:00:00 UTC 2026,null,0.015794872635307655
Mon Mar 02 13:00:00 UTC 2026,null,0.01868723203167466
Mon Mar 02 14:00:00 UTC 2026,null,0.025224886122853896
Mon Mar 02 15:00:00 UTC 2026,null,0.01690249538632127
Mon Mar 02 16:00:00 UTC 2026,null,0.019761578126117563
Mon Mar 02 17:00:00 UTC 2026,null,0.019135884890624233
Mon Mar 02 18:00:00 UTC 2026,null,0.01942715460239519
Mon Mar 02 19:00:00 UTC 2026,null,0.024425246444688575
Mon Mar 02 20:00:00 UTC 2026,null,0.020752244465374048
Mon Mar 02 21:00:00 UTC 2026,null,0.019404933419832737
Mon Mar 02 22:00:00 UTC 2026,null,0.01642183281972276
Mon Mar 02 23:00:00 UTC 2026,null,0.01818145876144417
Tue Mar 03 00:00:00 UTC 2026,null,0.016586705450781558
Tue Mar 03 01:00:00 UTC 2026,null,0.01591217251818744
Tue Mar 03 02:00:00 UTC 2026,null,0.015539309688790581
Tue Mar 03 03:00:00 UTC 2026,null,0.012860525132027512
Tue Mar 03 04:00:00 UTC 2026,null,0.006303009962781658
Tue Mar 03 05:00:00 UTC 2026,null,0.009905253670638103
Tue Mar 03 06:00:00 UTC 2026,null,0.008171127629300834
Tue Mar 03 07:00:00 UTC 2026,null,0.009770957958817661
Tue Mar 03 08:00:00 UTC 2026,null,0.010294124836510044
Tue Mar 03 09:00:00 UTC 2026,null,0.011355978072282724
Tue Mar 03 10:00:00 UTC 2026,null,0.019723159837929494
Tue Mar 03 11:00:00 UTC 2026,null,0.018044886430435447
Tue Mar 03 12:00:00 UTC 2026,null,0.015559697534500927
Tue Mar 03 13:00:00 UTC 2026,null,0.020874381154255772
Tue Mar 03 14:00:00 UTC 2026,null,0.014236727522318304
Tue Mar 03 15:00:00 UTC 2026,null,0.01633654083988123
Tue Mar 03 16:00:00 UTC 2026,null,0.019159888387824786
Tue Mar 03 17:00:00 UTC 2026,null,0.01376380390919163
Tue Mar 03 18:00:00 UTC 2026,null,0.01644575311805152
Tue Mar 03 19:00:00 UTC 2026,null,0.016775455239383952
Tue Mar 03 20:00:00 UTC 2026,null,0.015323618908888115
Tue Mar 03 21:00:00 UTC 2026,null,0.013114338430116668
Tue Mar 03 22:00:00 UTC 2026,null,0.012759039034913933
Tue Mar 03 23:00:00 UTC 2026,null,0.014294235520477372
Wed Mar 04 00:00:00 UTC 2026,null,0.012025256948554386
Wed Mar 04 01:00:00 UTC 2026,null,0.009983746526655679
Wed Mar 04 02:00:00 UTC 2026,null,0.008196291804656752
Wed Mar 04 03:00:00 UTC 2026,null,0.009446344361408343
Wed Mar 04 04:00:00 UTC 2026,null,0.010699439599186178
Wed Mar 04 05:00:00 UTC 2026,null,0.013034945690781896
Wed Mar 04 06:00:00 UTC 2026,null,0.012348624580707401
Wed Mar 04 07:00:00 UTC 2026,null,0.008092790184863752
Wed Mar 04 08:00:00 UTC 2026,null,0.01288365497976951
Wed Mar 04 09:00:00 UTC 2026,null,0.007654458560257815
Wed Mar 04 10:00:00 UTC 2026,null,0.0015593937600097973
Wed Mar 04 11:00:00 UTC 2026,null,0.006782897682763966
Wed Mar 04 12:00:00 UTC 2026,null,0.005987343868407713
Wed Mar 04 13:00:00 UTC 2026,null,0.004399647145234553
Wed Mar 04 14:00:00 UTC 2026,null,0.006027262079214779
Wed Mar 04 15:00:00 UTC 2026,null,0.009949207300251395
Wed Mar 04 16:00:00 UTC 2026,null,0.00908286300795691
Wed Mar 04 17:00:00 UTC 2026,null,0.010209037215483718
Wed Mar 04 18:00:00 UTC 2026,null,0.01608383318323714
Wed Mar 04 19:00:00 UTC 2026,null,0.00945161395770544
Wed Mar 04 20:00:00 UTC 2026,null,0.00891600918957991
Wed Mar 04 21:00:00 UTC 2026,null,0.005801552099184093
Wed Mar 04 22:00:00 UTC 2026,null,0.005625002737910556
Wed Mar 04 23:00:00 UTC 2026,null,0.007194719406939498
Thu Mar 05 00:00:00 UTC 2026,null,0.006729990342162928
Thu Mar 05 01:00:00 UTC 2026,null,0.006426516506173208
Thu Mar 05 02:00:00 UTC 2026,null,0.008321324061342672
Thu Mar 05 03:00:00 UTC 2026,null,0.009118073813800365
Thu Mar 05 04:00:00 UTC 2026,null,0.010564447598888194
Thu Mar 05 05:00:00 UTC 2026,null,0.010035197004817142
Thu Mar 05 06:00:00 UTC 2026,null,0.013016951537100141
Thu Mar 05 07:00:00 UTC 2026,null,0.009518575207293267
Thu Mar 05 08:00:00 UTC 2026,null,0.007398235960345723
Thu Mar 05 09:00:00 UTC 2026,null,0.006085270745733062
Thu Mar 05 10:00:00 UTC 2026,null,0.0050475928951456694
Thu Mar 05 11:00:00 UTC 2026,null,0.0028050685761549232
Thu Mar 05 12:00:00 UTC 2026,null,0.0013019909378728656
Thu Mar 05 13:00:00 UTC 2026,null,-5.016727268127852E-4
Thu Mar 05 14:00:00 UTC 2026,null,-0.0020177342696197087
Thu Mar 05 15:00:00 UTC 2026,null,-0.0027279660172956355
Thu Mar 05 16:00:00 UTC 2026,null,0.0021857032364964724
Thu Mar 05 17:00:00 UTC 2026,null,-0.002985157113907455
Thu Mar 05 18:00:00 UTC 2026,null,-0.005149102360848978
Thu Mar 05 19:00:00 UTC 2026,null,-0.010633994016596482
Thu Mar 05 20:00:00 UTC 2026,null,-0.011032853642109153
Thu Mar 05 21:00:00 UTC 2026,null,-0.006610380120608994
Thu Mar 05 22:00:00 UTC 2026,null,-0.00756665234613596
Thu Mar 05 23:00:00 UTC 2026,null,-0.005758673118324786
Fri Mar 06 00:00:00 UTC 2026,null,-0.004788442911069168
Fri Mar 06 01:00:00 UTC 2026,null,-0.007432688056003833
Fri Mar 06 02:00:00 UTC 2026,null,-0.008881789694064501
Fri Mar 06 03:00:00 UTC 2026,null,-0.007660065165015162
Fri Mar 06 04:00:00 UTC 2026,null,-0.007862105598858804
Fri Mar 06 05:00:00 UTC 2026,null,-0.010296311206594133
Fri Mar 06 06:00:00 UTC 2026,null,-0.011109457582973548
Fri Mar 06 07:00:00 UTC 2026,null,-0.01149598671423302
Fri Mar 06 08:00:00 UTC 2026,null,-0.013261073471392493
Fri Mar 06 09:00:00 UTC 2026,null,-0.012616477765456047
Fri Mar 06 10:00:00 UTC 2026,null,-0.010085161148376542
Fri Mar 06 11:00:00 UTC 2026,null,-0.009523270009363038
Fri Mar 06 12:00:00 UTC 2026,null,-0.008658141845984346
Fri Mar 06 13:00:00 UTC 2026,null,-0.008471512956403693
Fri Mar 06 14:00:00 UTC 2026,null,-0.011750926786027627
Fri Mar 06 15:00:00 UTC 2026,null,-0.014214628734526613
Fri Mar 06 16:00:00 UTC 2026,null,-0.013669099942497098
Fri Mar 06 17:00:00 UTC 2026,null,-0.01277597889504456
Fri Mar 06 18:00:00 UTC 2026,null,-0.01242076787750701
Fri Mar 06 19:00:00 UTC 2026,null,-0.0131818068157461
Fri Mar 06 20:00:00 UTC 2026,null,-0.012677471223374148
