date,va,P_Kweek_-7_Kday_1_ETE_67_ORD_67_EXT_83_E2Ekor_79_EXTkor_65_DIFF_24
Wed Feb 18 01:00:00 UTC 2026,null,0.014010749075680007
Wed Feb 18 02:00:00 UTC 2026,null,0.007616829253844326
Wed Feb 18 03:00:00 UTC 2026,null,0.00508588534524157
Wed Feb 18 04:00:00 UTC 2026,null,0.002986085214300216
Wed Feb 18 05:00:00 UTC 2026,null,0.004301173050614393
Wed Feb 18 06:00:00 UTC 2026,null,0.00975023411279885
Wed Feb 18 07:00:00 UTC 2026,null,0.009015080194402447
Wed Feb 18 08:00:00 UTC 2026,null,0.013379589941910464
Wed Feb 18 09:00:00 UTC 2026,null,0.01147137171513446
Wed Feb 18 10:00:00 UTC 2026,null,0.017398419491076567
Wed Feb 18 11:00:00 UTC 2026,null,0.019687310260775304
Wed Feb 18 12:00:00 UTC 2026,null,0.021989827667166617
Wed Feb 18 13:00:00 UTC 2026,null,0.02401173510607446
Wed Feb 18 14:00:00 UTC 2026,null,0.018753241535415688
Wed Feb 18 15:00:00 UTC 2026,null,0.014737208980681427
Wed Feb 18 16:00:00 UTC 2026,null,0.01142764460198653
Wed Feb 18 17:00:00 UTC 2026,null,0.00806804716109899
Wed Feb 18 18:00:00 UTC 2026,null,0.010467671157400993
Wed Feb 18 19:00:00 UTC 2026,null,0.006029496692720349
Wed Feb 18 20:00:00 UTC 2026,null,0.01146490589681659
Wed Feb 18 21:00:00 UTC 2026,null,0.015370533000426345
Wed Feb 18 22:00:00 UTC 2026,null,0.011994706996145466
Wed Feb 18 23:00:00 UTC 2026,null,0.012056178754792812
Thu Feb 19 00:00:00 UTC 2026,null,0.006075236180151933
Thu Feb 19 01:00:00 UTC 2026,null,0.007025080666397621
Thu Feb 19 02:00:00 UTC 2026,null,0.007090996219917267
Thu Feb 19 03:00:00 UTC 2026,null,0.00996193688131286
Thu Feb 19 04:00:00 UTC 2026,null,0.008694383375722037
Thu Feb 19 05:00:00 UTC 2026,null,0.006442580420779942
Thu Feb 19 06:00:00 UTC 2026,null,0.006861325197528245
Thu Feb 19 07:00:00 UTC 2026,null,0.011921422689253447
Thu Feb 19 08:00:00 UTC 2026,null,0.009032441972006922
Thu Feb 19 09:00:00 UTC 2026,null,0.021160865889046532
Thu Feb 19 10:00:00 UTC 2026,null,0.0182980389301306
Thu Feb 19 11:00:00 UTC 2026,null,0.010919512221688299
Thu Feb 19 12:00:00 UTC 2026,null,0.015753047247586638
Thu Feb 19 13:00:00 UTC 2026,null,0.008201932567144965
Thu Feb 19 14:00:00 UTC 2026,null,0.017983522085290193
Thu Feb 19 15:00:00 UTC 2026,null,0.02510278686227485
Thu Feb 19 16:00:00 UTC 2026,null,0.031835835478268404
Thu Feb 19 17:00:00 UTC 2026,null,0.026222424974468694
Thu Feb 19 18:00:00 UTC 2026,null,0.023776910311371857
Thu Feb 19 19:00:00 UTC 2026,null,0.02679079497272796
Thu Feb 19 20:00:00 UTC 2026,null,0.02973174833554415
Thu Feb 19 21:00:00 UTC 2026,null,0.028177078739209938
Thu Feb 19 22:00:00 UTC 2026,null,0.022561904637214303
Thu Feb 19 23:00:00 UTC 2026,null,0.02140184567907011
Fri Feb 20 00:00:00 UTC 2026,null,0.014302175328133826
Fri Feb 20 01:00:00 UTC 2026,null,0.016694363028932457
Fri Feb 20 02:00:00 UTC 2026,null,0.01639266097880765
Fri Feb 20 03:00:00 UTC 2026,null,0.011629091794831403
Fri Feb 20 04:00:00 UTC 2026,null,0.015069170994224335
Fri Feb 20 05:00:00 UTC 2026,null,0.016793271057505832
Fri Feb 20 06:00:00 UTC 2026,null,0.01935005290433378
Fri Feb 20 07:00:00 UTC 2026,null,0.01957792740619624
Fri Feb 20 08:00:00 UTC 2026,null,0.02441884418656426
Fri Feb 20 09:00:00 UTC 2026,null,0.021804850685011035
Fri Feb 20 10:00:00 UTC 2026,null,0.024637168148127664
Fri Feb 20 11:00:00 UTC 2026,null,0.021698450502936284
Fri Feb 20 12:00:00 UTC 2026,null,0.024489343593335322
Fri Feb 20 13:00:00 UTC 2026,null,0.026510645510407604
Fri Feb 20 14:00:00 UTC 2026,null,0.01577676855764132
Fri Feb 20 15:00:00 UTC 2026,null,0.019703566262766037
Fri Feb 20 16:00:00 UTC 2026,null,0.020615890081865373
Fri Feb 20 17:00:00 UTC 2026,null,0.019503997474885182
Fri Feb 20 18:00:00 UTC 2026,null,0.01650786938034865
Fri Feb 20 19:00:00 UTC 2026,null,0.020554462116457062
Fri Feb 20 20:00:00 UTC 2026,null,0.016689228288372604
Sun Feb 22 21:00:00 UTC 2026,null,0.01550073078877734
Sun Feb 22 22:00:00 UTC 2026,null,0.019549375145317738
Sun Feb 22 23:00:00 UTC 2026,null,0.01078630811245862
Mon Feb 23 00:00:00 UTC 2026,null,0.010500983986613699
Mon Feb 23 01:00:00 UTC 2026,null,0.015074244357075495
Mon Feb 23 02:00:00 UTC 2026,null,0.0075279395120573245
Mon Feb 23 03:00:00 UTC 2026,null,0.006365911067081509
Mon Feb 23 04:00:00 UTC 2026,null,0.007878493434104739
Mon Feb 23 05:00:00 UTC 2026,null,0.0070656573485368135
Mon Feb 23 06:00:00 UTC 2026,null,0.008719171864842279
Mon Feb 23 07:00:00 UTC 2026,null,0.016695354042537636
Mon Feb 23 08:00:00 UTC 2026,null,0.008984722253499111
Mon Feb 23 09:00:00 UTC 2026,null,0.02042195648696299
Mon Feb 23 10:00:00 UTC 2026,null,0.01960631125915402
Mon Feb 23 11:00:00 UTC 2026,null,0.021675834513313674
Mon Feb 23 12:00:00 UTC 2026,null,0.021670520483861866
Mon Feb 23 13:00:00 UTC 2026,null,0.022756777852496413
Mon Feb 23 14:00:00 UTC 2026,null,0.02524972341092946
Mon Feb 23 15:00:00 UTC 2026,null,0.018302596355721956
Mon Feb 23 16:00:00 UTC 2026,null,0.014453049589582934
Mon Feb 23 17:00:00 UTC 2026,null,0.00875216024269454
Mon Feb 23 18:00:00 UTC 2026,null,0.013472318287445217
Mon Feb 23 19:00:00 UTC 2026,null,0.017207060074703406
Mon Feb 23 20:00:00 UTC 2026,null,0.020401606501164293
Mon Feb 23 21:00:00 UTC 2026,null,0.017024041414242186
Mon Feb 23 22:00:00 UTC 2026,null,0.019425739358835736
Mon Feb 23 23:00:00 UTC 2026,null,0.02529166590996601
Tue Feb 24 00:00:00 UTC 2026,null,0.02362136049845298
Tue Feb 24 01:00:00 UTC 2026,null,0.021141157462177373
Tue Feb 24 02:00:00 UTC 2026,null,0.024726383446867395
Tue Feb 24 03:00:00 UTC 2026,null,0.030339727401101912
Tue Feb 24 04:00:00 UTC 2026,null,0.034244128867761736
Tue Feb 24 05:00:00 UTC 2026,null,0.03763024289749328
Tue Feb 24 06:00:00 UTC 2026,null,0.041363575952681586
Tue Feb 24 07:00:00 UTC 2026,null,0.038236477185350504
Tue Feb 24 08:00:00 UTC 2026,null,0.037440527778799026
Tue Feb 24 09:00:00 UTC 2026,null,0.03819720765560963
Tue Feb 24 10:00:00 UTC 2026,null,0.035523199828615404
Tue Feb 24 11:00:00 UTC 2026,null,0.03253695665776801
Tue Feb 24 12:00:00 UTC 2026,null,0.03596899691492905
Tue Feb 24 13:00:00 UTC 2026,null,0.038801278847683474
Tue Feb 24 14:00:00 UTC 2026,null,0.04161167826758172
Tue Feb 24 15:00:00 UTC 2026,null,0.03453944077154403
Tue Feb 24 16:00:00 UTC 2026,null,0.038644126707396476
Tue Feb 24 17:00:00 UTC 2026,null,0.041134596532103496
Tue Feb 24 18:00:00 UTC 2026,null,0.04697409076176151
Tue Feb 24 19:00:00 UTC 2026,null,0.044441503663808835
Tue Feb 24 20:00:00 UTC 2026,null,0.0496690636848216
Tue Feb 24 21:00:00 UTC 2026,null,0.05086081412890686
Tue Feb 24 22:00:00 UTC 2026,null,0.05001045230370682
Tue Feb 24 23:00:00 UTC 2026,null,0.04989845335929988
Wed Feb 25 00:00:00 UTC 2026,null,0.04495064104845947
Wed Feb 25 01:00:00 UTC 2026,null,0.043423523702765365
Wed Feb 25 02:00:00 UTC 2026,null,0.0435606675563347
Wed Feb 25 03:00:00 UTC 2026,null,0.04508106351648511
Wed Feb 25 04:00:00 UTC 2026,null,0.04753875217201786
Wed Feb 25 05:00:00 UTC 2026,null,0.04881023700826548
Wed Feb 25 06:00:00 UTC 2026,null,0.04524870077770249
Wed Feb 25 07:00:00 UTC 2026,null,0.0451618064469399
Wed Feb 25 08:00:00 UTC 2026,null,0.04109009485821424
Wed Feb 25 09:00:00 UTC 2026,null,0.03841669936541825
Wed Feb 25 10:00:00 UTC 2026,null,0.041147168736686224
Wed Feb 25 11:00:00 UTC 2026,null,0.03922629657447807
Wed Feb 25 12:00:00 UTC 2026,null,0.04500040007503414
Wed Feb 25 13:00:00 UTC 2026,null,0.04339947190833282
Wed Feb 25 14:00:00 UTC 2026,null,0.04163636033910589
Wed Feb 25 15:00:00 UTC 2026,null,0.036689347541128736
Wed Feb 25 16:00:00 UTC 2026,null,0.03913390435518038
Wed Feb 25 17:00:00 UTC 2026,null,0.03814134277413639
Wed Feb 25 18:00:00 UTC 2026,null,0.035726920269739004
Wed Feb 25 19:00:00 UTC 2026,null,0.0403323915140088
Wed Feb 25 20:00:00 UTC 2026,null,0.037810444039058755
Wed Feb 25 21:00:00 UTC 2026,null,0.03872721341278451
Wed Feb 25 22:00:00 UTC 2026,null,0.03750408236948077
Wed Feb 25 23:00:00 UTC 2026,null,0.03513335369670911
Thu Feb 26 00:00:00 UTC 2026,null,0.03796824132074672
Thu Feb 26 01:00:00 UTC 2026,null,0.035785494955040464
Thu Feb 26 02:00:00 UTC 2026,null,0.04303951538625883
Thu Feb 26 03:00:00 UTC 2026,null,0.04218334445025329
Thu Feb 26 04:00:00 UTC 2026,null,0.04151769458164045
Thu Feb 26 05:00:00 UTC 2026,null,0.04182760640306937
Thu Feb 26 06:00:00 UTC 2026,null,0.04264167544340447
Thu Feb 26 07:00:00 UTC 2026,null,0.04030261084753062
Thu Feb 26 08:00:00 UTC 2026,null,0.03390203479061338
Thu Feb 26 09:00:00 UTC 2026,null,0.04075651725647611
Thu Feb 26 10:00:00 UTC 2026,null,0.03918767506025711
Thu Feb 26 11:00:00 UTC 2026,null,0.036961337733344424
Thu Feb 26 12:00:00 UTC 2026,null,0.033609404173110535
Thu Feb 26 13:00:00 UTC 2026,null,0.034025947229686215
Thu Feb 26 14:00:00 UTC 2026,null,0.03682896295012683
Thu Feb 26 15:00:00 UTC 2026,null,0.03774018341493224
Thu Feb 26 16:00:00 UTC 2026,null,0.03938301205402217
Thu Feb 26 17:00:00 UTC 2026,null,0.03706270088286212
Thu Feb 26 18:00:00 UTC 2026,null,0.035101358066746746
Thu Feb 26 19:00:00 UTC 2026,null,0.03828357175014241
Thu Feb 26 20:00:00 UTC 2026,null,0.03549707171773142
Thu Feb 26 21:00:00 UTC 2026,null,0.033557755968157243
Thu Feb 26 22:00:00 UTC 2026,null,0.0327869435434085
Thu Feb 26 23:00:00 UTC 2026,null,0.033365741152104444
Fri Feb 27 00:00:00 UTC 2026,null,0.03874688649300717
Fri Feb 27 01:00:00 UTC 2026,null,0.03542729324531857
Fri Feb 27 02:00:00 UTC 2026,null,0.04016901907730541
Fri Feb 27 03:00:00 UTC 2026,null,0.0424552965419418
Fri Feb 27 04:00:00 UTC 2026,null,0.03421922622400886
Fri Feb 27 05:00:00 UTC 2026,null,0.04132447729649269
Fri Feb 27 06:00:00 UTC 2026,null,0.03903662309782385
Fri Feb 27 07:00:00 UTC 2026,null,0.040629256745692954
Fri Feb 27 08:00:00 UTC 2026,null,0.039375666403830945
Fri Feb 27 09:00:00 UTC 2026,null,0.041972697501699185
Fri Feb 27 10:00:00 UTC 2026,null,0.042270156307225415
Fri Feb 27 11:00:00 UTC 2026,null,0.042512659791467344
Fri Feb 27 12:00:00 UTC 2026,null,0.040135950868509074
Fri Feb 27 13:00:00 UTC 2026,null,0.04974755538283793
Fri Feb 27 14:00:00 UTC 2026,null,0.04347472434299848
Fri Feb 27 15:00:00 UTC 2026,null,0.04410703751781675
Fri Feb 27 16:00:00 UTC 2026,null,0.04419416832354828
Fri Feb 27 17:00:00 UTC 2026,null,0.04668813447357678
Fri Feb 27 18:00:00 UTC 2026,null,0.048437950049477596
Fri Feb 27 19:00:00 UTC 2026,null,0.044509994047906565
Fri Feb 27 20:00:00 UTC 2026,null,0.04774368540520668
Sun Mar 01 21:00:00 UTC 2026,null,0.043424562589927884
Sun Mar 01 22:00:00 UTC 2026,null,0.04372238106956461
Sun Mar 01 23:00:00 UTC 2026,null,0.04101636371271988
Mon Mar 02 00:00:00 UTC 2026,null,0.05429690408924981
Mon Mar 02 01:00:00 UTC 2026,null,0.04153852601356034
Mon Mar 02 02:00:00 UTC 2026,null,0.04155560086324184
Mon Mar 02 03:00:00 UTC 2026,null,0.046210379492322984
Mon Mar 02 04:00:00 UTC 2026,null,0.041457794780696444
Mon Mar 02 05:00:00 UTC 2026,null,0.041023401097857404
Mon Mar 02 06:00:00 UTC 2026,null,0.04482684069066023
Mon Mar 02 07:00:00 UTC 2026,null,0.04453553291183776
Mon Mar 02 08:00:00 UTC 2026,null,0.0476252029883617
Mon Mar 02 09:00:00 UTC 2026,null,0.04039626725224155
Mon Mar 02 10:00:00 UTC 2026,null,0.04050990667598264
Mon Mar 02 11:00:00 UTC 2026,null,0.041532690042297205
Mon Mar 02 12:00:00 UTC 2026,null,0.043505812891092344
Mon Mar 02 13:00:00 UTC 2026,null,0.03987946579876955
Mon Mar 02 14:00:00 UTC 2026,null,0.03487852458373886
Mon Mar 02 15:00:00 UTC 2026,null,0.04253637686677059
Mon Mar 02 16:00:00 UTC 2026,null,0.03918766153818143
Mon Mar 02 17:00:00 UTC 2026,null,0.039735523797240546
Mon Mar 02 18:00:00 UTC 2026,null,0.03968596498937016
Mon Mar 02 19:00:00 UTC 2026,null,0.04179180160898399
Mon Mar 02 20:00:00 UTC 2026,null,0.039798667591179004
Mon Mar 02 21:00:00 UTC 2026,null,0.03755505741390053
Mon Mar 02 22:00:00 UTC 2026,null,0.03776718434268456
Mon Mar 02 23:00:00 UTC 2026,null,0.040741809640527205
Tue Mar 03 00:00:00 UTC 2026,null,0.038663129754744174
Tue Mar 03 01:00:00 UTC 2026,null,0.04184138301601048
Tue Mar 03 02:00:00 UTC 2026,null,0.0396686414484726
Tue Mar 03 03:00:00 UTC 2026,null,0.03956290403198248
Tue Mar 03 04:00:00 UTC 2026,null,0.044162731211718986
Tue Mar 03 05:00:00 UTC 2026,null,0.04714148849267663
Tue Mar 03 06:00:00 UTC 2026,null,0.04406286068058751
Tue Mar 03 07:00:00 UTC 2026,null,0.045577587311080414
Tue Mar 03 08:00:00 UTC 2026,null,0.04577620990882658
Tue Mar 03 09:00:00 UTC 2026,null,0.042678917310711606
Tue Mar 03 10:00:00 UTC 2026,null,0.04796206792126423
Tue Mar 03 11:00:00 UTC 2026,null,0.05197402280392094
Tue Mar 03 12:00:00 UTC 2026,null,0.04570171161084424
Tue Mar 03 13:00:00 UTC 2026,null,0.05156042451743481
Tue Mar 03 14:00:00 UTC 2026,null,0.04551550712861774
Tue Mar 03 15:00:00 UTC 2026,null,0.05241534462400943
Tue Mar 03 16:00:00 UTC 2026,null,0.05162100354711363
Tue Mar 03 17:00:00 UTC 2026,null,0.048859373620901536
Tue Mar 03 18:00:00 UTC 2026,null,0.04874788602781033
Tue Mar 03 19:00:00 UTC 2026,null,0.04693652721670816
Tue Mar 03 20:00:00 UTC 2026,null,0.04689303748251383
Tue Mar 03 21:00:00 UTC 2026,null,0.042369324009387865
Tue Mar 03 22:00:00 UTC 2026,null,0.04876723046591569
Tue Mar 03 23:00:00 UTC 2026,null,0.04774984997083531
Wed Mar 04 00:00:00 UTC 2026,null,0.04164414265611582
Wed Mar 04 01:00:00 UTC 2026,null,0.04794179556750944
Wed Mar 04 02:00:00 UTC 2026,null,0.04641496724126126
Wed Mar 04 03:00:00 UTC 2026,null,0.04487052325364771
Wed Mar 04 04:00:00 UTC 2026,null,0.047450842301066665
Wed Mar 04 05:00:00 UTC 2026,null,0.04632187161308665
Wed Mar 04 06:00:00 UTC 2026,null,0.04612361324903258
Wed Mar 04 07:00:00 UTC 2026,null,0.04542244854423716
Wed Mar 04 08:00:00 UTC 2026,null,0.04807167569900117
Wed Mar 04 09:00:00 UTC 2026,null,0.04836932235179181
Wed Mar 04 10:00:00 UTC 2026,null,0.05228466235911866
Wed Mar 04 11:00:00 UTC 2026,null,0.04407556638684751
Wed Mar 04 12:00:00 UTC 2026,null,0.047985186650871814
Wed Mar 04 13:00:00 UTC 2026,null,0.046235390833366585
Wed Mar 04 14:00:00 UTC 2026,null,0.049343920041444056
Wed Mar 04 15:00:00 UTC 2026,null,0.05316991210584776
Wed Mar 04 16:00:00 UTC 2026,null,0.05036052617945175
Wed Mar 04 17:00:00 UTC 2026,null,0.04549688307505373
Wed Mar 04 18:00:00 UTC 2026,null,0.043988953170159384
Wed Mar 04 19:00:00 UTC 2026,null,0.044237335527979926
Wed Mar 04 20:00:00 UTC 2026,null,0.04661961250407631
Wed Mar 04 21:00:00 UTC 2026,null,0.049212577949992564
Wed Mar 04 22:00:00 UTC 2026,null,0.047501177566393604
Wed Mar 04 23:00:00 UTC 2026,null,0.04759343420524531
Thu Mar 05 00:00:00 UTC 2026,null,0.0490219226681714
Thu Mar 05 01:00:00 UTC 2026,null,0.0475566786274344
Thu Mar 05 02:00:00 UTC 2026,null,0.047401822496924595
Thu Mar 05 03:00:00 UTC 2026,null,0.04372208478966133
Thu Mar 05 04:00:00 UTC 2026,null,0.04024162758881111
Thu Mar 05 05:00:00 UTC 2026,null,0.04314561966594166
Thu Mar 05 06:00:00 UTC 2026,null,0.04611105262628046
Thu Mar 05 07:00:00 UTC 2026,null,0.04293406989407278
Thu Mar 05 08:00:00 UTC 2026,null,0.03970717492903941
Thu Mar 05 09:00:00 UTC 2026,null,0.03849194402094569
Thu Mar 05 10:00:00 UTC 2026,null,0.03890519738471587
Thu Mar 05 11:00:00 UTC 2026,null,0.04184260562875597
Thu Mar 05 12:00:00 UTC 2026,null,0.042548570775136296
Thu Mar 05 13:00:00 UTC 2026,null,0.04390157359151292
Thu Mar 05 14:00:00 UTC 2026,null,0.041940551369163304
Thu Mar 05 15:00:00 UTC 2026,null,0.03824956215532871
Thu Mar 05 16:00:00 UTC 2026,null,0.033624041416460804
Thu Mar 05 17:00:00 UTC 2026,null,0.03238446959837393
Thu Mar 05 18:00:00 UTC 2026,null,0.0333396782241433
Thu Mar 05 19:00:00 UTC 2026,null,0.032325276694947336
Thu Mar 05 20:00:00 UTC 2026,null,0.030941299710878667
Thu Mar 05 21:00:00 UTC 2026,null,0.02970156378565436
Thu Mar 05 22:00:00 UTC 2026,null,0.03546542905701866
Thu Mar 05 23:00:00 UTC 2026,null,0.037227599737329475
Fri Mar 06 00:00:00 UTC 2026,null,0.039896151253226986
Fri Mar 06 01:00:00 UTC 2026,null,0.03700379945376975
Fri Mar 06 02:00:00 UTC 2026,null,0.041649989326166814
Fri Mar 06 03:00:00 UTC 2026,null,0.036795619343380714
Fri Mar 06 04:00:00 UTC 2026,null,0.039678203493238584
Fri Mar 06 05:00:00 UTC 2026,null,0.040546570899198775
Fri Mar 06 06:00:00 UTC 2026,null,0.040689695765750766
Fri Mar 06 07:00:00 UTC 2026,null,0.04188590087655508
Fri Mar 06 08:00:00 UTC 2026,null,0.04512459611626585
Fri Mar 06 09:00:00 UTC 2026,null,0.049125463058565355
Fri Mar 06 10:00:00 UTC 2026,null,0.04586290982041774
Fri Mar 06 11:00:00 UTC 2026,null,0.04493214388668787
Fri Mar 06 12:00:00 UTC 2026,null,0.03859844771596621
Fri Mar 06 13:00:00 UTC 2026,null,0.036889248444328615
Fri Mar 06 14:00:00 UTC 2026,null,0.044379774053593835
Fri Mar 06 15:00:00 UTC 2026,null,0.03608492812799291
Fri Mar 06 16:00:00 UTC 2026,null,0.043921335679482976
Fri Mar 06 17:00:00 UTC 2026,null,0.04169370470370892
Fri Mar 06 18:00:00 UTC 2026,null,0.039869668371883105
Fri Mar 06 19:00:00 UTC 2026,null,0.03564824412066736
Fri Mar 06 20:00:00 UTC 2026,null,0.041160707200237345
Sun Mar 08 21:00:00 UTC 2026,null,0.041878822468755184
Sun Mar 08 22:00:00 UTC 2026,null,0.04235158416300955
Sun Mar 08 23:00:00 UTC 2026,null,0.042593206600147315
Mon Mar 09 00:00:00 UTC 2026,null,0.046086514884221996
Mon Mar 09 01:00:00 UTC 2026,null,0.04023327012635525
