date,P_Kweek_51_Kday_89_ETE_67_ORD_67_EXT_86_E2Ekor_86_EXTkor_67_DIFF_23
Mon Feb 09 08:00:00 UTC 2026,0.4648315945967407
Mon Feb 09 09:00:00 UTC 2026,0.4648230485534547
Mon Feb 09 10:00:00 UTC 2026,0.46482274239229215
Mon Feb 09 11:00:00 UTC 2026,0.46482279356620404
Mon Feb 09 12:00:00 UTC 2026,0.46482244064267375
Mon Feb 09 13:00:00 UTC 2026,0.46482256769514463
Mon Feb 09 14:00:00 UTC 2026,0.46482283503471883
Mon Feb 09 15:00:00 UTC 2026,0.4648224265257325
Mon Feb 09 16:00:00 UTC 2026,0.4648228173885423
Mon Feb 09 17:00:00 UTC 2026,0.46482264269139484
Mon Feb 09 18:00:00 UTC 2026,0.4648226312213801
Mon Feb 09 19:00:00 UTC 2026,0.46482245828885027
Mon Feb 09 20:00:00 UTC 2026,0.46482239299799716
Mon Feb 09 21:00:00 UTC 2026,0.4648217462656279
Mon Feb 09 22:00:00 UTC 2026,0.46482217683233484
Mon Feb 09 23:00:00 UTC 2026,0.4648226550437184
Tue Feb 10 00:00:00 UTC 2026,0.46482279533082166
Tue Feb 10 01:00:00 UTC 2026,0.4648227512153804
Tue Feb 10 02:00:00 UTC 2026,0.4648233467738378
Tue Feb 10 03:00:00 UTC 2026,0.4648228712093807
Tue Feb 10 04:00:00 UTC 2026,0.4648227088645568
Tue Feb 10 05:00:00 UTC 2026,0.4648224926988945
Tue Feb 10 06:00:00 UTC 2026,0.46482243446651195
Tue Feb 10 07:00:00 UTC 2026,0.46482250593352686
Tue Feb 10 08:00:00 UTC 2026,0.4648227662146304
Tue Feb 10 09:00:00 UTC 2026,0.46482274239229215
Tue Feb 10 10:00:00 UTC 2026,0.4648227618030863
Tue Feb 10 11:00:00 UTC 2026,0.4648229567933368
Tue Feb 10 12:00:00 UTC 2026,0.4648230044380134
Tue Feb 10 13:00:00 UTC 2026,0.46482263916215955
Tue Feb 10 14:00:00 UTC 2026,0.46482292503021905
Tue Feb 10 15:00:00 UTC 2026,0.4648229744395133
Tue Feb 10 16:00:00 UTC 2026,0.46482302649573404
Tue Feb 10 17:00:00 UTC 2026,0.464822976204131
Tue Feb 10 18:00:00 UTC 2026,0.4648225800474682
Tue Feb 10 19:00:00 UTC 2026,0.4648227406276745
Tue Feb 10 20:00:00 UTC 2026,0.4648226003405712
Tue Feb 10 21:00:00 UTC 2026,0.46482252975586513
Tue Feb 10 22:00:00 UTC 2026,0.4648226479852478
Tue Feb 10 23:00:00 UTC 2026,0.46482267004296846
Wed Feb 11 00:00:00 UTC 2026,0.4648229320886897
Wed Feb 11 01:00:00 UTC 2026,0.4648230494357635
Wed Feb 11 02:00:00 UTC 2026,0.4648232717775876
Wed Feb 11 03:00:00 UTC 2026,0.4648234208877791
Wed Feb 11 04:00:00 UTC 2026,0.46482327442451404
Wed Feb 11 05:00:00 UTC 2026,0.46482347559092635
Wed Feb 11 06:00:00 UTC 2026,0.4648231138443078
Wed Feb 11 07:00:00 UTC 2026,0.46482307061117534
Wed Feb 11 08:00:00 UTC 2026,0.4648233370684407
Wed Feb 11 09:00:00 UTC 2026,0.46482265416140955
Wed Feb 11 10:00:00 UTC 2026,0.46482279356620404
Wed Feb 11 11:00:00 UTC 2026,0.4648225006396739
Wed Feb 11 12:00:00 UTC 2026,0.46482232594252637
Wed Feb 11 13:00:00 UTC 2026,0.46482209477761405
Wed Feb 11 14:00:00 UTC 2026,0.4648222950617175
Wed Feb 11 15:00:00 UTC 2026,0.46482235594102644
Wed Feb 11 16:00:00 UTC 2026,0.46482276886155693
Wed Feb 11 17:00:00 UTC 2026,0.4648225112273798
Wed Feb 11 18:00:00 UTC 2026,0.46482279356620404
Wed Feb 11 19:00:00 UTC 2026,0.46482276709693926
Wed Feb 11 20:00:00 UTC 2026,0.4648224432896002
Wed Feb 11 21:00:00 UTC 2026,0.4648215115714802
Wed Feb 11 22:00:00 UTC 2026,0.46482205419140804
Wed Feb 11 23:00:00 UTC 2026,0.4648225765182329
Thu Feb 12 00:00:00 UTC 2026,0.4648224044680119
Thu Feb 12 01:00:00 UTC 2026,0.46482258357670353
Thu Feb 12 02:00:00 UTC 2026,0.4648224300549678
Thu Feb 12 03:00:00 UTC 2026,0.46482234535332057
Thu Feb 12 04:00:00 UTC 2026,0.46482219624312904
Thu Feb 12 05:00:00 UTC 2026,0.46482239299799716
Thu Feb 12 06:00:00 UTC 2026,0.4648224971104386
Thu Feb 12 07:00:00 UTC 2026,0.46482240270339426
Thu Feb 12 08:00:00 UTC 2026,0.4648220074290403
Thu Feb 12 09:00:00 UTC 2026,0.464821770970275
Thu Feb 12 10:00:00 UTC 2026,0.4648216783278483
Thu Feb 12 11:00:00 UTC 2026,0.4648218080272457
Thu Feb 12 12:00:00 UTC 2026,0.4648217771464368
Thu Feb 12 13:00:00 UTC 2026,0.4648219086104518
Thu Feb 12 14:00:00 UTC 2026,0.46482198448901085
Thu Feb 12 15:00:00 UTC 2026,0.4648219086104518
Thu Feb 12 16:00:00 UTC 2026,0.46482182037956926
Thu Feb 12 17:00:00 UTC 2026,0.4648215998023628
Thu Feb 12 18:00:00 UTC 2026,0.4648216148016128
Thu Feb 12 19:00:00 UTC 2026,0.46482152833534796
Thu Feb 12 20:00:00 UTC 2026,0.46482152215918615
Thu Feb 12 21:00:00 UTC 2026,0.4648206027933897
Thu Feb 12 22:00:00 UTC 2026,0.46482101394930253
Thu Feb 12 23:00:00 UTC 2026,0.46482166685783355
Fri Feb 13 00:00:00 UTC 2026,0.4648216474470394
Fri Feb 13 01:00:00 UTC 2026,0.4648213915774799
Fri Feb 13 02:00:00 UTC 2026,0.46482169950326013
Fri Feb 13 03:00:00 UTC 2026,0.4648217577356426
Fri Feb 13 04:00:00 UTC 2026,0.46482139775364173
Fri Feb 13 05:00:00 UTC 2026,0.4648212980527444
Fri Feb 13 06:00:00 UTC 2026,0.46482109247478803
Fri Feb 13 07:00:00 UTC 2026,0.46482170391480426
Fri Feb 13 08:00:00 UTC 2026,0.4648215239238038
Fri Feb 13 09:00:00 UTC 2026,0.46482169332709833
Fri Feb 13 10:00:00 UTC 2026,0.4648213756959211
Fri Feb 13 11:00:00 UTC 2026,0.4648213721666858
Fri Feb 13 12:00:00 UTC 2026,0.46482116129487644
Fri Feb 13 13:00:00 UTC 2026,0.4648215239238038
Fri Feb 13 14:00:00 UTC 2026,0.4648214886314508
Fri Feb 13 15:00:00 UTC 2026,0.4648214109882741
Fri Feb 13 16:00:00 UTC 2026,0.46482147627912723
Fri Feb 13 17:00:00 UTC 2026,0.46482148774914195
Fri Feb 13 18:00:00 UTC 2026,0.4648217268548337
Fri Feb 13 19:00:00 UTC 2026,0.4648216050962158
Fri Feb 13 20:00:00 UTC 2026,0.46482075102127246
Fri Feb 13 21:00:00 UTC 2026,0.46482075102127246
Fri Feb 13 22:00:00 UTC 2026,0.46482075102127246
Fri Feb 13 23:00:00 UTC 2026,0.46482075102127246
Sat Feb 14 00:00:00 UTC 2026,0.46482075102127246
Sat Feb 14 01:00:00 UTC 2026,0.46482075102127246
Sat Feb 14 02:00:00 UTC 2026,0.46482075102127246
Sat Feb 14 03:00:00 UTC 2026,0.46482075102127246
Sat Feb 14 04:00:00 UTC 2026,0.46482075102127246
Sat Feb 14 05:00:00 UTC 2026,0.46482075102127246
Sat Feb 14 06:00:00 UTC 2026,0.46482075102127246
Sat Feb 14 07:00:00 UTC 2026,0.46482075102127246
Sat Feb 14 08:00:00 UTC 2026,0.46482075102127246
Sat Feb 14 09:00:00 UTC 2026,0.46482075102127246
Sat Feb 14 10:00:00 UTC 2026,0.46482075102127246
Sat Feb 14 11:00:00 UTC 2026,0.46482075102127246
Sat Feb 14 12:00:00 UTC 2026,0.46482075102127246
Sat Feb 14 13:00:00 UTC 2026,0.46482075102127246
Sat Feb 14 14:00:00 UTC 2026,0.46482075102127246
Sat Feb 14 15:00:00 UTC 2026,0.46482075102127246
Sat Feb 14 16:00:00 UTC 2026,0.46482075102127246
Sat Feb 14 17:00:00 UTC 2026,0.46482075102127246
Sat Feb 14 18:00:00 UTC 2026,0.46482075102127246
Sat Feb 14 19:00:00 UTC 2026,0.46482075102127246
Sat Feb 14 20:00:00 UTC 2026,0.46482075102127246
Sat Feb 14 21:00:00 UTC 2026,0.46482075102127246
Sat Feb 14 22:00:00 UTC 2026,0.46482075102127246
Sat Feb 14 23:00:00 UTC 2026,0.46482075102127246
Sun Feb 15 00:00:00 UTC 2026,0.46482075102127246
Sun Feb 15 01:00:00 UTC 2026,0.46482075102127246
Sun Feb 15 02:00:00 UTC 2026,0.46482075102127246
Sun Feb 15 03:00:00 UTC 2026,0.46482075102127246
Sun Feb 15 04:00:00 UTC 2026,0.46482075102127246
Sun Feb 15 05:00:00 UTC 2026,0.46482075102127246
Sun Feb 15 06:00:00 UTC 2026,0.46482075102127246
Sun Feb 15 07:00:00 UTC 2026,0.46482075102127246
Sun Feb 15 08:00:00 UTC 2026,0.46482075102127246
Sun Feb 15 09:00:00 UTC 2026,0.46482075102127246
Sun Feb 15 10:00:00 UTC 2026,0.46482075102127246
Sun Feb 15 11:00:00 UTC 2026,0.46482075102127246
Sun Feb 15 12:00:00 UTC 2026,0.46482075102127246
Sun Feb 15 13:00:00 UTC 2026,0.46482075102127246
Sun Feb 15 14:00:00 UTC 2026,0.46482075102127246
Sun Feb 15 15:00:00 UTC 2026,0.46482075102127246
Sun Feb 15 16:00:00 UTC 2026,0.46482075102127246
Sun Feb 15 17:00:00 UTC 2026,0.46482075102127246
Sun Feb 15 18:00:00 UTC 2026,0.46482075102127246
Sun Feb 15 19:00:00 UTC 2026,0.46482075102127246
Sun Feb 15 20:00:00 UTC 2026,0.46482075102127246
Sun Feb 15 21:00:00 UTC 2026,0.4648200566442266
Sun Feb 15 22:00:00 UTC 2026,0.4648204475070364
Sun Feb 15 23:00:00 UTC 2026,0.4648214692206566
Mon Feb 16 00:00:00 UTC 2026,0.46482161215468637
Mon Feb 16 01:00:00 UTC 2026,0.46482196772514317
Mon Feb 16 02:00:00 UTC 2026,0.4648218036157016
Mon Feb 16 03:00:00 UTC 2026,0.46482259504671825
Mon Feb 16 04:00:00 UTC 2026,0.46482262945676245
Mon Feb 16 05:00:00 UTC 2026,0.46482240270339426
Mon Feb 16 06:00:00 UTC 2026,0.464822565930527
Mon Feb 16 07:00:00 UTC 2026,0.46482220771314375
Mon Feb 16 08:00:00 UTC 2026,0.46482171891405427
Mon Feb 16 09:00:00 UTC 2026,0.464821598920054
Mon Feb 16 10:00:00 UTC 2026,0.4648217595002603
Mon Feb 16 11:00:00 UTC 2026,0.4648219139043048
Mon Feb 16 12:00:00 UTC 2026,0.4648216721516865
Mon Feb 16 13:00:00 UTC 2026,0.4648217427363926
Mon Feb 16 14:00:00 UTC 2026,0.4648218803765694
Mon Feb 16 15:00:00 UTC 2026,0.4648219791951579
Mon Feb 16 16:00:00 UTC 2026,0.4648218742004076
Mon Feb 16 17:00:00 UTC 2026,0.46482167921015716
Mon Feb 16 18:00:00 UTC 2026,0.4648216050962158
Mon Feb 16 19:00:00 UTC 2026,0.4648214789260537
Mon Feb 16 20:00:00 UTC 2026,0.46482109688633216
Mon Feb 16 21:00:00 UTC 2026,0.46482065926115457
Mon Feb 16 22:00:00 UTC 2026,0.46482080219518435
Mon Feb 16 23:00:00 UTC 2026,0.4648212045280089
Tue Feb 17 00:00:00 UTC 2026,0.4648208789560522
Tue Feb 17 01:00:00 UTC 2026,0.46482075278589013
Tue Feb 17 02:00:00 UTC 2026,0.46482064161497805
Tue Feb 17 03:00:00 UTC 2026,0.46482069367119877
Tue Feb 17 04:00:00 UTC 2026,0.4648211057094204
Tue Feb 17 05:00:00 UTC 2026,0.4648209865977289
Tue Feb 17 06:00:00 UTC 2026,0.46482055426640434
Tue Feb 17 07:00:00 UTC 2026,0.464820885132214
Tue Feb 17 08:00:00 UTC 2026,0.46482069543581644
Tue Feb 17 09:00:00 UTC 2026,0.4648203663346244
Tue Feb 17 10:00:00 UTC 2026,0.4648203716284774
Tue Feb 17 11:00:00 UTC 2026,0.4648207554328166
Tue Feb 17 12:00:00 UTC 2026,0.4648204730939923
Tue Feb 17 13:00:00 UTC 2026,0.4648208966022287
Tue Feb 17 14:00:00 UTC 2026,0.4648208454283168
Tue Feb 17 15:00:00 UTC 2026,0.46482097689233187
Tue Feb 17 16:00:00 UTC 2026,0.4648208701329639
Tue Feb 17 17:00:00 UTC 2026,0.46482074749203717
Tue Feb 17 18:00:00 UTC 2026,0.4648207492566548
Tue Feb 17 19:00:00 UTC 2026,0.4648208568983315
Tue Feb 17 20:00:00 UTC 2026,0.46482070778814
Tue Feb 17 21:00:00 UTC 2026,0.4648202489875506
Tue Feb 17 22:00:00 UTC 2026,0.4648205330909925
Tue Feb 17 23:00:00 UTC 2026,0.4648208074890373
Wed Feb 18 00:00:00 UTC 2026,0.46482114541331754
Wed Feb 18 01:00:00 UTC 2026,0.46482151510071557
Wed Feb 18 02:00:00 UTC 2026,0.4648213968713329
Wed Feb 18 03:00:00 UTC 2026,0.46482149921915666
Wed Feb 18 04:00:00 UTC 2026,0.4648210271839349
Wed Feb 18 05:00:00 UTC 2026,0.4648212874650385
Wed Feb 18 06:00:00 UTC 2026,0.4648211542364058
Wed Feb 18 07:00:00 UTC 2026,0.4648211718825823
Wed Feb 18 08:00:00 UTC 2026,0.464821153354097
Wed Feb 18 09:00:00 UTC 2026,0.4648212601134649
Wed Feb 18 10:00:00 UTC 2026,0.46482072984586065
Wed Feb 18 11:00:00 UTC 2026,0.46482058867644854
Wed Feb 18 12:00:00 UTC 2026,0.4648205189740513
Wed Feb 18 13:00:00 UTC 2026,0.464820434272404
Wed Feb 18 14:00:00 UTC 2026,0.4648203698638597
Wed Feb 18 15:00:00 UTC 2026,0.46482037074616855
Wed Feb 18 16:00:00 UTC 2026,0.46482037427540385
Wed Feb 18 17:00:00 UTC 2026,0.4648200875250355
Wed Feb 18 18:00:00 UTC 2026,0.4648203698638597
Wed Feb 18 19:00:00 UTC 2026,0.4648204686824482
Wed Feb 18 20:00:00 UTC 2026,0.46482031163147725
Wed Feb 18 21:00:00 UTC 2026,0.46481942402879856
Wed Feb 18 22:00:00 UTC 2026,0.46481982106777014
Wed Feb 18 23:00:00 UTC 2026,0.4648200266457265
Thu Feb 19 00:00:00 UTC 2026,0.4648203716284774
Thu Feb 19 01:00:00 UTC 2026,0.4648204536831982
Thu Feb 19 02:00:00 UTC 2026,0.4648205172094336
Thu Feb 19 03:00:00 UTC 2026,0.4648207016119782
Thu Feb 19 04:00:00 UTC 2026,0.46482051191558066
Thu Feb 19 05:00:00 UTC 2026,0.46482035927615384
Thu Feb 19 06:00:00 UTC 2026,0.4648208321936844
Thu Feb 19 07:00:00 UTC 2026,0.4648210060085231
Thu Feb 19 08:00:00 UTC 2026,0.4648206883773458
Thu Feb 19 09:00:00 UTC 2026,0.4648208507221698
Thu Feb 19 10:00:00 UTC 2026,0.46482050662172775
Thu Feb 19 11:00:00 UTC 2026,0.46482048985786006
Thu Feb 19 12:00:00 UTC 2026,0.46482065926115457
Thu Feb 19 13:00:00 UTC 2026,0.46482072719893414
Thu Feb 19 14:00:00 UTC 2026,0.4648205392671543
Thu Feb 19 15:00:00 UTC 2026,0.4648209195422582
Thu Feb 19 16:00:00 UTC 2026,0.46482050838634537
Thu Feb 19 17:00:00 UTC 2026,0.46482055779563963
Thu Feb 19 18:00:00 UTC 2026,0.46482052779713956
Thu Feb 19 19:00:00 UTC 2026,0.46482060985186036
Thu Feb 19 20:00:00 UTC 2026,0.4648203963331245
Thu Feb 19 21:00:00 UTC 2026,0.46482025075216826
Thu Feb 19 22:00:00 UTC 2026,0.46482055250178667
Thu Feb 19 23:00:00 UTC 2026,0.4648208145475079
Fri Feb 20 00:00:00 UTC 2026,0.4648208621921845
Fri Feb 20 01:00:00 UTC 2026,0.46482067867194876
Fri Feb 20 02:00:00 UTC 2026,0.4648207704320666
Fri Feb 20 03:00:00 UTC 2026,0.46482093983536116
Fri Feb 20 04:00:00 UTC 2026,0.46482111365019985
Fri Feb 20 05:00:00 UTC 2026,0.4648208604275669
Fri Feb 20 06:00:00 UTC 2026,0.46482089395530224
Fri Feb 20 07:00:00 UTC 2026,0.46482105630012616
Fri Feb 20 08:00:00 UTC 2026,0.46482120276339123
Fri Feb 20 09:00:00 UTC 2026,0.4648211365902293
Fri Feb 20 10:00:00 UTC 2026,0.4648211012978763
Fri Feb 20 11:00:00 UTC 2026,0.46482099453850834
Fri Feb 20 12:00:00 UTC 2026,0.46482076602052247
Fri Feb 20 13:00:00 UTC 2026,0.46482060014646326
Fri Feb 20 14:00:00 UTC 2026,0.46482060014646326
Fri Feb 20 15:00:00 UTC 2026,0.46482074131587536
Fri Feb 20 16:00:00 UTC 2026,0.46482066896655166
Fri Feb 20 17:00:00 UTC 2026,0.46482065132037514
Fri Feb 20 18:00:00 UTC 2026,0.4648206769073311
Fri Feb 20 19:00:00 UTC 2026,0.46482059044106616
Fri Feb 20 20:00:00 UTC 2026,0.4648204122146834
Fri Feb 20 21:00:00 UTC 2026,0.4648204122146834
Fri Feb 20 22:00:00 UTC 2026,0.4648204122146834
Fri Feb 20 23:00:00 UTC 2026,0.4648204122146834
Sat Feb 21 00:00:00 UTC 2026,0.4648204122146834
Sat Feb 21 01:00:00 UTC 2026,0.4648204122146834
Sat Feb 21 02:00:00 UTC 2026,0.4648204122146834
Sat Feb 21 03:00:00 UTC 2026,0.4648204122146834
Sat Feb 21 04:00:00 UTC 2026,0.4648204122146834
Sat Feb 21 05:00:00 UTC 2026,0.4648204122146834
Sat Feb 21 06:00:00 UTC 2026,0.4648204122146834
Sat Feb 21 07:00:00 UTC 2026,0.4648204122146834
Sat Feb 21 08:00:00 UTC 2026,0.4648204122146834
Sat Feb 21 09:00:00 UTC 2026,0.4648204122146834
Sat Feb 21 10:00:00 UTC 2026,0.4648204122146834
Sat Feb 21 11:00:00 UTC 2026,0.4648204122146834
Sat Feb 21 12:00:00 UTC 2026,0.4648204122146834
Sat Feb 21 13:00:00 UTC 2026,0.4648204122146834
Sat Feb 21 14:00:00 UTC 2026,0.4648204122146834
Sat Feb 21 15:00:00 UTC 2026,0.4648204122146834
Sat Feb 21 16:00:00 UTC 2026,0.4648204122146834
Sat Feb 21 17:00:00 UTC 2026,0.4648204122146834
Sat Feb 21 18:00:00 UTC 2026,0.4648204122146834
Sat Feb 21 19:00:00 UTC 2026,0.4648204122146834
Sat Feb 21 20:00:00 UTC 2026,0.4648204122146834
Sat Feb 21 21:00:00 UTC 2026,0.4648204122146834
Sat Feb 21 22:00:00 UTC 2026,0.4648204122146834
Sat Feb 21 23:00:00 UTC 2026,0.4648204122146834
Sun Feb 22 00:00:00 UTC 2026,0.4648204122146834
Sun Feb 22 01:00:00 UTC 2026,0.4648204122146834
Sun Feb 22 02:00:00 UTC 2026,0.4648204122146834
Sun Feb 22 03:00:00 UTC 2026,0.4648204122146834
Sun Feb 22 04:00:00 UTC 2026,0.4648204122146834
Sun Feb 22 05:00:00 UTC 2026,0.4648204122146834
Sun Feb 22 06:00:00 UTC 2026,0.4648204122146834
Sun Feb 22 07:00:00 UTC 2026,0.4648204122146834
Sun Feb 22 08:00:00 UTC 2026,0.4648204122146834
Sun Feb 22 09:00:00 UTC 2026,0.4648204122146834
Sun Feb 22 10:00:00 UTC 2026,0.4648204122146834
Sun Feb 22 11:00:00 UTC 2026,0.4648204122146834
Sun Feb 22 12:00:00 UTC 2026,0.4648204122146834
Sun Feb 22 13:00:00 UTC 2026,0.4648204122146834
Sun Feb 22 14:00:00 UTC 2026,0.4648204122146834
Sun Feb 22 15:00:00 UTC 2026,0.4648204122146834
Sun Feb 22 16:00:00 UTC 2026,0.4648204122146834
Sun Feb 22 17:00:00 UTC 2026,0.4648204122146834
Sun Feb 22 18:00:00 UTC 2026,0.4648204122146834
Sun Feb 22 19:00:00 UTC 2026,0.4648204122146834
Sun Feb 22 20:00:00 UTC 2026,0.4648204122146834
Sun Feb 22 21:00:00 UTC 2026,0.4648195263766223
Sun Feb 22 22:00:00 UTC 2026,0.464820297514536
Sun Feb 22 23:00:00 UTC 2026,0.4648205648541102
Mon Feb 23 00:00:00 UTC 2026,0.4648209504230671
Mon Feb 23 01:00:00 UTC 2026,0.46482131569892093
Mon Feb 23 02:00:00 UTC 2026,0.4648211189440528
Mon Feb 23 03:00:00 UTC 2026,0.4648211639418029
Mon Feb 23 04:00:00 UTC 2026,0.4648209848331113
Mon Feb 23 05:00:00 UTC 2026,0.4648210033615966
Mon Feb 23 06:00:00 UTC 2026,0.46482079160747847
Mon Feb 23 07:00:00 UTC 2026,0.46482094601152296
Mon Feb 23 08:00:00 UTC 2026,0.46482106247628796
Mon Feb 23 09:00:00 UTC 2026,0.46482081984136087
Mon Feb 23 10:00:00 UTC 2026,0.46482079513671376
Mon Feb 23 11:00:00 UTC 2026,0.46482071661122826
Mon Feb 23 12:00:00 UTC 2026,0.46482005399730014
Mon Feb 23 13:00:00 UTC 2026,0.4648202251652123
Mon Feb 23 14:00:00 UTC 2026,0.464819892534785
Mon Feb 23 15:00:00 UTC 2026,0.46482015722743275
Mon Feb 23 16:00:00 UTC 2026,0.4648199781187411
Mon Feb 23 17:00:00 UTC 2026,0.46482026751603595
Mon Feb 23 18:00:00 UTC 2026,0.46481998164797644
Mon Feb 23 19:00:00 UTC 2026,0.46481986518321144
Mon Feb 23 20:00:00 UTC 2026,0.4648199728248882
Mon Feb 23 21:00:00 UTC 2026,0.46481962431290197
Mon Feb 23 22:00:00 UTC 2026,0.46481956078666653
Mon Feb 23 23:00:00 UTC 2026,0.46481959607901957
Tue Feb 24 00:00:00 UTC 2026,0.46481970107376985
Tue Feb 24 01:00:00 UTC 2026,0.46482031957225667
Tue Feb 24 02:00:00 UTC 2026,0.4648201431104915
Tue Feb 24 03:00:00 UTC 2026,0.4648203998623598
Tue Feb 24 04:00:00 UTC 2026,0.46482054456100724
Tue Feb 24 05:00:00 UTC 2026,0.4648205339733013
Tue Feb 24 06:00:00 UTC 2026,0.46482040692083043
Tue Feb 24 07:00:00 UTC 2026,0.4648202401644624
Tue Feb 24 08:00:00 UTC 2026,0.46482012634662384
Tue Feb 24 09:00:00 UTC 2026,0.4648198254793143
Tue Feb 24 10:00:00 UTC 2026,0.46481981753853485
Tue Feb 24 11:00:00 UTC 2026,0.4648198272439319
Tue Feb 24 12:00:00 UTC 2026,0.4648198157739172
Tue Feb 24 13:00:00 UTC 2026,0.46482000988185884
Tue Feb 24 14:00:00 UTC 2026,0.46482009634812377
Tue Feb 24 15:00:00 UTC 2026,0.46481999311799116
Tue Feb 24 16:00:00 UTC 2026,0.46482021193057993
Tue Feb 24 17:00:00 UTC 2026,0.4648200795842561
Tue Feb 24 18:00:00 UTC 2026,0.4648200019410794
Tue Feb 24 19:00:00 UTC 2026,0.4648197575415347
Tue Feb 24 20:00:00 UTC 2026,0.464819598725946
Tue Feb 24 21:00:00 UTC 2026,0.4648192246270039
Tue Feb 24 22:00:00 UTC 2026,0.4648194399103574
Tue Feb 24 23:00:00 UTC 2026,0.4648196613698727
Wed Feb 25 00:00:00 UTC 2026,0.46481964989985797
Wed Feb 25 01:00:00 UTC 2026,0.46481981842084363
Wed Feb 25 02:00:00 UTC 2026,0.4648199913533735
Wed Feb 25 03:00:00 UTC 2026,0.46482032839534493
Wed Feb 25 04:00:00 UTC 2026,0.4648200398803589
Wed Feb 25 05:00:00 UTC 2026,0.46482027898605066
Wed Feb 25 06:00:00 UTC 2026,0.46482034604152145
Wed Feb 25 07:00:00 UTC 2026,0.46482037427540385
Wed Feb 25 08:00:00 UTC 2026,0.46482025251678594
Wed Feb 25 09:00:00 UTC 2026,0.4648203469238303
Wed Feb 25 10:00:00 UTC 2026,0.4648201501689621
Wed Feb 25 11:00:00 UTC 2026,0.4648198713593732
Wed Feb 25 12:00:00 UTC 2026,0.46481997017796167
Wed Feb 25 13:00:00 UTC 2026,0.4648200116464765
Wed Feb 25 14:00:00 UTC 2026,0.46482004252728537
Wed Feb 25 15:00:00 UTC 2026,0.4648199604725646
Wed Feb 25 16:00:00 UTC 2026,0.46481981842084363
Wed Feb 25 17:00:00 UTC 2026,0.46481989165247617
Wed Feb 25 18:00:00 UTC 2026,0.464819720484564
Wed Feb 25 19:00:00 UTC 2026,0.46481979106927007
Wed Feb 25 20:00:00 UTC 2026,0.46481987224168203
Wed Feb 25 21:00:00 UTC 2026,0.4648193269748277
Wed Feb 25 22:00:00 UTC 2026,0.46481952814124
Wed Feb 25 23:00:00 UTC 2026,0.4648200116464765
Thu Feb 26 00:00:00 UTC 2026,0.46481990047556443
Thu Feb 26 01:00:00 UTC 2026,0.46481979636312304
Thu Feb 26 02:00:00 UTC 2026,0.4648197822461818
Thu Feb 26 03:00:00 UTC 2026,0.4648198095977554
Thu Feb 26 04:00:00 UTC 2026,0.4648198987109468
Thu Feb 26 05:00:00 UTC 2026,0.46481971166147573
Thu Feb 26 06:00:00 UTC 2026,0.4648199304740645
Thu Feb 26 07:00:00 UTC 2026,0.46481974871844645
Thu Feb 26 08:00:00 UTC 2026,0.46481961990135784
Thu Feb 26 09:00:00 UTC 2026,0.464819938414844
Thu Feb 26 10:00:00 UTC 2026,0.4648199516494763
Thu Feb 26 11:00:00 UTC 2026,0.4648199084163439
Thu Feb 26 12:00:00 UTC 2026,0.46482031868994783
Thu Feb 26 13:00:00 UTC 2026,0.4648198907701674
Thu Feb 26 14:00:00 UTC 2026,0.46481990047556443
Thu Feb 26 15:00:00 UTC 2026,0.46481979459850536
Thu Feb 26 16:00:00 UTC 2026,0.46481977342309355
Thu Feb 26 17:00:00 UTC 2026,0.46481964019446087
Thu Feb 26 18:00:00 UTC 2026,0.4648198431254908
Thu Feb 26 19:00:00 UTC 2026,0.4648196631344903
Thu Feb 26 20:00:00 UTC 2026,0.4648195643159018
Thu Feb 26 21:00:00 UTC 2026,0.46481938608951906
Thu Feb 26 22:00:00 UTC 2026,0.46481933403329834
Thu Feb 26 23:00:00 UTC 2026,0.4648196746045051
Fri Feb 27 00:00:00 UTC 2026,0.4648195740212989
Fri Feb 27 01:00:00 UTC 2026,0.4648194575565339
Fri Feb 27 02:00:00 UTC 2026,0.4648196137251961
Fri Feb 27 03:00:00 UTC 2026,0.46481951667122523
Fri Feb 27 04:00:00 UTC 2026,0.4648196993091522
Fri Feb 27 05:00:00 UTC 2026,0.46481968872144624
Fri Feb 27 06:00:00 UTC 2026,0.46481979812774066
Fri Feb 27 07:00:00 UTC 2026,0.4648199631194911
Fri Feb 27 08:00:00 UTC 2026,0.464819953414094
Fri Feb 27 09:00:00 UTC 2026,0.4648199225332851
Fri Feb 27 10:00:00 UTC 2026,0.46481980783313775
Fri Feb 27 11:00:00 UTC 2026,0.4648196304890638
Fri Feb 27 12:00:00 UTC 2026,0.46481945490960747
Fri Feb 27 13:00:00 UTC 2026,0.4648194381457398
Fri Feb 27 14:00:00 UTC 2026,0.4648196269598285
Fri Feb 27 15:00:00 UTC 2026,0.4648195396112547
Fri Feb 27 16:00:00 UTC 2026,0.4648196004905637
Fri Feb 27 17:00:00 UTC 2026,0.46481978048156414
Fri Feb 27 18:00:00 UTC 2026,0.4648197231314905
Fri Feb 27 19:00:00 UTC 2026,0.46481964901754913
Fri Feb 27 20:00:00 UTC 2026,0.4648193534440925
Fri Feb 27 21:00:00 UTC 2026,0.4648193534440925
Fri Feb 27 22:00:00 UTC 2026,0.4648193534440925
Fri Feb 27 23:00:00 UTC 2026,0.4648193534440925
Sat Feb 28 00:00:00 UTC 2026,0.4648193534440925
Sat Feb 28 01:00:00 UTC 2026,0.4648193534440925
Sat Feb 28 02:00:00 UTC 2026,0.4648193534440925
Sat Feb 28 03:00:00 UTC 2026,0.4648193534440925
Sat Feb 28 04:00:00 UTC 2026,0.4648193534440925
Sat Feb 28 05:00:00 UTC 2026,0.4648193534440925
Sat Feb 28 06:00:00 UTC 2026,0.4648193534440925
Sat Feb 28 07:00:00 UTC 2026,0.4648193534440925
Sat Feb 28 08:00:00 UTC 2026,0.4648193534440925
Sat Feb 28 09:00:00 UTC 2026,0.4648193534440925
Sat Feb 28 10:00:00 UTC 2026,0.4648193534440925
Sat Feb 28 11:00:00 UTC 2026,0.4648193534440925
Sat Feb 28 12:00:00 UTC 2026,0.4648193534440925
Sat Feb 28 13:00:00 UTC 2026,0.4648193534440925
Sat Feb 28 14:00:00 UTC 2026,0.4648193534440925
Sat Feb 28 15:00:00 UTC 2026,0.4648193534440925
Sat Feb 28 16:00:00 UTC 2026,0.4648193534440925
Sat Feb 28 17:00:00 UTC 2026,0.4648193534440925
Sat Feb 28 18:00:00 UTC 2026,0.4648193534440925
Sat Feb 28 19:00:00 UTC 2026,0.4648193534440925
Sat Feb 28 20:00:00 UTC 2026,0.4648193534440925
Sat Feb 28 21:00:00 UTC 2026,0.4648193534440925
Sat Feb 28 22:00:00 UTC 2026,0.4648193534440925
Sat Feb 28 23:00:00 UTC 2026,0.4648193534440925
Sun Mar 01 00:00:00 UTC 2026,0.4648193534440925
Sun Mar 01 01:00:00 UTC 2026,0.4648193534440925
Sun Mar 01 02:00:00 UTC 2026,0.4648193534440925
Sun Mar 01 03:00:00 UTC 2026,0.4648193534440925
Sun Mar 01 04:00:00 UTC 2026,0.4648193534440925
Sun Mar 01 05:00:00 UTC 2026,0.4648193534440925
Sun Mar 01 06:00:00 UTC 2026,0.4648193534440925
Sun Mar 01 07:00:00 UTC 2026,0.4648193534440925
Sun Mar 01 08:00:00 UTC 2026,0.4648193534440925
Sun Mar 01 09:00:00 UTC 2026,0.4648193534440925
Sun Mar 01 10:00:00 UTC 2026,0.4648193534440925
Sun Mar 01 11:00:00 UTC 2026,0.4648193534440925
Sun Mar 01 12:00:00 UTC 2026,0.4648193534440925
Sun Mar 01 13:00:00 UTC 2026,0.4648193534440925
Sun Mar 01 14:00:00 UTC 2026,0.4648193534440925
Sun Mar 01 15:00:00 UTC 2026,0.4648193534440925
Sun Mar 01 16:00:00 UTC 2026,0.4648193534440925
Sun Mar 01 17:00:00 UTC 2026,0.4648193534440925
Sun Mar 01 18:00:00 UTC 2026,0.4648193534440925
Sun Mar 01 19:00:00 UTC 2026,0.4648193534440925
Sun Mar 01 20:00:00 UTC 2026,0.4648193534440925
Sun Mar 01 21:00:00 UTC 2026,0.4648182849681045
Sun Mar 01 22:00:00 UTC 2026,0.4648187243578997
Sun Mar 01 23:00:00 UTC 2026,0.4648193057994159
Mon Mar 02 00:00:00 UTC 2026,0.4648195254943135
Mon Mar 02 01:00:00 UTC 2026,0.46481965872294617
Mon Mar 02 02:00:00 UTC 2026,0.46481967019296094
Mon Mar 02 03:00:00 UTC 2026,0.46481987665322616
Mon Mar 02 04:00:00 UTC 2026,0.4648196957799169
