date,P_Kweek_14_Kday_61_ETE_67_ORD_67_EXT_82_E2Ekor_81_EXTkor_67_DIFF_22
Mon Feb 09 06:00:00 UTC 2026,202.11386281442356
Mon Feb 09 07:00:00 UTC 2026,202.11334035483802
Mon Feb 09 08:00:00 UTC 2026,202.11337081212326
Mon Feb 09 09:00:00 UTC 2026,202.11334866137037
Mon Feb 09 10:00:00 UTC 2026,202.11333055738962
Mon Feb 09 11:00:00 UTC 2026,202.11333428467978
Mon Feb 09 12:00:00 UTC 2026,202.11332395476134
Mon Feb 09 13:00:00 UTC 2026,202.1133472769483
Mon Feb 09 14:00:00 UTC 2026,202.11334631850227
Mon Feb 09 15:00:00 UTC 2026,202.11338646674193
Mon Feb 09 16:00:00 UTC 2026,202.11337453941343
Mon Feb 09 17:00:00 UTC 2026,202.11335728738473
Mon Feb 09 18:00:00 UTC 2026,202.11335494451663
Mon Feb 09 19:00:00 UTC 2026,202.11336527443504
Mon Feb 09 20:00:00 UTC 2026,202.11332640412346
Mon Feb 09 21:00:00 UTC 2026,202.11328252859363
Mon Feb 09 22:00:00 UTC 2026,202.11331607420502
Mon Feb 09 23:00:00 UTC 2026,202.1133445081042
Tue Feb 10 00:00:00 UTC 2026,202.11334365615215
Tue Feb 10 01:00:00 UTC 2026,202.1133793316436
Tue Feb 10 02:00:00 UTC 2026,202.113363783519
Tue Feb 10 03:00:00 UTC 2026,202.11335579646865
Tue Feb 10 04:00:00 UTC 2026,202.11334578603226
Tue Feb 10 05:00:00 UTC 2026,202.11334248471812
Tue Feb 10 06:00:00 UTC 2026,202.11333598858386
Tue Feb 10 07:00:00 UTC 2026,202.11333960937998
Tue Feb 10 08:00:00 UTC 2026,202.1133129858789
Tue Feb 10 09:00:00 UTC 2026,202.1133199079892
Tue Feb 10 10:00:00 UTC 2026,202.11332810802753
Tue Feb 10 11:00:00 UTC 2026,202.1133615471449
Tue Feb 10 12:00:00 UTC 2026,202.11333705352388
Tue Feb 10 13:00:00 UTC 2026,202.11330883261272
Tue Feb 10 14:00:00 UTC 2026,202.11331596771103
Tue Feb 10 15:00:00 UTC 2026,202.11334088730806
Tue Feb 10 16:00:00 UTC 2026,202.11336048220485
Tue Feb 10 17:00:00 UTC 2026,202.11333311324572
Tue Feb 10 18:00:00 UTC 2026,202.11333875742795
Tue Feb 10 19:00:00 UTC 2026,202.1133498328044
Tue Feb 10 20:00:00 UTC 2026,202.11333066388363
Tue Feb 10 21:00:00 UTC 2026,202.1133008455624
Tue Feb 10 22:00:00 UTC 2026,202.11330776767267
Tue Feb 10 23:00:00 UTC 2026,202.11329658580223
Wed Feb 11 00:00:00 UTC 2026,202.1133126663969
Wed Feb 11 01:00:00 UTC 2026,202.11330510532258
Wed Feb 11 02:00:00 UTC 2026,202.1132983962003
Wed Feb 11 03:00:00 UTC 2026,202.1133007390684
Wed Feb 11 04:00:00 UTC 2026,202.11330744819065
Wed Feb 11 05:00:00 UTC 2026,202.11333822495794
Wed Feb 11 06:00:00 UTC 2026,202.11330478584057
Wed Feb 11 07:00:00 UTC 2026,202.11332118591724
Wed Feb 11 08:00:00 UTC 2026,202.1133445081042
Wed Feb 11 09:00:00 UTC 2026,202.11337272901537
Wed Feb 11 10:00:00 UTC 2026,202.1133666588571
Wed Feb 11 11:00:00 UTC 2026,202.11335899128878
Wed Feb 11 12:00:00 UTC 2026,202.11335281463653
Wed Feb 11 13:00:00 UTC 2026,202.1133568614087
Wed Feb 11 14:00:00 UTC 2026,202.11337794722158
Wed Feb 11 15:00:00 UTC 2026,202.11338476283785
Wed Feb 11 16:00:00 UTC 2026,202.1133784796916
Wed Feb 11 17:00:00 UTC 2026,202.11337464590744
Wed Feb 11 18:00:00 UTC 2026,202.11338465634384
Wed Feb 11 19:00:00 UTC 2026,202.11338263295775
Wed Feb 11 20:00:00 UTC 2026,202.11337081212326
Wed Feb 11 21:00:00 UTC 2026,202.11336303806095
Wed Feb 11 22:00:00 UTC 2026,202.11337677578751
Wed Feb 11 23:00:00 UTC 2026,202.1133686822432
Thu Feb 12 00:00:00 UTC 2026,202.11336133415688
Thu Feb 12 01:00:00 UTC 2026,202.11336910821922
Thu Feb 12 02:00:00 UTC 2026,202.11334536005623
Thu Feb 12 03:00:00 UTC 2026,202.11332906647357
Thu Feb 12 04:00:00 UTC 2026,202.11334567953824
Thu Feb 12 05:00:00 UTC 2026,202.1133425912121
Thu Feb 12 06:00:00 UTC 2026,202.1133741134374
Thu Feb 12 07:00:00 UTC 2026,202.11335483802262
Thu Feb 12 08:00:00 UTC 2026,202.11335643543268
Thu Feb 12 09:00:00 UTC 2026,202.11335973674682
Thu Feb 12 10:00:00 UTC 2026,202.1133545185406
Thu Feb 12 11:00:00 UTC 2026,202.1133860407659
Thu Feb 12 12:00:00 UTC 2026,202.11336964068923
Thu Feb 12 13:00:00 UTC 2026,202.11336527443504
Thu Feb 12 14:00:00 UTC 2026,202.11339605120233
Thu Feb 12 15:00:00 UTC 2026,202.11337549785947
Thu Feb 12 16:00:00 UTC 2026,202.11337720176354
Thu Feb 12 17:00:00 UTC 2026,202.11340403825264
Thu Feb 12 18:00:00 UTC 2026,202.1134004174565
Thu Feb 12 19:00:00 UTC 2026,202.11337911865562
Thu Feb 12 20:00:00 UTC 2026,202.1134007369385
Thu Feb 12 21:00:00 UTC 2026,202.11340872398884
Thu Feb 12 22:00:00 UTC 2026,202.11339434729825
Thu Feb 12 23:00:00 UTC 2026,202.11338710570595
Fri Feb 13 00:00:00 UTC 2026,202.11338252646377
Fri Feb 13 01:00:00 UTC 2026,202.11338146152372
Fri Feb 13 02:00:00 UTC 2026,202.11336623288108
Fri Feb 13 03:00:00 UTC 2026,202.11335302762456
Fri Feb 13 04:00:00 UTC 2026,202.1133470639603
Fri Feb 13 05:00:00 UTC 2026,202.11337081212326
Fri Feb 13 06:00:00 UTC 2026,202.11337890566762
Fri Feb 13 07:00:00 UTC 2026,202.1133692147132
Fri Feb 13 08:00:00 UTC 2026,202.11338252646377
Fri Feb 13 09:00:00 UTC 2026,202.11337741475154
Fri Feb 13 10:00:00 UTC 2026,202.11340265383058
Fri Feb 13 11:00:00 UTC 2026,202.11344727481844
Fri Feb 13 12:00:00 UTC 2026,202.11339147196014
Fri Feb 13 13:00:00 UTC 2026,202.11338966156205
Fri Feb 13 14:00:00 UTC 2026,202.1134010564205
Fri Feb 13 15:00:00 UTC 2026,202.11339977849246
Fri Feb 13 16:00:00 UTC 2026,202.11340233434856
Fri Feb 13 17:00:00 UTC 2026,202.11338146152372
Fri Feb 13 18:00:00 UTC 2026,202.11339913952844
Fri Feb 13 19:00:00 UTC 2026,202.11342437860748
Fri Feb 13 20:00:00 UTC 2026,202.11342395263148
Fri Feb 13 21:00:00 UTC 2026,202.11342395263148
Fri Feb 13 22:00:00 UTC 2026,202.11342395263148
Fri Feb 13 23:00:00 UTC 2026,202.11342395263148
Sat Feb 14 00:00:00 UTC 2026,202.11342395263148
Sat Feb 14 01:00:00 UTC 2026,202.11342395263148
Sat Feb 14 02:00:00 UTC 2026,202.11342395263148
Sat Feb 14 03:00:00 UTC 2026,202.11342395263148
Sat Feb 14 04:00:00 UTC 2026,202.11342395263148
Sat Feb 14 05:00:00 UTC 2026,202.11342395263148
Sat Feb 14 06:00:00 UTC 2026,202.11342395263148
Sat Feb 14 07:00:00 UTC 2026,202.11342395263148
Sat Feb 14 08:00:00 UTC 2026,202.11342395263148
Sat Feb 14 09:00:00 UTC 2026,202.11342395263148
Sat Feb 14 10:00:00 UTC 2026,202.11342395263148
Sat Feb 14 11:00:00 UTC 2026,202.11342395263148
Sat Feb 14 12:00:00 UTC 2026,202.11342395263148
Sat Feb 14 13:00:00 UTC 2026,202.11342395263148
Sat Feb 14 14:00:00 UTC 2026,202.11342395263148
Sat Feb 14 15:00:00 UTC 2026,202.11342395263148
Sat Feb 14 16:00:00 UTC 2026,202.11342395263148
Sat Feb 14 17:00:00 UTC 2026,202.11342395263148
Sat Feb 14 18:00:00 UTC 2026,202.11342395263148
Sat Feb 14 19:00:00 UTC 2026,202.11342395263148
Sat Feb 14 20:00:00 UTC 2026,202.11342395263148
Sat Feb 14 21:00:00 UTC 2026,202.11342395263148
Sat Feb 14 22:00:00 UTC 2026,202.11342395263148
Sat Feb 14 23:00:00 UTC 2026,202.11342395263148
Sun Feb 15 00:00:00 UTC 2026,202.11342395263148
Sun Feb 15 01:00:00 UTC 2026,202.11342395263148
Sun Feb 15 02:00:00 UTC 2026,202.11342395263148
Sun Feb 15 03:00:00 UTC 2026,202.11342395263148
Sun Feb 15 04:00:00 UTC 2026,202.11342395263148
Sun Feb 15 05:00:00 UTC 2026,202.11342395263148
Sun Feb 15 06:00:00 UTC 2026,202.11342395263148
Sun Feb 15 07:00:00 UTC 2026,202.11342395263148
Sun Feb 15 08:00:00 UTC 2026,202.11342395263148
Sun Feb 15 09:00:00 UTC 2026,202.11342395263148
Sun Feb 15 10:00:00 UTC 2026,202.11342395263148
Sun Feb 15 11:00:00 UTC 2026,202.11342395263148
Sun Feb 15 12:00:00 UTC 2026,202.11342395263148
Sun Feb 15 13:00:00 UTC 2026,202.11342395263148
Sun Feb 15 14:00:00 UTC 2026,202.11342395263148
Sun Feb 15 15:00:00 UTC 2026,202.11342395263148
Sun Feb 15 16:00:00 UTC 2026,202.11342395263148
Sun Feb 15 17:00:00 UTC 2026,202.11342395263148
Sun Feb 15 18:00:00 UTC 2026,202.11342395263148
Sun Feb 15 19:00:00 UTC 2026,202.11342395263148
Sun Feb 15 20:00:00 UTC 2026,202.11342395263148
Sun Feb 15 21:00:00 UTC 2026,202.11340883048285
Sun Feb 15 22:00:00 UTC 2026,202.11339445379224
Sun Feb 15 23:00:00 UTC 2026,202.113412131797
Mon Feb 16 00:00:00 UTC 2026,202.1134320461758
Mon Feb 16 01:00:00 UTC 2026,202.11342586952355
Mon Feb 16 02:00:00 UTC 2026,202.11344024621414
Mon Feb 16 03:00:00 UTC 2026,202.11346005409897
Mon Feb 16 04:00:00 UTC 2026,202.11343737087603
Mon Feb 16 05:00:00 UTC 2026,202.11343545398395
Mon Feb 16 06:00:00 UTC 2026,202.1134150071351
Mon Feb 16 07:00:00 UTC 2026,202.1134291708377
Mon Feb 16 08:00:00 UTC 2026,202.11343055525973
Mon Feb 16 09:00:00 UTC 2026,202.11339988498648
Mon Feb 16 10:00:00 UTC 2026,202.11340691359075
Mon Feb 16 11:00:00 UTC 2026,202.1134175629912
Mon Feb 16 12:00:00 UTC 2026,202.1134146876531
Mon Feb 16 13:00:00 UTC 2026,202.1134441864923
Mon Feb 16 14:00:00 UTC 2026,202.1134587761709
Mon Feb 16 15:00:00 UTC 2026,202.11345259951864
Mon Feb 16 16:00:00 UTC 2026,202.11342001235332
Mon Feb 16 17:00:00 UTC 2026,202.11344514493834
Mon Feb 16 18:00:00 UTC 2026,202.1134302357777
Mon Feb 16 19:00:00 UTC 2026,202.11342672147558
Mon Feb 16 20:00:00 UTC 2026,202.11344109816616
Mon Feb 16 21:00:00 UTC 2026,202.11344812677046
Mon Feb 16 22:00:00 UTC 2026,202.113436838406
Mon Feb 16 23:00:00 UTC 2026,202.11343215266982
Tue Feb 17 00:00:00 UTC 2026,202.11342799940363
Tue Feb 17 01:00:00 UTC 2026,202.11341852143724
Tue Feb 17 02:00:00 UTC 2026,202.1134172435092
Tue Feb 17 03:00:00 UTC 2026,202.11341149283297
Tue Feb 17 04:00:00 UTC 2026,202.11342661498156
Tue Feb 17 05:00:00 UTC 2026,202.11341351621903
Tue Feb 17 06:00:00 UTC 2026,202.11341127984494
Tue Feb 17 07:00:00 UTC 2026,202.11344056569615
Tue Feb 17 08:00:00 UTC 2026,202.11347293987347
Tue Feb 17 09:00:00 UTC 2026,202.1134568592788
Tue Feb 17 10:00:00 UTC 2026,202.11344631637238
Tue Feb 17 11:00:00 UTC 2026,202.11347986198376
Tue Feb 17 12:00:00 UTC 2026,202.11346282294306
Tue Feb 17 13:00:00 UTC 2026,202.1134511086026
Tue Feb 17 14:00:00 UTC 2026,202.1134586696769
Tue Feb 17 15:00:00 UTC 2026,202.11342086430534
Tue Feb 17 16:00:00 UTC 2026,202.113436731912
Tue Feb 17 17:00:00 UTC 2026,202.11342203573938
Tue Feb 17 18:00:00 UTC 2026,202.1134204383293
Tue Feb 17 19:00:00 UTC 2026,202.11341660454517
Tue Feb 17 20:00:00 UTC 2026,202.11339519925028
Tue Feb 17 21:00:00 UTC 2026,202.11338636024792
Tue Feb 17 22:00:00 UTC 2026,202.1134052096867
Tue Feb 17 23:00:00 UTC 2026,202.1133836978978
Wed Feb 18 00:00:00 UTC 2026,202.11336452897703
Wed Feb 18 01:00:00 UTC 2026,202.11340180187855
Wed Feb 18 02:00:00 UTC 2026,202.11340819151883
Wed Feb 18 03:00:00 UTC 2026,202.1134219292454
Wed Feb 18 04:00:00 UTC 2026,202.11341064088091
Wed Feb 18 05:00:00 UTC 2026,202.11340851100084
Wed Feb 18 06:00:00 UTC 2026,202.113412344785
Wed Feb 18 07:00:00 UTC 2026,202.11340925645885
Wed Feb 18 08:00:00 UTC 2026,202.11344013972013
Wed Feb 18 09:00:00 UTC 2026,202.1134753892356
Wed Feb 18 10:00:00 UTC 2026,202.11344557091437
Wed Feb 18 11:00:00 UTC 2026,202.1134541969287
Wed Feb 18 12:00:00 UTC 2026,202.11346048007496
Wed Feb 18 13:00:00 UTC 2026,202.11344844625248
Wed Feb 18 14:00:00 UTC 2026,202.11344791378247
Wed Feb 18 15:00:00 UTC 2026,202.11346165150903
Wed Feb 18 16:00:00 UTC 2026,202.11343758386403
Wed Feb 18 17:00:00 UTC 2026,202.11349956337457
Wed Feb 18 18:00:00 UTC 2026,202.11348476070796
Wed Feb 18 19:00:00 UTC 2026,202.11347986198376
Wed Feb 18 20:00:00 UTC 2026,202.11345707226684
Wed Feb 18 21:00:00 UTC 2026,202.1134760281996
Wed Feb 18 22:00:00 UTC 2026,202.11345781772485
Wed Feb 18 23:00:00 UTC 2026,202.1134736853315
Thu Feb 19 00:00:00 UTC 2026,202.11348657110605
Thu Feb 19 01:00:00 UTC 2026,202.11347709313966
Thu Feb 19 02:00:00 UTC 2026,202.11347581521161
Thu Feb 19 03:00:00 UTC 2026,202.1135175608613
Thu Feb 19 04:00:00 UTC 2026,202.11350840237694
Thu Feb 19 05:00:00 UTC 2026,202.11349381269835
Thu Feb 19 06:00:00 UTC 2026,202.1135026517007
Thu Feb 19 07:00:00 UTC 2026,202.11352831675578
Thu Feb 19 08:00:00 UTC 2026,202.11347400481353
Thu Feb 19 09:00:00 UTC 2026,202.1134929607463
Thu Feb 19 10:00:00 UTC 2026,202.11349807245853
Thu Feb 19 11:00:00 UTC 2026,202.1134949841324
Thu Feb 19 12:00:00 UTC 2026,202.11352245958554
Thu Feb 19 13:00:00 UTC 2026,202.113509254329
Thu Feb 19 14:00:00 UTC 2026,202.1135054205448
Thu Feb 19 15:00:00 UTC 2026,202.11349125684225
Thu Feb 19 16:00:00 UTC 2026,202.11349083086623
Thu Feb 19 17:00:00 UTC 2026,202.11348156588784
Thu Feb 19 18:00:00 UTC 2026,202.11352522842964
Thu Feb 19 19:00:00 UTC 2026,202.11353577133607
Thu Feb 19 20:00:00 UTC 2026,202.11353044663585
Thu Feb 19 21:00:00 UTC 2026,202.1135020127367
Thu Feb 19 22:00:00 UTC 2026,202.1135248024536
Thu Feb 19 23:00:00 UTC 2026,202.1135407765543
Fri Feb 20 00:00:00 UTC 2026,202.11353811420418
Fri Feb 20 01:00:00 UTC 2026,202.11354482332644
Fri Feb 20 02:00:00 UTC 2026,202.11351809333135
Fri Feb 20 03:00:00 UTC 2026,202.1135003088326
Fri Feb 20 04:00:00 UTC 2026,202.11353236352792
Fri Feb 20 05:00:00 UTC 2026,202.1135262933697
Fri Feb 20 06:00:00 UTC 2026,202.11351809333135
Fri Feb 20 07:00:00 UTC 2026,202.11351606994526
Fri Feb 20 08:00:00 UTC 2026,202.1135141530532
Fri Feb 20 09:00:00 UTC 2026,202.11352150113947
Fri Feb 20 10:00:00 UTC 2026,202.11348891397415
Fri Feb 20 11:00:00 UTC 2026,202.11353470639602
Fri Feb 20 12:00:00 UTC 2026,202.11349807245853
Fri Feb 20 13:00:00 UTC 2026,202.1135267193457
Fri Feb 20 14:00:00 UTC 2026,202.11354439735044
Fri Feb 20 15:00:00 UTC 2026,202.11351404655917
Fri Feb 20 16:00:00 UTC 2026,202.11351596345125
Fri Feb 20 17:00:00 UTC 2026,202.1134981789525
Fri Feb 20 18:00:00 UTC 2026,202.1135124491491
Fri Feb 20 19:00:00 UTC 2026,202.11353268300994
Fri Feb 20 20:00:00 UTC 2026,202.11352235309153
Fri Feb 20 21:00:00 UTC 2026,202.11352235309153
Fri Feb 20 22:00:00 UTC 2026,202.11352235309153
Fri Feb 20 23:00:00 UTC 2026,202.11352235309153
Sat Feb 21 00:00:00 UTC 2026,202.11352235309153
Sat Feb 21 01:00:00 UTC 2026,202.11352235309153
Sat Feb 21 02:00:00 UTC 2026,202.11352235309153
Sat Feb 21 03:00:00 UTC 2026,202.11352235309153
Sat Feb 21 04:00:00 UTC 2026,202.11352235309153
Sat Feb 21 05:00:00 UTC 2026,202.11352235309153
Sat Feb 21 06:00:00 UTC 2026,202.11352235309153
Sat Feb 21 07:00:00 UTC 2026,202.11352235309153
Sat Feb 21 08:00:00 UTC 2026,202.11352235309153
Sat Feb 21 09:00:00 UTC 2026,202.11352235309153
Sat Feb 21 10:00:00 UTC 2026,202.11352235309153
Sat Feb 21 11:00:00 UTC 2026,202.11352235309153
Sat Feb 21 12:00:00 UTC 2026,202.11352235309153
Sat Feb 21 13:00:00 UTC 2026,202.11352235309153
Sat Feb 21 14:00:00 UTC 2026,202.11352235309153
Sat Feb 21 15:00:00 UTC 2026,202.11352235309153
Sat Feb 21 16:00:00 UTC 2026,202.11352235309153
Sat Feb 21 17:00:00 UTC 2026,202.11352235309153
Sat Feb 21 18:00:00 UTC 2026,202.11352235309153
Sat Feb 21 19:00:00 UTC 2026,202.11352235309153
Sat Feb 21 20:00:00 UTC 2026,202.11352235309153
Sat Feb 21 21:00:00 UTC 2026,202.11352235309153
Sat Feb 21 22:00:00 UTC 2026,202.11352235309153
Sat Feb 21 23:00:00 UTC 2026,202.11352235309153
Sun Feb 22 00:00:00 UTC 2026,202.11352235309153
Sun Feb 22 01:00:00 UTC 2026,202.11352235309153
Sun Feb 22 02:00:00 UTC 2026,202.11352235309153
Sun Feb 22 03:00:00 UTC 2026,202.11352235309153
Sun Feb 22 04:00:00 UTC 2026,202.11352235309153
Sun Feb 22 05:00:00 UTC 2026,202.11352235309153
Sun Feb 22 06:00:00 UTC 2026,202.11352235309153
Sun Feb 22 07:00:00 UTC 2026,202.11352235309153
Sun Feb 22 08:00:00 UTC 2026,202.11352235309153
Sun Feb 22 09:00:00 UTC 2026,202.11352235309153
Sun Feb 22 10:00:00 UTC 2026,202.11352235309153
Sun Feb 22 11:00:00 UTC 2026,202.11352235309153
Sun Feb 22 12:00:00 UTC 2026,202.11352235309153
Sun Feb 22 13:00:00 UTC 2026,202.11352235309153
Sun Feb 22 14:00:00 UTC 2026,202.11352235309153
Sun Feb 22 15:00:00 UTC 2026,202.11352235309153
Sun Feb 22 16:00:00 UTC 2026,202.11352235309153
Sun Feb 22 17:00:00 UTC 2026,202.11352235309153
Sun Feb 22 18:00:00 UTC 2026,202.11352235309153
Sun Feb 22 19:00:00 UTC 2026,202.11352235309153
Sun Feb 22 20:00:00 UTC 2026,202.11352235309153
Sun Feb 22 21:00:00 UTC 2026,202.11354088304827
Sun Feb 22 22:00:00 UTC 2026,202.11354173500033
Sun Feb 22 23:00:00 UTC 2026,202.1135047815808
Mon Feb 23 00:00:00 UTC 2026,202.1135266128517
Mon Feb 23 01:00:00 UTC 2026,202.11352821026176
Mon Feb 23 02:00:00 UTC 2026,202.11348380226192
Mon Feb 23 03:00:00 UTC 2026,202.11347230090945
Mon Feb 23 04:00:00 UTC 2026,202.11349136333624
Mon Feb 23 05:00:00 UTC 2026,202.11348795552811
Mon Feb 23 06:00:00 UTC 2026,202.113486038636
Mon Feb 23 07:00:00 UTC 2026,202.11350808289492
Mon Feb 23 08:00:00 UTC 2026,202.1135222465975
Mon Feb 23 09:00:00 UTC 2026,202.11349423867435
Mon Feb 23 10:00:00 UTC 2026,202.11350605950884
Mon Feb 23 11:00:00 UTC 2026,202.11351819982534
Mon Feb 23 12:00:00 UTC 2026,202.11349892441055
Mon Feb 23 13:00:00 UTC 2026,202.11350765691893
Mon Feb 23 14:00:00 UTC 2026,202.1134877425401
Mon Feb 23 15:00:00 UTC 2026,202.11351138420906
Mon Feb 23 16:00:00 UTC 2026,202.113510106281
Mon Feb 23 17:00:00 UTC 2026,202.1134978594705
Mon Feb 23 18:00:00 UTC 2026,202.1135052075568
Mon Feb 23 19:00:00 UTC 2026,202.113484973696
Mon Feb 23 20:00:00 UTC 2026,202.11349232178227
Mon Feb 23 21:00:00 UTC 2026,202.1134947711444
Mon Feb 23 22:00:00 UTC 2026,202.11353055312986
Mon Feb 23 23:00:00 UTC 2026,202.11354035057826
Tue Feb 24 00:00:00 UTC 2026,202.1135392856382
Tue Feb 24 01:00:00 UTC 2026,202.11352586739366
Tue Feb 24 02:00:00 UTC 2026,202.11353502587804
Tue Feb 24 03:00:00 UTC 2026,202.11358326766202
Tue Feb 24 04:00:00 UTC 2026,202.11356974292346
Tue Feb 24 05:00:00 UTC 2026,202.1136017976188
Tue Feb 24 06:00:00 UTC 2026,202.1135704883815
Tue Feb 24 07:00:00 UTC 2026,202.11358071180592
Tue Feb 24 08:00:00 UTC 2026,202.11358656897616
Tue Feb 24 09:00:00 UTC 2026,202.11355707013695
Tue Feb 24 10:00:00 UTC 2026,202.11356345977723
Tue Feb 24 11:00:00 UTC 2026,202.1135800728419
Tue Feb 24 12:00:00 UTC 2026,202.11355568571489
Tue Feb 24 13:00:00 UTC 2026,202.11351532448722
Tue Feb 24 14:00:00 UTC 2026,202.11354013759026
Tue Feb 24 15:00:00 UTC 2026,202.11353577133607
Tue Feb 24 16:00:00 UTC 2026,202.11352118165746
Tue Feb 24 17:00:00 UTC 2026,202.113509467317
Tue Feb 24 18:00:00 UTC 2026,202.11351894528337
Tue Feb 24 19:00:00 UTC 2026,202.11351543098124
Tue Feb 24 20:00:00 UTC 2026,202.1135265063577
Tue Feb 24 21:00:00 UTC 2026,202.11349690102446
Tue Feb 24 22:00:00 UTC 2026,202.11350797640094
Tue Feb 24 23:00:00 UTC 2026,202.1134880620221
Wed Feb 25 00:00:00 UTC 2026,202.1134926412643
Wed Feb 25 01:00:00 UTC 2026,202.11349370620434
Wed Feb 25 02:00:00 UTC 2026,202.11348933995015
Wed Feb 25 03:00:00 UTC 2026,202.1135025452067
Wed Feb 25 04:00:00 UTC 2026,202.113510106281
Wed Feb 25 05:00:00 UTC 2026,202.11350552703882
Wed Feb 25 06:00:00 UTC 2026,202.1135024387127
Wed Feb 25 07:00:00 UTC 2026,202.11350169325468
Wed Feb 25 08:00:00 UTC 2026,202.11352746480372
Wed Feb 25 09:00:00 UTC 2026,202.11351425954717
Wed Feb 25 10:00:00 UTC 2026,202.1134929607463
Wed Feb 25 11:00:00 UTC 2026,202.11351063875105
Wed Feb 25 12:00:00 UTC 2026,202.1135045685928
Wed Feb 25 13:00:00 UTC 2026,202.1135049945688
Wed Feb 25 14:00:00 UTC 2026,202.11349423867435
Wed Feb 25 15:00:00 UTC 2026,202.11351351408916
Wed Feb 25 16:00:00 UTC 2026,202.1135124491491
Wed Feb 25 17:00:00 UTC 2026,202.1135170283913
Wed Feb 25 18:00:00 UTC 2026,202.1135074439309
Wed Feb 25 19:00:00 UTC 2026,202.1135248024536
Wed Feb 25 20:00:00 UTC 2026,202.1135293816958
Wed Feb 25 21:00:00 UTC 2026,202.11353960512022
Wed Feb 25 22:00:00 UTC 2026,202.1135407765543
Wed Feb 25 23:00:00 UTC 2026,202.113509254329
Thu Feb 26 00:00:00 UTC 2026,202.11350094779664
Thu Feb 26 01:00:00 UTC 2026,202.1135143660412
Thu Feb 26 02:00:00 UTC 2026,202.1134999893506
Thu Feb 26 03:00:00 UTC 2026,202.11352001022343
Thu Feb 26 04:00:00 UTC 2026,202.11350850887095
Thu Feb 26 05:00:00 UTC 2026,202.11353598432407
Thu Feb 26 06:00:00 UTC 2026,202.1135144725352
Thu Feb 26 07:00:00 UTC 2026,202.1135315115759
Thu Feb 26 08:00:00 UTC 2026,202.11351489851123
Thu Feb 26 09:00:00 UTC 2026,202.1134873165641
Thu Feb 26 10:00:00 UTC 2026,202.1135003088326
Thu Feb 26 11:00:00 UTC 2026,202.11351532448722
Thu Feb 26 12:00:00 UTC 2026,202.1134779450917
Thu Feb 26 13:00:00 UTC 2026,202.11353747524015
Thu Feb 26 14:00:00 UTC 2026,202.11354492982045
Thu Feb 26 15:00:00 UTC 2026,202.1135552597389
Thu Feb 26 16:00:00 UTC 2026,202.11353513237205
Thu Feb 26 17:00:00 UTC 2026,202.11350116078464
Thu Feb 26 18:00:00 UTC 2026,202.1135237375136
Thu Feb 26 19:00:00 UTC 2026,202.1135289557198
Thu Feb 26 20:00:00 UTC 2026,202.1135028646887
Thu Feb 26 21:00:00 UTC 2026,202.11348135289984
Thu Feb 26 22:00:00 UTC 2026,202.11348902046814
Thu Feb 26 23:00:00 UTC 2026,202.11348678409405
Fri Feb 27 00:00:00 UTC 2026,202.11348827501013
Fri Feb 27 01:00:00 UTC 2026,202.11349807245853
Fri Feb 27 02:00:00 UTC 2026,202.113509573811
Fri Feb 27 03:00:00 UTC 2026,202.11349125684225
Fri Feb 27 04:00:00 UTC 2026,202.11352618687567
Fri Feb 27 05:00:00 UTC 2026,202.11351745436733
Fri Feb 27 06:00:00 UTC 2026,202.11350563353284
Fri Feb 27 07:00:00 UTC 2026,202.1135141530532
Fri Feb 27 08:00:00 UTC 2026,202.11347901003174
Fri Feb 27 09:00:00 UTC 2026,202.1135291687078
Fri Feb 27 10:00:00 UTC 2026,202.11353683627613
Fri Feb 27 11:00:00 UTC 2026,202.11350936082297
Fri Feb 27 12:00:00 UTC 2026,202.1135075504249
Fri Feb 27 13:00:00 UTC 2026,202.11353396093799
Fri Feb 27 14:00:00 UTC 2026,202.113533854444
Fri Feb 27 15:00:00 UTC 2026,202.11349892441055
Fri Feb 27 16:00:00 UTC 2026,202.1135049945688
Fri Feb 27 17:00:00 UTC 2026,202.11350307767674
Fri Feb 27 18:00:00 UTC 2026,202.11350680496687
Fri Feb 27 19:00:00 UTC 2026,202.11349913739858
Fri Feb 27 20:00:00 UTC 2026,202.1135000958446
Fri Feb 27 21:00:00 UTC 2026,202.1135000958446
Fri Feb 27 22:00:00 UTC 2026,202.1135000958446
Fri Feb 27 23:00:00 UTC 2026,202.1135000958446
Sat Feb 28 00:00:00 UTC 2026,202.1135000958446
Sat Feb 28 01:00:00 UTC 2026,202.1135000958446
Sat Feb 28 02:00:00 UTC 2026,202.1135000958446
Sat Feb 28 03:00:00 UTC 2026,202.1135000958446
Sat Feb 28 04:00:00 UTC 2026,202.1135000958446
Sat Feb 28 05:00:00 UTC 2026,202.1135000958446
Sat Feb 28 06:00:00 UTC 2026,202.1135000958446
Sat Feb 28 07:00:00 UTC 2026,202.1135000958446
Sat Feb 28 08:00:00 UTC 2026,202.1135000958446
Sat Feb 28 09:00:00 UTC 2026,202.1135000958446
Sat Feb 28 10:00:00 UTC 2026,202.1135000958446
Sat Feb 28 11:00:00 UTC 2026,202.1135000958446
Sat Feb 28 12:00:00 UTC 2026,202.1135000958446
Sat Feb 28 13:00:00 UTC 2026,202.1135000958446
Sat Feb 28 14:00:00 UTC 2026,202.1135000958446
Sat Feb 28 15:00:00 UTC 2026,202.1135000958446
Sat Feb 28 16:00:00 UTC 2026,202.1135000958446
Sat Feb 28 17:00:00 UTC 2026,202.1135000958446
Sat Feb 28 18:00:00 UTC 2026,202.1135000958446
Sat Feb 28 19:00:00 UTC 2026,202.1135000958446
Sat Feb 28 20:00:00 UTC 2026,202.1135000958446
Sat Feb 28 21:00:00 UTC 2026,202.1135000958446
Sat Feb 28 22:00:00 UTC 2026,202.1135000958446
Sat Feb 28 23:00:00 UTC 2026,202.1135000958446
Sun Mar 01 00:00:00 UTC 2026,202.1135000958446
Sun Mar 01 01:00:00 UTC 2026,202.1135000958446
Sun Mar 01 02:00:00 UTC 2026,202.1135000958446
Sun Mar 01 03:00:00 UTC 2026,202.1135000958446
Sun Mar 01 04:00:00 UTC 2026,202.1135000958446
Sun Mar 01 05:00:00 UTC 2026,202.1135000958446
Sun Mar 01 06:00:00 UTC 2026,202.1135000958446
Sun Mar 01 07:00:00 UTC 2026,202.1135000958446
Sun Mar 01 08:00:00 UTC 2026,202.1135000958446
Sun Mar 01 09:00:00 UTC 2026,202.1135000958446
Sun Mar 01 10:00:00 UTC 2026,202.1135000958446
Sun Mar 01 11:00:00 UTC 2026,202.1135000958446
Sun Mar 01 12:00:00 UTC 2026,202.1135000958446
Sun Mar 01 13:00:00 UTC 2026,202.1135000958446
Sun Mar 01 14:00:00 UTC 2026,202.1135000958446
Sun Mar 01 15:00:00 UTC 2026,202.1135000958446
Sun Mar 01 16:00:00 UTC 2026,202.1135000958446
Sun Mar 01 17:00:00 UTC 2026,202.1135000958446
Sun Mar 01 18:00:00 UTC 2026,202.1135000958446
Sun Mar 01 19:00:00 UTC 2026,202.1135000958446
Sun Mar 01 20:00:00 UTC 2026,202.1135000958446
Sun Mar 01 21:00:00 UTC 2026,202.1135485506166
Sun Mar 01 22:00:00 UTC 2026,202.1135005218206
Sun Mar 01 23:00:00 UTC 2026,202.1135071244489
Mon Mar 02 00:00:00 UTC 2026,202.1134978594705
Mon Mar 02 01:00:00 UTC 2026,202.11349636855445
Mon Mar 02 02:00:00 UTC 2026,202.11349690102446
