date,P_Kweek_37_Kday_29_ETE_70_ORD_70_EXT_85_E2Ekor_84_EXTkor_70_DIFF_24
Mon Feb 09 09:00:00 UTC 2026,0.6008347130567149
Mon Feb 09 10:00:00 UTC 2026,0.6008267906895497
Mon Feb 09 11:00:00 UTC 2026,0.6008267538819536
Mon Feb 09 12:00:00 UTC 2026,0.6008271874629585
Mon Feb 09 13:00:00 UTC 2026,0.600826885515899
Mon Feb 09 14:00:00 UTC 2026,0.6008267002302035
Mon Feb 09 15:00:00 UTC 2026,0.6008266191287205
Mon Feb 09 16:00:00 UTC 2026,0.6008267651113898
Mon Feb 09 17:00:00 UTC 2026,0.6008266178810054
Mon Feb 09 18:00:00 UTC 2026,0.6008266840099068
Mon Feb 09 19:00:00 UTC 2026,0.600826705221064
Mon Feb 09 20:00:00 UTC 2026,0.6008267258083634
Mon Feb 09 21:00:00 UTC 2026,0.6008267083403517
Mon Feb 09 22:00:00 UTC 2026,0.6008266746520434
Mon Feb 09 23:00:00 UTC 2026,0.6008268100291342
Tue Feb 10 00:00:00 UTC 2026,0.6008266415875927
Tue Feb 10 01:00:00 UTC 2026,0.6008266022845664
Tue Feb 10 02:00:00 UTC 2026,0.6008264625404728
Tue Feb 10 03:00:00 UTC 2026,0.6008264956049235
Tue Feb 10 04:00:00 UTC 2026,0.6008264357145976
Tue Feb 10 05:00:00 UTC 2026,0.6008263770719869
Tue Feb 10 06:00:00 UTC 2026,0.600826311566943
Tue Feb 10 07:00:00 UTC 2026,0.6008263932922835
Tue Feb 10 08:00:00 UTC 2026,0.6008262516766172
Tue Feb 10 09:00:00 UTC 2026,0.6008261200426719
Tue Feb 10 10:00:00 UTC 2026,0.6008258923346621
Tue Feb 10 11:00:00 UTC 2026,0.6008258549032085
Tue Feb 10 12:00:00 UTC 2026,0.6008262373278933
Tue Feb 10 13:00:00 UTC 2026,0.6008263608516903
Tue Feb 10 14:00:00 UTC 2026,0.6008262610344806
Tue Feb 10 15:00:00 UTC 2026,0.6008263483745391
Tue Feb 10 16:00:00 UTC 2026,0.6008264868709177
Tue Feb 10 17:00:00 UTC 2026,0.6008268742864629
Tue Feb 10 18:00:00 UTC 2026,0.6008267033494913
Tue Feb 10 19:00:00 UTC 2026,0.6008268512037331
Tue Feb 10 20:00:00 UTC 2026,0.6008270745447399
Tue Feb 10 21:00:00 UTC 2026,0.6008268025428434
Tue Feb 10 22:00:00 UTC 2026,0.6008267657352473
Tue Feb 10 23:00:00 UTC 2026,0.6008268493321605
Wed Feb 11 00:00:00 UTC 2026,0.6008268998646229
Wed Feb 11 01:00:00 UTC 2026,0.6008268012951283
Wed Feb 11 02:00:00 UTC 2026,0.6008267919372648
Wed Feb 11 03:00:00 UTC 2026,0.6008267021017761
Wed Feb 11 04:00:00 UTC 2026,0.6008263015852221
Wed Feb 11 05:00:00 UTC 2026,0.6008261687035615
Wed Feb 11 06:00:00 UTC 2026,0.6008264456963186
Wed Feb 11 07:00:00 UTC 2026,0.6008266902484825
Wed Feb 11 08:00:00 UTC 2026,0.6008267707261078
Wed Feb 11 09:00:00 UTC 2026,0.6008266634226074
Wed Feb 11 10:00:00 UTC 2026,0.600826536155665
Wed Feb 11 11:00:00 UTC 2026,0.6008266353490171
Wed Feb 11 12:00:00 UTC 2026,0.6008265567429645
Wed Feb 11 13:00:00 UTC 2026,0.6008267407809449
Wed Feb 11 14:00:00 UTC 2026,0.60082656298154
Wed Feb 11 15:00:00 UTC 2026,0.6008265710916884
Wed Feb 11 16:00:00 UTC 2026,0.6008269042316258
Wed Feb 11 17:00:00 UTC 2026,0.6008268555707361
Wed Feb 11 18:00:00 UTC 2026,0.6008270414802892
Wed Feb 11 19:00:00 UTC 2026,0.6008269017361956
Wed Feb 11 20:00:00 UTC 2026,0.6008266989824883
Wed Feb 11 21:00:00 UTC 2026,0.600826788817977
Wed Feb 11 22:00:00 UTC 2026,0.600826475017624
Wed Feb 11 23:00:00 UTC 2026,0.6008265136967927
Thu Feb 12 00:00:00 UTC 2026,0.6008264344668826
Thu Feb 12 01:00:00 UTC 2026,0.6008265392749528
Thu Feb 12 02:00:00 UTC 2026,0.6008266347251595
Thu Feb 12 03:00:00 UTC 2026,0.6008265554952493
Thu Feb 12 04:00:00 UTC 2026,0.6008265654769703
Thu Feb 12 05:00:00 UTC 2026,0.6008267526342386
Thu Feb 12 06:00:00 UTC 2026,0.6008267414048024
Thu Feb 12 07:00:00 UTC 2026,0.6008267376616571
Thu Feb 12 08:00:00 UTC 2026,0.6008267407809449
Thu Feb 12 09:00:00 UTC 2026,0.6008266659180376
Thu Feb 12 10:00:00 UTC 2026,0.6008269566356609
Thu Feb 12 11:00:00 UTC 2026,0.6008269815899634
Thu Feb 12 12:00:00 UTC 2026,0.6008269903239692
Thu Feb 12 13:00:00 UTC 2026,0.6008269884523966
Thu Feb 12 14:00:00 UTC 2026,0.6008268780296082
Thu Feb 12 15:00:00 UTC 2026,0.6008267632398171
Thu Feb 12 16:00:00 UTC 2026,0.6008267925611225
Thu Feb 12 17:00:00 UTC 2026,0.6008266690373254
Thu Feb 12 18:00:00 UTC 2026,0.6008268243778581
Thu Feb 12 19:00:00 UTC 2026,0.6008269391676492
Thu Feb 12 20:00:00 UTC 2026,0.6008267626159595
Thu Feb 12 21:00:00 UTC 2026,0.6008268443413
Thu Feb 12 22:00:00 UTC 2026,0.6008267021017761
Thu Feb 12 23:00:00 UTC 2026,0.6008269497732278
Fri Feb 13 00:00:00 UTC 2026,0.6008270564528707
Fri Feb 13 01:00:00 UTC 2026,0.600827162508656
Fri Feb 13 02:00:00 UTC 2026,0.6008270726731673
Fri Feb 13 03:00:00 UTC 2026,0.6008270920127516
Fri Feb 13 04:00:00 UTC 2026,0.6008268474605878
Fri Feb 13 05:00:00 UTC 2026,0.600826808781419
Fri Feb 13 06:00:00 UTC 2026,0.6008265816972669
Fri Feb 13 07:00:00 UTC 2026,0.6008264506871791
Fri Feb 13 08:00:00 UTC 2026,0.6008267176982152
Fri Feb 13 09:00:00 UTC 2026,0.6008266833860493
Fri Feb 13 10:00:00 UTC 2026,0.6008265898074152
Fri Feb 13 11:00:00 UTC 2026,0.6008265804495517
Fri Feb 13 12:00:00 UTC 2026,0.6008263408882484
Fri Feb 13 13:00:00 UTC 2026,0.6008268006712707
Fri Feb 13 14:00:00 UTC 2026,0.6008263608516903
Fri Feb 13 15:00:00 UTC 2026,0.6008267401570874
Fri Feb 13 16:00:00 UTC 2026,0.6008267045972063
Fri Feb 13 17:00:00 UTC 2026,0.6008265280455166
Fri Feb 13 18:00:00 UTC 2026,0.6008265941744181
Fri Feb 13 19:00:00 UTC 2026,0.6008264151272982
Fri Feb 13 20:00:00 UTC 2026,0.600826392668426
Fri Feb 13 21:00:00 UTC 2026,0.600826392668426
Fri Feb 13 22:00:00 UTC 2026,0.600826392668426
Fri Feb 13 23:00:00 UTC 2026,0.600826392668426
Sat Feb 14 00:00:00 UTC 2026,0.600826392668426
Sat Feb 14 01:00:00 UTC 2026,0.600826392668426
Sat Feb 14 02:00:00 UTC 2026,0.600826392668426
Sat Feb 14 03:00:00 UTC 2026,0.600826392668426
Sat Feb 14 04:00:00 UTC 2026,0.600826392668426
Sat Feb 14 05:00:00 UTC 2026,0.600826392668426
Sat Feb 14 06:00:00 UTC 2026,0.600826392668426
Sat Feb 14 07:00:00 UTC 2026,0.600826392668426
Sat Feb 14 08:00:00 UTC 2026,0.600826392668426
Sat Feb 14 09:00:00 UTC 2026,0.600826392668426
Sat Feb 14 10:00:00 UTC 2026,0.600826392668426
Sat Feb 14 11:00:00 UTC 2026,0.600826392668426
Sat Feb 14 12:00:00 UTC 2026,0.600826392668426
Sat Feb 14 13:00:00 UTC 2026,0.600826392668426
Sat Feb 14 14:00:00 UTC 2026,0.600826392668426
Sat Feb 14 15:00:00 UTC 2026,0.600826392668426
Sat Feb 14 16:00:00 UTC 2026,0.600826392668426
Sat Feb 14 17:00:00 UTC 2026,0.600826392668426
Sat Feb 14 18:00:00 UTC 2026,0.600826392668426
Sat Feb 14 19:00:00 UTC 2026,0.600826392668426
Sat Feb 14 20:00:00 UTC 2026,0.600826392668426
Sat Feb 14 21:00:00 UTC 2026,0.600826392668426
Sat Feb 14 22:00:00 UTC 2026,0.600826392668426
Sat Feb 14 23:00:00 UTC 2026,0.600826392668426
Sun Feb 15 00:00:00 UTC 2026,0.600826392668426
Sun Feb 15 01:00:00 UTC 2026,0.600826392668426
Sun Feb 15 02:00:00 UTC 2026,0.600826392668426
Sun Feb 15 03:00:00 UTC 2026,0.600826392668426
Sun Feb 15 04:00:00 UTC 2026,0.600826392668426
Sun Feb 15 05:00:00 UTC 2026,0.600826392668426
Sun Feb 15 06:00:00 UTC 2026,0.600826392668426
Sun Feb 15 07:00:00 UTC 2026,0.600826392668426
Sun Feb 15 08:00:00 UTC 2026,0.600826392668426
Sun Feb 15 09:00:00 UTC 2026,0.600826392668426
Sun Feb 15 10:00:00 UTC 2026,0.600826392668426
Sun Feb 15 11:00:00 UTC 2026,0.600826392668426
Sun Feb 15 12:00:00 UTC 2026,0.600826392668426
Sun Feb 15 13:00:00 UTC 2026,0.600826392668426
Sun Feb 15 14:00:00 UTC 2026,0.600826392668426
Sun Feb 15 15:00:00 UTC 2026,0.600826392668426
Sun Feb 15 16:00:00 UTC 2026,0.600826392668426
Sun Feb 15 17:00:00 UTC 2026,0.600826392668426
Sun Feb 15 18:00:00 UTC 2026,0.600826392668426
Sun Feb 15 19:00:00 UTC 2026,0.600826392668426
Sun Feb 15 20:00:00 UTC 2026,0.600826392668426
Sun Feb 15 21:00:00 UTC 2026,0.600826270392344
Sun Feb 15 22:00:00 UTC 2026,0.600826311566943
Sun Feb 15 23:00:00 UTC 2026,0.6008263901729957
Mon Feb 16 00:00:00 UTC 2026,0.600826321548664
Mon Feb 16 01:00:00 UTC 2026,0.6008266422114503
Mon Feb 16 02:00:00 UTC 2026,0.6008264531826093
Mon Feb 16 03:00:00 UTC 2026,0.6008263221725215
Mon Feb 16 04:00:00 UTC 2026,0.6008263377689606
Mon Feb 16 05:00:00 UTC 2026,0.6008264556780396
Mon Feb 16 06:00:00 UTC 2026,0.6008264987242112
Mon Feb 16 07:00:00 UTC 2026,0.6008262972182191
Mon Feb 16 08:00:00 UTC 2026,0.6008261106848084
Mon Feb 16 09:00:00 UTC 2026,0.6008264219897312
Mon Feb 16 10:00:00 UTC 2026,0.6008260732533548
Mon Feb 16 11:00:00 UTC 2026,0.6008260433081919
Mon Feb 16 12:00:00 UTC 2026,0.6008263296588123
Mon Feb 16 13:00:00 UTC 2026,0.6008264226135889
Mon Feb 16 14:00:00 UTC 2026,0.6008262036395849
Mon Feb 16 15:00:00 UTC 2026,0.6008261325198231
Mon Feb 16 16:00:00 UTC 2026,0.6008260458036221
Mon Feb 16 17:00:00 UTC 2026,0.6008262042634426
Mon Feb 16 18:00:00 UTC 2026,0.6008261637127011
Mon Feb 16 19:00:00 UTC 2026,0.6008262023918699
Mon Feb 16 20:00:00 UTC 2026,0.6008262834933528
Mon Feb 16 21:00:00 UTC 2026,0.6008261237858172
Mon Feb 16 22:00:00 UTC 2026,0.6008262161167363
Mon Feb 16 23:00:00 UTC 2026,0.6008261955294367
Tue Feb 17 00:00:00 UTC 2026,0.6008260732533548
Tue Feb 17 01:00:00 UTC 2026,0.600826162464986
Tue Feb 17 02:00:00 UTC 2026,0.6008259048118133
Tue Feb 17 03:00:00 UTC 2026,0.6008259584635636
Tue Feb 17 04:00:00 UTC 2026,0.600826096959942
Tue Feb 17 05:00:00 UTC 2026,0.6008260763726426
Tue Feb 17 06:00:00 UTC 2026,0.6008260489229099
Tue Feb 17 07:00:00 UTC 2026,0.6008262597867655
Tue Feb 17 08:00:00 UTC 2026,0.6008262766309196
Tue Feb 17 09:00:00 UTC 2026,0.6008263677141235
Tue Feb 17 10:00:00 UTC 2026,0.6008260065005958
Tue Feb 17 11:00:00 UTC 2026,0.6008262379517508
Tue Feb 17 12:00:00 UTC 2026,0.600826034574186
Tue Feb 17 13:00:00 UTC 2026,0.600826439457743
Tue Feb 17 14:00:00 UTC 2026,0.6008264407054581
Tue Feb 17 15:00:00 UTC 2026,0.6008264088887225
Tue Feb 17 16:00:00 UTC 2026,0.6008266384683049
Tue Feb 17 17:00:00 UTC 2026,0.6008263252918093
Tue Feb 17 18:00:00 UTC 2026,0.600826250428902
Tue Feb 17 19:00:00 UTC 2026,0.6008263670902659
Tue Feb 17 20:00:00 UTC 2026,0.6008263596039752
Tue Feb 17 21:00:00 UTC 2026,0.6008259659498543
Tue Feb 17 22:00:00 UTC 2026,0.6008261649604162
Tue Feb 17 23:00:00 UTC 2026,0.6008263976592865
Wed Feb 18 00:00:00 UTC 2026,0.6008262385756084
Wed Feb 18 01:00:00 UTC 2026,0.600826557366822
Wed Feb 18 02:00:00 UTC 2026,0.6008265492566737
Wed Feb 18 03:00:00 UTC 2026,0.6008268443413
Wed Feb 18 04:00:00 UTC 2026,0.6008267382855147
Wed Feb 18 05:00:00 UTC 2026,0.6008266172571478
Wed Feb 18 06:00:00 UTC 2026,0.6008266821383341
Wed Feb 18 07:00:00 UTC 2026,0.6008265548713918
Wed Feb 18 08:00:00 UTC 2026,0.6008261493639772
Wed Feb 18 09:00:00 UTC 2026,0.6008262067588728
Wed Feb 18 10:00:00 UTC 2026,0.6008262416948962
Wed Feb 18 11:00:00 UTC 2026,0.6008262685207714
Wed Feb 18 12:00:00 UTC 2026,0.6008263957877137
Wed Feb 18 13:00:00 UTC 2026,0.6008262423187538
Wed Feb 18 14:00:00 UTC 2026,0.600826388301423
Wed Feb 18 15:00:00 UTC 2026,0.6008261892908611
Wed Feb 18 16:00:00 UTC 2026,0.6008263858059928
Wed Feb 18 17:00:00 UTC 2026,0.6008262441903265
Wed Feb 18 18:00:00 UTC 2026,0.6008262454380415
Wed Feb 18 19:00:00 UTC 2026,0.6008261150518114
Wed Feb 18 20:00:00 UTC 2026,0.6008258630133568
Wed Feb 18 21:00:00 UTC 2026,0.6008257700585802
Wed Feb 18 22:00:00 UTC 2026,0.6008256596357919
Wed Feb 18 23:00:00 UTC 2026,0.6008259684452846
Thu Feb 19 00:00:00 UTC 2026,0.6008261930340064
Thu Feb 19 01:00:00 UTC 2026,0.600826091345224
Thu Feb 19 02:00:00 UTC 2026,0.6008261593456982
Thu Feb 19 03:00:00 UTC 2026,0.6008262591629079
Thu Feb 19 04:00:00 UTC 2026,0.6008261487401196
Thu Feb 19 05:00:00 UTC 2026,0.6008261549786953
Thu Feb 19 06:00:00 UTC 2026,0.6008260851066485
Thu Feb 19 07:00:00 UTC 2026,0.6008261063178055
Thu Feb 19 08:00:00 UTC 2026,0.6008258218387578
Thu Feb 19 09:00:00 UTC 2026,0.6008259453625548
Thu Feb 19 10:00:00 UTC 2026,0.600826080115788
Thu Feb 19 11:00:00 UTC 2026,0.6008260439320494
Thu Feb 19 12:00:00 UTC 2026,0.6008258318204788
Thu Feb 19 13:00:00 UTC 2026,0.6008256390484924
Thu Feb 19 14:00:00 UTC 2026,0.6008258062423187
Thu Feb 19 15:00:00 UTC 2026,0.6008260220970348
Thu Feb 19 16:00:00 UTC 2026,0.6008257906458797
Thu Feb 19 17:00:00 UTC 2026,0.6008261350152533
Thu Feb 19 18:00:00 UTC 2026,0.6008262441903265
Thu Feb 19 19:00:00 UTC 2026,0.600826300337507
Thu Feb 19 20:00:00 UTC 2026,0.6008260071244533
Thu Feb 19 21:00:00 UTC 2026,0.6008258642610719
Thu Feb 19 22:00:00 UTC 2026,0.6008256721129431
Thu Feb 19 23:00:00 UTC 2026,0.6008260158584592
Fri Feb 20 00:00:00 UTC 2026,0.6008258218387578
Fri Feb 20 01:00:00 UTC 2026,0.6008259285184007
Fri Feb 20 02:00:00 UTC 2026,0.6008260252163226
Fri Feb 20 03:00:00 UTC 2026,0.6008261007030875
Fri Feb 20 04:00:00 UTC 2026,0.6008259647021392
Fri Feb 20 05:00:00 UTC 2026,0.6008261075655206
Fri Feb 20 06:00:00 UTC 2026,0.6008261262812474
Fri Feb 20 07:00:00 UTC 2026,0.6008261356391109
Fri Feb 20 08:00:00 UTC 2026,0.6008261375106836
Fri Feb 20 09:00:00 UTC 2026,0.600826013363029
Fri Feb 20 10:00:00 UTC 2026,0.6008258948300924
Fri Feb 20 11:00:00 UTC 2026,0.6008259385001217
Fri Feb 20 12:00:00 UTC 2026,0.6008260196016045
Fri Feb 20 13:00:00 UTC 2026,0.6008262822456376
Fri Feb 20 14:00:00 UTC 2026,0.600826158097983
Fri Feb 20 15:00:00 UTC 2026,0.6008259328854036
Fri Feb 20 16:00:00 UTC 2026,0.6008259073072436
Fri Feb 20 17:00:00 UTC 2026,0.600826085730506
Fri Feb 20 18:00:00 UTC 2026,0.6008259865371538
Fri Feb 20 19:00:00 UTC 2026,0.6008260077483109
Fri Feb 20 20:00:00 UTC 2026,0.6008257650677197
Fri Feb 20 21:00:00 UTC 2026,0.6008257650677197
Fri Feb 20 22:00:00 UTC 2026,0.6008257650677197
Fri Feb 20 23:00:00 UTC 2026,0.6008257650677197
Sat Feb 21 00:00:00 UTC 2026,0.6008257650677197
Sat Feb 21 01:00:00 UTC 2026,0.6008257650677197
Sat Feb 21 02:00:00 UTC 2026,0.6008257650677197
Sat Feb 21 03:00:00 UTC 2026,0.6008257650677197
Sat Feb 21 04:00:00 UTC 2026,0.6008257650677197
Sat Feb 21 05:00:00 UTC 2026,0.6008257650677197
Sat Feb 21 06:00:00 UTC 2026,0.6008257650677197
Sat Feb 21 07:00:00 UTC 2026,0.6008257650677197
Sat Feb 21 08:00:00 UTC 2026,0.6008257650677197
Sat Feb 21 09:00:00 UTC 2026,0.6008257650677197
Sat Feb 21 10:00:00 UTC 2026,0.6008257650677197
Sat Feb 21 11:00:00 UTC 2026,0.6008257650677197
Sat Feb 21 12:00:00 UTC 2026,0.6008257650677197
Sat Feb 21 13:00:00 UTC 2026,0.6008257650677197
Sat Feb 21 14:00:00 UTC 2026,0.6008257650677197
Sat Feb 21 15:00:00 UTC 2026,0.6008257650677197
Sat Feb 21 16:00:00 UTC 2026,0.6008257650677197
Sat Feb 21 17:00:00 UTC 2026,0.6008257650677197
Sat Feb 21 18:00:00 UTC 2026,0.6008257650677197
Sat Feb 21 19:00:00 UTC 2026,0.6008257650677197
Sat Feb 21 20:00:00 UTC 2026,0.6008257650677197
Sat Feb 21 21:00:00 UTC 2026,0.6008257650677197
Sat Feb 21 22:00:00 UTC 2026,0.6008257650677197
Sat Feb 21 23:00:00 UTC 2026,0.6008257650677197
Sun Feb 22 00:00:00 UTC 2026,0.6008257650677197
Sun Feb 22 01:00:00 UTC 2026,0.6008257650677197
Sun Feb 22 02:00:00 UTC 2026,0.6008257650677197
Sun Feb 22 03:00:00 UTC 2026,0.6008257650677197
Sun Feb 22 04:00:00 UTC 2026,0.6008257650677197
Sun Feb 22 05:00:00 UTC 2026,0.6008257650677197
Sun Feb 22 06:00:00 UTC 2026,0.6008257650677197
Sun Feb 22 07:00:00 UTC 2026,0.6008257650677197
Sun Feb 22 08:00:00 UTC 2026,0.6008257650677197
Sun Feb 22 09:00:00 UTC 2026,0.6008257650677197
Sun Feb 22 10:00:00 UTC 2026,0.6008257650677197
Sun Feb 22 11:00:00 UTC 2026,0.6008257650677197
Sun Feb 22 12:00:00 UTC 2026,0.6008257650677197
Sun Feb 22 13:00:00 UTC 2026,0.6008257650677197
Sun Feb 22 14:00:00 UTC 2026,0.6008257650677197
Sun Feb 22 15:00:00 UTC 2026,0.6008257650677197
Sun Feb 22 16:00:00 UTC 2026,0.6008257650677197
Sun Feb 22 17:00:00 UTC 2026,0.6008257650677197
Sun Feb 22 18:00:00 UTC 2026,0.6008257650677197
Sun Feb 22 19:00:00 UTC 2026,0.6008257650677197
Sun Feb 22 20:00:00 UTC 2026,0.6008257650677197
Sun Feb 22 21:00:00 UTC 2026,0.6008256621312222
Sun Feb 22 22:00:00 UTC 2026,0.600825783159589
Sun Feb 22 23:00:00 UTC 2026,0.6008259235275402
Mon Feb 23 00:00:00 UTC 2026,0.6008258923346621
Mon Feb 23 01:00:00 UTC 2026,0.600825763196147
Mon Feb 23 02:00:00 UTC 2026,0.6008257825357314
Mon Feb 23 03:00:00 UTC 2026,0.6008260015097353
Mon Feb 23 04:00:00 UTC 2026,0.6008258081138914
Mon Feb 23 05:00:00 UTC 2026,0.6008256664982251
Mon Feb 23 06:00:00 UTC 2026,0.6008257276362661
Mon Feb 23 07:00:00 UTC 2026,0.6008255997454661
Mon Feb 23 08:00:00 UTC 2026,0.6008257463519929
Mon Feb 23 09:00:00 UTC 2026,0.6008255785343091
Mon Feb 23 10:00:00 UTC 2026,0.6008253246242817
Mon Feb 23 11:00:00 UTC 2026,0.6008252273025023
Mon Feb 23 12:00:00 UTC 2026,0.6008254824602447
Mon Feb 23 13:00:00 UTC 2026,0.6008255155246954
Mon Feb 23 14:00:00 UTC 2026,0.600825624075911
Mon Feb 23 15:00:00 UTC 2026,0.6008256933241002
Mon Feb 23 16:00:00 UTC 2026,0.6008256640027949
Mon Feb 23 17:00:00 UTC 2026,0.6008257369941294
Mon Feb 23 18:00:00 UTC 2026,0.6008259921518718
Mon Feb 23 19:00:00 UTC 2026,0.6008259253991128
Mon Feb 23 20:00:00 UTC 2026,0.6008260932167967
Mon Feb 23 21:00:00 UTC 2026,0.6008260308310407
Mon Feb 23 22:00:00 UTC 2026,0.6008261038223752
Mon Feb 23 23:00:00 UTC 2026,0.600826146868547
Tue Feb 24 00:00:00 UTC 2026,0.6008259428671245
Tue Feb 24 01:00:00 UTC 2026,0.6008259409955519
Tue Feb 24 02:00:00 UTC 2026,0.6008260314548982
Tue Feb 24 03:00:00 UTC 2026,0.6008259397478367
Tue Feb 24 04:00:00 UTC 2026,0.6008261961532942
Tue Feb 24 05:00:00 UTC 2026,0.6008258511600632
Tue Feb 24 06:00:00 UTC 2026,0.6008257956367402
Tue Feb 24 07:00:00 UTC 2026,0.6008255517084339
Tue Feb 24 08:00:00 UTC 2026,0.6008257201499754
Tue Feb 24 09:00:00 UTC 2026,0.6008256359292047
Tue Feb 24 10:00:00 UTC 2026,0.6008257307555539
Tue Feb 24 11:00:00 UTC 2026,0.6008257444804203
Tue Feb 24 12:00:00 UTC 2026,0.6008257700585802
Tue Feb 24 13:00:00 UTC 2026,0.6008255142769803
Tue Feb 24 14:00:00 UTC 2026,0.6008254350470701
Tue Feb 24 15:00:00 UTC 2026,0.6008255928830329
Tue Feb 24 16:00:00 UTC 2026,0.6008257182784027
Tue Feb 24 17:00:00 UTC 2026,0.6008256920763851
Tue Feb 24 18:00:00 UTC 2026,0.6008256471586407
Tue Feb 24 19:00:00 UTC 2026,0.6008256153419052
Tue Feb 24 20:00:00 UTC 2026,0.6008255055429744
Tue Feb 24 21:00:00 UTC 2026,0.6008253389730057
Tue Feb 24 22:00:00 UTC 2026,0.6008255966261783
Tue Feb 24 23:00:00 UTC 2026,0.6008255648094427
Wed Feb 25 00:00:00 UTC 2026,0.6008257251408359
Wed Feb 25 01:00:00 UTC 2026,0.6008255080384046
Wed Feb 25 02:00:00 UTC 2026,0.6008255467175734
Wed Feb 25 03:00:00 UTC 2026,0.6008256509017861
Wed Feb 25 04:00:00 UTC 2026,0.6008254974328261
Wed Feb 25 05:00:00 UTC 2026,0.6008255329927071
Wed Feb 25 06:00:00 UTC 2026,0.6008253689181686
Wed Feb 25 07:00:00 UTC 2026,0.6008255460937159
Wed Feb 25 08:00:00 UTC 2026,0.6008254774693842
Wed Feb 25 09:00:00 UTC 2026,0.6008255523322915
Wed Feb 25 10:00:00 UTC 2026,0.6008253452115813
Wed Feb 25 11:00:00 UTC 2026,0.6008253770283168
Wed Feb 25 12:00:00 UTC 2026,0.6008256409200651
Wed Feb 25 13:00:00 UTC 2026,0.6008255485891462
Wed Feb 25 14:00:00 UTC 2026,0.6008255972500358
Wed Feb 25 15:00:00 UTC 2026,0.6008255847728846
Wed Feb 25 16:00:00 UTC 2026,0.6008256178373353
Wed Feb 25 17:00:00 UTC 2026,0.600825542974428
Wed Feb 25 18:00:00 UTC 2026,0.6008257563337138
Wed Feb 25 19:00:00 UTC 2026,0.6008255928830329
Wed Feb 25 20:00:00 UTC 2026,0.6008255005521139
Wed Feb 25 21:00:00 UTC 2026,0.6008252572476652
Wed Feb 25 22:00:00 UTC 2026,0.6008252977984067
Wed Feb 25 23:00:00 UTC 2026,0.6008252160730662
Thu Feb 26 00:00:00 UTC 2026,0.6008254749739539
Thu Feb 26 01:00:00 UTC 2026,0.6008252634862408
Thu Feb 26 02:00:00 UTC 2026,0.6008252360365082
Thu Feb 26 03:00:00 UTC 2026,0.6008255467175734
Thu Feb 26 04:00:00 UTC 2026,0.6008255554515792
Thu Feb 26 05:00:00 UTC 2026,0.6008255379835675
Thu Feb 26 06:00:00 UTC 2026,0.6008254936896807
Thu Feb 26 07:00:00 UTC 2026,0.6008255673048729
Thu Feb 26 08:00:00 UTC 2026,0.6008256309383442
Thu Feb 26 09:00:00 UTC 2026,0.600825778792586
Thu Feb 26 10:00:00 UTC 2026,0.6008255878921724
Thu Feb 26 11:00:00 UTC 2026,0.6008255155246954
Thu Feb 26 12:00:00 UTC 2026,0.6008254387902154
Thu Feb 26 13:00:00 UTC 2026,0.6008257382418446
Thu Feb 26 14:00:00 UTC 2026,0.6008254986805412
Thu Feb 26 15:00:00 UTC 2026,0.6008252940552613
Thu Feb 26 16:00:00 UTC 2026,0.600825382643035
Thu Feb 26 17:00:00 UTC 2026,0.6008253963679012
Thu Feb 26 18:00:00 UTC 2026,0.6008254774693842
Thu Feb 26 19:00:00 UTC 2026,0.6008253739090291
Thu Feb 26 20:00:00 UTC 2026,0.6008252316695052
Thu Feb 26 21:00:00 UTC 2026,0.6008252510090896
Thu Feb 26 22:00:00 UTC 2026,0.6008250944208419
Thu Feb 26 23:00:00 UTC 2026,0.6008252946791188
Fri Feb 27 00:00:00 UTC 2026,0.6008251331000106
Fri Feb 27 01:00:00 UTC 2026,0.6008252067152028
Fri Feb 27 02:00:00 UTC 2026,0.6008252840735403
Fri Feb 27 03:00:00 UTC 2026,0.6008252360365082
Fri Feb 27 04:00:00 UTC 2026,0.6008254381663578
Fri Feb 27 05:00:00 UTC 2026,0.6008254612490876
Fri Feb 27 06:00:00 UTC 2026,0.6008254288084944
Fri Feb 27 07:00:00 UTC 2026,0.6008255342404222
Fri Feb 27 08:00:00 UTC 2026,0.6008256209566232
Fri Feb 27 09:00:00 UTC 2026,0.6008253464592964
Fri Feb 27 10:00:00 UTC 2026,0.6008251686598916
Fri Feb 27 11:00:00 UTC 2026,0.600825070090397
Fri Feb 27 12:00:00 UTC 2026,0.6008250201817921
Fri Feb 27 13:00:00 UTC 2026,0.6008249241077277
Fri Feb 27 14:00:00 UTC 2026,0.6008247881067794
Fri Feb 27 15:00:00 UTC 2026,0.6008248280336633
Fri Feb 27 16:00:00 UTC 2026,0.6008250339066584
Fri Feb 27 17:00:00 UTC 2026,0.600824973392475
Fri Feb 27 18:00:00 UTC 2026,0.6008248392630995
Fri Feb 27 19:00:00 UTC 2026,0.6008251068979931
Fri Feb 27 20:00:00 UTC 2026,0.6008249159975794
Fri Feb 27 21:00:00 UTC 2026,0.6008249159975794
Fri Feb 27 22:00:00 UTC 2026,0.6008249159975794
Fri Feb 27 23:00:00 UTC 2026,0.6008249159975794
Sat Feb 28 00:00:00 UTC 2026,0.6008249159975794
Sat Feb 28 01:00:00 UTC 2026,0.6008249159975794
Sat Feb 28 02:00:00 UTC 2026,0.6008249159975794
Sat Feb 28 03:00:00 UTC 2026,0.6008249159975794
Sat Feb 28 04:00:00 UTC 2026,0.6008249159975794
Sat Feb 28 05:00:00 UTC 2026,0.6008249159975794
Sat Feb 28 06:00:00 UTC 2026,0.6008249159975794
Sat Feb 28 07:00:00 UTC 2026,0.6008249159975794
Sat Feb 28 08:00:00 UTC 2026,0.6008249159975794
Sat Feb 28 09:00:00 UTC 2026,0.6008249159975794
Sat Feb 28 10:00:00 UTC 2026,0.6008249159975794
Sat Feb 28 11:00:00 UTC 2026,0.6008249159975794
Sat Feb 28 12:00:00 UTC 2026,0.6008249159975794
Sat Feb 28 13:00:00 UTC 2026,0.6008249159975794
Sat Feb 28 14:00:00 UTC 2026,0.6008249159975794
Sat Feb 28 15:00:00 UTC 2026,0.6008249159975794
Sat Feb 28 16:00:00 UTC 2026,0.6008249159975794
Sat Feb 28 17:00:00 UTC 2026,0.6008249159975794
Sat Feb 28 18:00:00 UTC 2026,0.6008249159975794
Sat Feb 28 19:00:00 UTC 2026,0.6008249159975794
Sat Feb 28 20:00:00 UTC 2026,0.6008249159975794
Sat Feb 28 21:00:00 UTC 2026,0.6008249159975794
Sat Feb 28 22:00:00 UTC 2026,0.6008249159975794
Sat Feb 28 23:00:00 UTC 2026,0.6008249159975794
Sun Mar 01 00:00:00 UTC 2026,0.6008249159975794
Sun Mar 01 01:00:00 UTC 2026,0.6008249159975794
Sun Mar 01 02:00:00 UTC 2026,0.6008249159975794
Sun Mar 01 03:00:00 UTC 2026,0.6008249159975794
Sun Mar 01 04:00:00 UTC 2026,0.6008249159975794
Sun Mar 01 05:00:00 UTC 2026,0.6008249159975794
Sun Mar 01 06:00:00 UTC 2026,0.6008249159975794
Sun Mar 01 07:00:00 UTC 2026,0.6008249159975794
Sun Mar 01 08:00:00 UTC 2026,0.6008249159975794
Sun Mar 01 09:00:00 UTC 2026,0.6008249159975794
Sun Mar 01 10:00:00 UTC 2026,0.6008249159975794
Sun Mar 01 11:00:00 UTC 2026,0.6008249159975794
Sun Mar 01 12:00:00 UTC 2026,0.6008249159975794
Sun Mar 01 13:00:00 UTC 2026,0.6008249159975794
Sun Mar 01 14:00:00 UTC 2026,0.6008249159975794
Sun Mar 01 15:00:00 UTC 2026,0.6008249159975794
Sun Mar 01 16:00:00 UTC 2026,0.6008249159975794
Sun Mar 01 17:00:00 UTC 2026,0.6008249159975794
Sun Mar 01 18:00:00 UTC 2026,0.6008249159975794
Sun Mar 01 19:00:00 UTC 2026,0.6008249159975794
Sun Mar 01 20:00:00 UTC 2026,0.6008249159975794
Sun Mar 01 21:00:00 UTC 2026,0.6008247113722994
Sun Mar 01 22:00:00 UTC 2026,0.6008247862352067
Sun Mar 01 23:00:00 UTC 2026,0.6008249515574604
Mon Mar 02 00:00:00 UTC 2026,0.6008250151909316
Mon Mar 02 01:00:00 UTC 2026,0.6008248629696867
Mon Mar 02 02:00:00 UTC 2026,0.6008248348960965
Mon Mar 02 03:00:00 UTC 2026,0.60082474194132
Mon Mar 02 04:00:00 UTC 2026,0.6008247831159189
Mon Mar 02 05:00:00 UTC 2026,0.600824849868678
