date,va,P_Kweek_-7_Kday_11_ETE_71_ORD_69_EXT_85_E2Ekor_85_EXTkor_72_DIFF_22
Mon Feb 16 22:00:00 UTC 2026,null,0.010749149282669457
Mon Feb 16 23:00:00 UTC 2026,null,0.015570722160495265
Tue Feb 17 00:00:00 UTC 2026,null,0.013020523796122063
Tue Feb 17 01:00:00 UTC 2026,null,0.010772317691088773
Tue Feb 17 02:00:00 UTC 2026,null,0.014620922063430797
Tue Feb 17 03:00:00 UTC 2026,null,0.016938012145979897
Tue Feb 17 04:00:00 UTC 2026,null,0.019254951948105337
Tue Feb 17 05:00:00 UTC 2026,null,0.011847479911530456
Tue Feb 17 06:00:00 UTC 2026,null,0.011424984732092192
Tue Feb 17 07:00:00 UTC 2026,null,0.01217006051253744
Tue Feb 17 08:00:00 UTC 2026,null,0.012740925978324213
Tue Feb 17 09:00:00 UTC 2026,null,0.013648534634741694
Tue Feb 17 10:00:00 UTC 2026,null,0.004040038999606921
Tue Feb 17 11:00:00 UTC 2026,null,0.004536142895640971
Tue Feb 17 12:00:00 UTC 2026,null,0.010734423151744998
Tue Feb 17 13:00:00 UTC 2026,null,0.010213120400088371
Tue Feb 17 14:00:00 UTC 2026,null,0.014238929363266095
Tue Feb 17 15:00:00 UTC 2026,null,0.011134927143566564
Tue Feb 17 16:00:00 UTC 2026,null,0.01229939495247212
Tue Feb 17 17:00:00 UTC 2026,null,0.011775035447395332
Tue Feb 17 18:00:00 UTC 2026,null,0.015427092334657999
Tue Feb 17 19:00:00 UTC 2026,null,0.0082918015569593
Tue Feb 17 20:00:00 UTC 2026,null,0.005103868371048037
Tue Feb 17 21:00:00 UTC 2026,null,-5.639947678268697E-4
Tue Feb 17 22:00:00 UTC 2026,null,0.00834329552849944
Tue Feb 17 23:00:00 UTC 2026,null,0.01573509066748624
Wed Feb 18 00:00:00 UTC 2026,null,0.020457558302052092
Wed Feb 18 01:00:00 UTC 2026,null,0.013131146098758428
Wed Feb 18 02:00:00 UTC 2026,null,0.013090877171090476
Wed Feb 18 03:00:00 UTC 2026,null,0.009648453033048732
Wed Feb 18 04:00:00 UTC 2026,null,0.015269233826478157
Wed Feb 18 05:00:00 UTC 2026,null,0.022168747926072818
Wed Feb 18 06:00:00 UTC 2026,null,0.019729430020251293
Wed Feb 18 07:00:00 UTC 2026,null,0.01706756690599498
Wed Feb 18 08:00:00 UTC 2026,null,0.010169590896309089
Wed Feb 18 09:00:00 UTC 2026,null,0.015352766399671758
Wed Feb 18 10:00:00 UTC 2026,null,0.012321718083729394
Wed Feb 18 11:00:00 UTC 2026,null,0.010379348177371739
Wed Feb 18 12:00:00 UTC 2026,null,0.012093341868361307
Wed Feb 18 13:00:00 UTC 2026,null,0.013462246055194527
Wed Feb 18 14:00:00 UTC 2026,null,0.013554984840991047
Wed Feb 18 15:00:00 UTC 2026,null,0.008641749501467011
Wed Feb 18 16:00:00 UTC 2026,null,0.014043336941042206
Wed Feb 18 17:00:00 UTC 2026,null,0.01000522199707099
Wed Feb 18 18:00:00 UTC 2026,null,0.00906255830368341
Wed Feb 18 19:00:00 UTC 2026,null,0.013166214249750396
Wed Feb 18 20:00:00 UTC 2026,null,0.005564320130920564
Wed Feb 18 21:00:00 UTC 2026,null,9.826851252725533E-4
Wed Feb 18 22:00:00 UTC 2026,null,8.905883355154742E-4
Wed Feb 18 23:00:00 UTC 2026,null,0.004412343743050329
Thu Feb 19 00:00:00 UTC 2026,null,0.0013992079330131801
Thu Feb 19 01:00:00 UTC 2026,null,-0.001239842408375047
Thu Feb 19 02:00:00 UTC 2026,null,-2.329622286163513E-4
Thu Feb 19 03:00:00 UTC 2026,null,0.00528014340644134
Thu Feb 19 04:00:00 UTC 2026,null,0.0014187615572271994
Thu Feb 19 05:00:00 UTC 2026,null,0.0043665573986171324
Thu Feb 19 06:00:00 UTC 2026,null,0.008297545444191812
Thu Feb 19 07:00:00 UTC 2026,null,0.003968888493385059
Thu Feb 19 08:00:00 UTC 2026,null,-0.003117370453328938
Thu Feb 19 09:00:00 UTC 2026,null,8.946585169358201E-4
Thu Feb 19 10:00:00 UTC 2026,null,0.007642935983539267
Thu Feb 19 11:00:00 UTC 2026,null,0.01151327818363157
Thu Feb 19 12:00:00 UTC 2026,null,0.006972780087539654
Thu Feb 19 13:00:00 UTC 2026,null,0.005389713680108876
Thu Feb 19 14:00:00 UTC 2026,null,0.007795578208482645
Thu Feb 19 15:00:00 UTC 2026,null,0.004324399958520964
Thu Feb 19 16:00:00 UTC 2026,null,0.008209315468941547
Thu Feb 19 17:00:00 UTC 2026,null,0.003360365066148674
Thu Feb 19 18:00:00 UTC 2026,null,0.007705921517862535
Thu Feb 19 19:00:00 UTC 2026,null,0.007683982081783114
Thu Feb 19 20:00:00 UTC 2026,null,0.002903472012721231
Thu Feb 19 21:00:00 UTC 2026,null,-7.2942474735882E-5
Thu Feb 19 22:00:00 UTC 2026,null,0.004455246926243994
Thu Feb 19 23:00:00 UTC 2026,null,0.01196673625652167
Fri Feb 20 00:00:00 UTC 2026,null,0.012521919005168414
Fri Feb 20 01:00:00 UTC 2026,null,0.009496903340776797
Fri Feb 20 02:00:00 UTC 2026,null,0.010159988571026624
Fri Feb 20 03:00:00 UTC 2026,null,0.01174358507296791
Fri Feb 20 04:00:00 UTC 2026,null,0.013371923449801315
Fri Feb 20 05:00:00 UTC 2026,null,0.015205488383472243
Fri Feb 20 06:00:00 UTC 2026,null,0.013340398184303659
Fri Feb 20 07:00:00 UTC 2026,null,0.01831534185276862
Fri Feb 20 08:00:00 UTC 2026,null,0.016813452991413236
Fri Feb 20 09:00:00 UTC 2026,null,0.011321028901566166
Fri Feb 20 10:00:00 UTC 2026,null,0.017103817786861875
Fri Feb 20 11:00:00 UTC 2026,null,0.009995543745951352
Fri Feb 20 12:00:00 UTC 2026,null,0.011625105803867442
Fri Feb 20 13:00:00 UTC 2026,null,0.008491584757096327
Fri Feb 20 14:00:00 UTC 2026,null,0.007836791014800504
Fri Feb 20 15:00:00 UTC 2026,null,0.009180809159905934
Fri Feb 20 16:00:00 UTC 2026,null,0.0045883694238986195
Fri Feb 20 17:00:00 UTC 2026,null,0.008471864966848486
Fri Feb 20 18:00:00 UTC 2026,null,0.005726857769250415
Fri Feb 20 19:00:00 UTC 2026,null,0.0066730801506080795
Fri Feb 20 20:00:00 UTC 2026,null,0.003661381499519223
Sun Feb 22 21:00:00 UTC 2026,null,-0.004040864526905885
Sun Feb 22 22:00:00 UTC 2026,null,0.0016172876106042011
Sun Feb 22 23:00:00 UTC 2026,null,0.004696621591748773
Mon Feb 23 00:00:00 UTC 2026,null,-6.871755524056056E-4
Mon Feb 23 01:00:00 UTC 2026,null,0.0018445874924166716
Mon Feb 23 02:00:00 UTC 2026,null,0.006091864388965362
Mon Feb 23 03:00:00 UTC 2026,null,0.00346297529881312
Mon Feb 23 04:00:00 UTC 2026,null,0.006863580701771177
Mon Feb 23 05:00:00 UTC 2026,null,0.0077079798877743855
Mon Feb 23 06:00:00 UTC 2026,null,0.003488372472416401
Mon Feb 23 07:00:00 UTC 2026,null,0.010759187695218664
Mon Feb 23 08:00:00 UTC 2026,null,0.007078046198905952
Mon Feb 23 09:00:00 UTC 2026,null,0.0056941793106242145
Mon Feb 23 10:00:00 UTC 2026,null,0.00868629973497903
Mon Feb 23 11:00:00 UTC 2026,null,0.002171739504500003
Mon Feb 23 12:00:00 UTC 2026,null,0.011433996636672106
Mon Feb 23 13:00:00 UTC 2026,null,0.001125448216296121
Mon Feb 23 14:00:00 UTC 2026,null,0.004239334309771969
Mon Feb 23 15:00:00 UTC 2026,null,0.008466813010296725
Mon Feb 23 16:00:00 UTC 2026,null,0.002846735064822248
Mon Feb 23 17:00:00 UTC 2026,null,0.008107828907196968
Mon Feb 23 18:00:00 UTC 2026,null,0.0033408517446691377
Mon Feb 23 19:00:00 UTC 2026,null,-0.0016216549410277281
Mon Feb 23 20:00:00 UTC 2026,null,-0.0025347936564257267
Mon Feb 23 21:00:00 UTC 2026,null,-0.013011447096720197
Mon Feb 23 22:00:00 UTC 2026,null,-0.002527365764660061
Mon Feb 23 23:00:00 UTC 2026,null,9.738673722559099E-4
Tue Feb 24 00:00:00 UTC 2026,null,-0.002840679574156013
Tue Feb 24 01:00:00 UTC 2026,null,0.0011428970258506865
Tue Feb 24 02:00:00 UTC 2026,null,-6.189171882002853E-4
Tue Feb 24 03:00:00 UTC 2026,null,0.0034501760274192605
Tue Feb 24 04:00:00 UTC 2026,null,0.004977915036997516
Tue Feb 24 05:00:00 UTC 2026,null,0.004842862707189255
Tue Feb 24 06:00:00 UTC 2026,null,0.007568769408300646
Tue Feb 24 07:00:00 UTC 2026,null,0.007016118654531667
Tue Feb 24 08:00:00 UTC 2026,null,0.009236205351800919
Tue Feb 24 09:00:00 UTC 2026,null,0.011330634836209441
Tue Feb 24 10:00:00 UTC 2026,null,0.010204228423073225
Tue Feb 24 11:00:00 UTC 2026,null,0.0027624745946761564
Tue Feb 24 12:00:00 UTC 2026,null,0.004691439773837125
Tue Feb 24 13:00:00 UTC 2026,null,-0.0010560926114271396
Tue Feb 24 14:00:00 UTC 2026,null,0.007074896416984444
Tue Feb 24 15:00:00 UTC 2026,null,0.009920190853542898
Tue Feb 24 16:00:00 UTC 2026,null,0.009892289238302432
Tue Feb 24 17:00:00 UTC 2026,null,0.009959893366352723
Tue Feb 24 18:00:00 UTC 2026,null,0.008890565167011033
Tue Feb 24 19:00:00 UTC 2026,null,0.008030217681538332
Tue Feb 24 20:00:00 UTC 2026,null,0.003436196629983179
Tue Feb 24 21:00:00 UTC 2026,null,-6.17013271799749E-5
Tue Feb 24 22:00:00 UTC 2026,null,0.0031126943966821585
Tue Feb 24 23:00:00 UTC 2026,null,0.005734159299962016
Wed Feb 25 00:00:00 UTC 2026,null,0.004754690564134911
Wed Feb 25 01:00:00 UTC 2026,null,0.006762251235056915
Wed Feb 25 02:00:00 UTC 2026,null,0.007641541312139566
Wed Feb 25 03:00:00 UTC 2026,null,0.009490384406546148
Wed Feb 25 04:00:00 UTC 2026,null,0.009745752979592126
Wed Feb 25 05:00:00 UTC 2026,null,0.006597645139989616
Wed Feb 25 06:00:00 UTC 2026,null,0.009661251827838946
Wed Feb 25 07:00:00 UTC 2026,null,0.012412659968817685
Wed Feb 25 08:00:00 UTC 2026,null,0.01317922325733889
Wed Feb 25 09:00:00 UTC 2026,null,0.016287210689047704
Wed Feb 25 10:00:00 UTC 2026,null,0.01160616626904698
Wed Feb 25 11:00:00 UTC 2026,null,0.008229044733747415
Wed Feb 25 12:00:00 UTC 2026,null,0.004594008373391745
Wed Feb 25 13:00:00 UTC 2026,null,0.014539070468891246
Wed Feb 25 14:00:00 UTC 2026,null,0.01388337411172369
Wed Feb 25 15:00:00 UTC 2026,null,0.011180263380420996
Wed Feb 25 16:00:00 UTC 2026,null,0.008849738182829192
Wed Feb 25 17:00:00 UTC 2026,null,0.004402169621152474
Wed Feb 25 18:00:00 UTC 2026,null,0.014087724509371569
Wed Feb 25 19:00:00 UTC 2026,null,0.014263693914927877
Wed Feb 25 20:00:00 UTC 2026,null,0.0026959834832123164
Wed Feb 25 21:00:00 UTC 2026,null,0.0011156021023328577
Wed Feb 25 22:00:00 UTC 2026,null,0.008153878428795558
Wed Feb 25 23:00:00 UTC 2026,null,0.01319161953751724
Thu Feb 26 00:00:00 UTC 2026,null,0.012584508834043717
Thu Feb 26 01:00:00 UTC 2026,null,0.009737812091968223
Thu Feb 26 02:00:00 UTC 2026,null,0.006001400602813511
Thu Feb 26 03:00:00 UTC 2026,null,0.010394805542597751
Thu Feb 26 04:00:00 UTC 2026,null,0.014935352905887989
Thu Feb 26 05:00:00 UTC 2026,null,0.008838267590989268
Thu Feb 26 06:00:00 UTC 2026,null,0.008825352669226127
Thu Feb 26 07:00:00 UTC 2026,null,0.01032168076800044
Thu Feb 26 08:00:00 UTC 2026,null,0.0077556266508125304
Thu Feb 26 09:00:00 UTC 2026,null,0.0068272547420757945
Thu Feb 26 10:00:00 UTC 2026,null,0.006790976231541457
Thu Feb 26 11:00:00 UTC 2026,null,0.0032826316182239523
Thu Feb 26 12:00:00 UTC 2026,null,0.003541339300435986
Thu Feb 26 13:00:00 UTC 2026,null,0.0030739389308980236
Thu Feb 26 14:00:00 UTC 2026,null,0.0023309032652880646
Thu Feb 26 15:00:00 UTC 2026,null,0.0025024199742009756
Thu Feb 26 16:00:00 UTC 2026,null,0.005169633275273533
Thu Feb 26 17:00:00 UTC 2026,null,0.004224067133917764
Thu Feb 26 18:00:00 UTC 2026,null,-2.529454670456843E-4
Thu Feb 26 19:00:00 UTC 2026,null,0.0028343912137342997
Thu Feb 26 20:00:00 UTC 2026,null,-0.004347416016616812
Thu Feb 26 21:00:00 UTC 2026,null,-0.009671361039171877
Thu Feb 26 22:00:00 UTC 2026,null,-0.008388031375409
Thu Feb 26 23:00:00 UTC 2026,null,-6.014993461649354E-4
Fri Feb 27 00:00:00 UTC 2026,null,-0.0016342912433691126
Fri Feb 27 01:00:00 UTC 2026,null,-9.811770590992808E-4
Fri Feb 27 02:00:00 UTC 2026,null,-0.0039822609426112265
Fri Feb 27 03:00:00 UTC 2026,null,-0.0023987734037369535
Fri Feb 27 04:00:00 UTC 2026,null,-0.002747457103429163
Fri Feb 27 05:00:00 UTC 2026,null,-0.0012613641335974535
Fri Feb 27 06:00:00 UTC 2026,null,-0.0018673065538399314
Fri Feb 27 07:00:00 UTC 2026,null,-0.0011079994067397791
Fri Feb 27 08:00:00 UTC 2026,null,-0.0023908537958732268
Fri Feb 27 09:00:00 UTC 2026,null,-0.00261359880545875
Fri Feb 27 10:00:00 UTC 2026,null,-0.00421656478574306
Fri Feb 27 11:00:00 UTC 2026,null,-0.0051137791037145774
Fri Feb 27 12:00:00 UTC 2026,null,-0.004709306993543549
Fri Feb 27 13:00:00 UTC 2026,null,-0.0037628672978362587
Fri Feb 27 14:00:00 UTC 2026,null,-0.0019855833405033607
Fri Feb 27 15:00:00 UTC 2026,null,2.4151790916171478E-4
Fri Feb 27 16:00:00 UTC 2026,null,-0.0029865632155283706
Fri Feb 27 17:00:00 UTC 2026,null,0.0014241683140623351
Fri Feb 27 18:00:00 UTC 2026,null,-0.003569055274005528
Fri Feb 27 19:00:00 UTC 2026,null,-0.002645630355932127
Fri Feb 27 20:00:00 UTC 2026,null,-0.00914263864961562
Sun Mar 01 21:00:00 UTC 2026,null,-0.009787661475203713
Sun Mar 01 22:00:00 UTC 2026,null,-0.003268482006942186
Sun Mar 01 23:00:00 UTC 2026,null,-0.0015446948123223336
Mon Mar 02 00:00:00 UTC 2026,null,-0.0021887040345234254
Mon Mar 02 01:00:00 UTC 2026,null,0.0029530072641179572
Mon Mar 02 02:00:00 UTC 2026,null,-0.002677628632150153
Mon Mar 02 03:00:00 UTC 2026,null,5.616167096373914E-4
Mon Mar 02 04:00:00 UTC 2026,null,-9.308485051313653E-4
Mon Mar 02 05:00:00 UTC 2026,null,-0.004757815638596341
Mon Mar 02 06:00:00 UTC 2026,null,-0.0014719184403002572
Mon Mar 02 07:00:00 UTC 2026,null,0.003998814136697781
Mon Mar 02 08:00:00 UTC 2026,null,-0.002759022885981288
Mon Mar 02 09:00:00 UTC 2026,null,-0.0038468957173085627
Mon Mar 02 10:00:00 UTC 2026,null,-0.002629178553450906
Mon Mar 02 11:00:00 UTC 2026,null,-0.004920288114250049
Mon Mar 02 12:00:00 UTC 2026,null,-0.005445455779437225
Mon Mar 02 13:00:00 UTC 2026,null,-0.005104061851897157
Mon Mar 02 14:00:00 UTC 2026,null,-0.004259474772574379
Mon Mar 02 15:00:00 UTC 2026,null,-0.008542721364792172
Mon Mar 02 16:00:00 UTC 2026,null,-0.005171220276002586
Mon Mar 02 17:00:00 UTC 2026,null,0.0014995945901423724
Mon Mar 02 18:00:00 UTC 2026,null,0.005584842126314271
Mon Mar 02 19:00:00 UTC 2026,null,0.0031517725510674666
Mon Mar 02 20:00:00 UTC 2026,null,-0.002588868080480644
Mon Mar 02 21:00:00 UTC 2026,null,-0.006329417005416893
Mon Mar 02 22:00:00 UTC 2026,null,-0.004780757286657611
Mon Mar 02 23:00:00 UTC 2026,null,-0.0035812555646321798
Tue Mar 03 00:00:00 UTC 2026,null,-0.0034397526060656602
Tue Mar 03 01:00:00 UTC 2026,null,-0.002941108573082829
Tue Mar 03 02:00:00 UTC 2026,null,-0.006264887213641046
Tue Mar 03 03:00:00 UTC 2026,null,-0.0031710348567433044
Tue Mar 03 04:00:00 UTC 2026,null,-0.0030449909384300256
Tue Mar 03 05:00:00 UTC 2026,null,-0.007495407656137765
Tue Mar 03 06:00:00 UTC 2026,null,-0.010562974635750066
Tue Mar 03 07:00:00 UTC 2026,null,-0.009240260423840851
Tue Mar 03 08:00:00 UTC 2026,null,-0.0064529655680996
Tue Mar 03 09:00:00 UTC 2026,null,-0.002071301492731159
Tue Mar 03 10:00:00 UTC 2026,null,-0.005736066827988218
Tue Mar 03 11:00:00 UTC 2026,null,-0.0051864452457728305
Tue Mar 03 12:00:00 UTC 2026,null,-0.0017445630403321033
Tue Mar 03 13:00:00 UTC 2026,null,7.743137868576611E-4
Tue Mar 03 14:00:00 UTC 2026,null,-1.0845758530475536E-4
Tue Mar 03 15:00:00 UTC 2026,null,0.009617079985514643
Tue Mar 03 16:00:00 UTC 2026,null,0.005641387487755445
Tue Mar 03 17:00:00 UTC 2026,null,0.004290941224044609
Tue Mar 03 18:00:00 UTC 2026,null,0.006901851986552465
Tue Mar 03 19:00:00 UTC 2026,null,0.004756829784588135
Tue Mar 03 20:00:00 UTC 2026,null,0.0012828143764327393
Tue Mar 03 21:00:00 UTC 2026,null,2.4387546145554495E-4
Tue Mar 03 22:00:00 UTC 2026,null,0.0012482412045722313
Tue Mar 03 23:00:00 UTC 2026,null,0.0032536206345659124
Wed Mar 04 00:00:00 UTC 2026,null,0.0015327304861099122
Wed Mar 04 01:00:00 UTC 2026,null,-5.451011451880206E-4
Wed Mar 04 02:00:00 UTC 2026,null,-0.0032479216691863044
Wed Mar 04 03:00:00 UTC 2026,null,-0.001722135889509424
Wed Mar 04 04:00:00 UTC 2026,null,0.0025518976373541946
Wed Mar 04 05:00:00 UTC 2026,null,-0.0012868652260937807
Wed Mar 04 06:00:00 UTC 2026,null,0.0025673279761608825
Wed Mar 04 07:00:00 UTC 2026,null,0.0030202043295153302
Wed Mar 04 08:00:00 UTC 2026,null,0.0024349628784667843
Wed Mar 04 09:00:00 UTC 2026,null,0.004902551486708262
Wed Mar 04 10:00:00 UTC 2026,null,8.901248208994517E-4
Wed Mar 04 11:00:00 UTC 2026,null,0.006663915837719969
Wed Mar 04 12:00:00 UTC 2026,null,0.0037756879352937034
Wed Mar 04 13:00:00 UTC 2026,null,-0.0011421258695314407
Wed Mar 04 14:00:00 UTC 2026,null,-0.0024047199905146144
Wed Mar 04 15:00:00 UTC 2026,null,0.002394611446940864
Wed Mar 04 16:00:00 UTC 2026,null,-0.0015582956892616906
Wed Mar 04 17:00:00 UTC 2026,null,-0.0015797954956076055
Wed Mar 04 18:00:00 UTC 2026,null,-0.004534627447537076
Wed Mar 04 19:00:00 UTC 2026,null,-0.0011971270031194692
Wed Mar 04 20:00:00 UTC 2026,null,0.0012569615771065301
Wed Mar 04 21:00:00 UTC 2026,null,-0.0036232663470991966
Wed Mar 04 22:00:00 UTC 2026,null,0.004139781529242548
Wed Mar 04 23:00:00 UTC 2026,null,0.0075318014012060175
Thu Mar 05 00:00:00 UTC 2026,null,0.007877236358626583
Thu Mar 05 01:00:00 UTC 2026,null,0.008880868959261434
Thu Mar 05 02:00:00 UTC 2026,null,0.009952526569380282
Thu Mar 05 03:00:00 UTC 2026,null,0.009023639923245064
Thu Mar 05 04:00:00 UTC 2026,null,0.006421659568919047
Thu Mar 05 05:00:00 UTC 2026,null,0.009007937625432838
Thu Mar 05 06:00:00 UTC 2026,null,0.010925817348353739
Thu Mar 05 07:00:00 UTC 2026,null,0.009662832095946428
Thu Mar 05 08:00:00 UTC 2026,null,0.009689205893525177
Thu Mar 05 09:00:00 UTC 2026,null,0.011212103222999481
Thu Mar 05 10:00:00 UTC 2026,null,0.010044156363917978
Thu Mar 05 11:00:00 UTC 2026,null,0.014669609616071888
Thu Mar 05 12:00:00 UTC 2026,null,0.011486525937612235
Thu Mar 05 13:00:00 UTC 2026,null,0.0179830594797048
Thu Mar 05 14:00:00 UTC 2026,null,0.017778930463810738
Thu Mar 05 15:00:00 UTC 2026,null,0.011184439662383916
Thu Mar 05 16:00:00 UTC 2026,null,0.009014484083687435
Thu Mar 05 17:00:00 UTC 2026,null,0.01151629740019633
Thu Mar 05 18:00:00 UTC 2026,null,0.0103777685073565
Thu Mar 05 19:00:00 UTC 2026,null,0.011253468189102556
Thu Mar 05 20:00:00 UTC 2026,null,0.006847287251706469
Thu Mar 05 21:00:00 UTC 2026,null,-0.0016226475520593198
Thu Mar 05 22:00:00 UTC 2026,null,0.009155646531137762
Thu Mar 05 23:00:00 UTC 2026,null,0.009909899838908665
Fri Mar 06 00:00:00 UTC 2026,null,0.013051915189724816
Fri Mar 06 01:00:00 UTC 2026,null,0.018407522123824016
Fri Mar 06 02:00:00 UTC 2026,null,0.0141873087401434
Fri Mar 06 03:00:00 UTC 2026,null,0.010290633222500567
Fri Mar 06 04:00:00 UTC 2026,null,0.006488243904741786
Fri Mar 06 05:00:00 UTC 2026,null,0.011507096259840033
Fri Mar 06 06:00:00 UTC 2026,null,0.007574696432023131
Fri Mar 06 07:00:00 UTC 2026,null,0.003495011271337667
Fri Mar 06 08:00:00 UTC 2026,null,0.005186775783076136
Fri Mar 06 09:00:00 UTC 2026,null,0.005396394600257537
Fri Mar 06 10:00:00 UTC 2026,null,0.0032122656912285663
Fri Mar 06 11:00:00 UTC 2026,null,0.003059131088679834
Fri Mar 06 12:00:00 UTC 2026,null,0.006580625975099785
Fri Mar 06 13:00:00 UTC 2026,null,0.005968626835032964
Fri Mar 06 14:00:00 UTC 2026,null,0.0058058142680881275
Fri Mar 06 15:00:00 UTC 2026,null,0.00451474492593551
Fri Mar 06 16:00:00 UTC 2026,null,0.002980644998159754
Fri Mar 06 17:00:00 UTC 2026,null,0.0015844485537543918
Fri Mar 06 18:00:00 UTC 2026,null,0.004300364139962376
Fri Mar 06 19:00:00 UTC 2026,null,7.765500683651894E-4
Fri Mar 06 20:00:00 UTC 2026,null,-0.003927986188127619
