date,va,P_Kweek_0_Kday_26_ETE_69_ORD_68_EXT_84_E2Ekor_83_EXTkor_69_DIFF_24
Fri Feb 20 12:00:00 UTC 2026,null,0.005828175572865746
Fri Feb 20 13:00:00 UTC 2026,null,9.210602747611318E-5
Fri Feb 20 14:00:00 UTC 2026,null,0.002548717407682588
Fri Feb 20 15:00:00 UTC 2026,null,0.0052920527609883194
Fri Feb 20 16:00:00 UTC 2026,null,0.011532706132130421
Fri Feb 20 17:00:00 UTC 2026,null,0.011590453299189285
Fri Feb 20 18:00:00 UTC 2026,null,0.011594105831725265
Fri Feb 20 19:00:00 UTC 2026,null,0.012859995754102016
Fri Feb 20 20:00:00 UTC 2026,null,0.011725515401915132
Sun Feb 22 21:00:00 UTC 2026,null,0.010361078219384368
Sun Feb 22 22:00:00 UTC 2026,null,0.008764788311662386
Sun Feb 22 23:00:00 UTC 2026,null,0.006108846425096459
Mon Feb 23 00:00:00 UTC 2026,null,0.005152951233940328
Mon Feb 23 01:00:00 UTC 2026,null,0.007044574673827242
Mon Feb 23 02:00:00 UTC 2026,null,0.008177921991695314
Mon Feb 23 03:00:00 UTC 2026,null,0.0022531726838304067
Mon Feb 23 04:00:00 UTC 2026,null,0.0038422334898067234
Mon Feb 23 05:00:00 UTC 2026,null,0.0034589294562916706
Mon Feb 23 06:00:00 UTC 2026,null,0.0067858752849883075
Mon Feb 23 07:00:00 UTC 2026,null,0.0040980933447141155
Mon Feb 23 08:00:00 UTC 2026,null,8.842713939198887E-4
Mon Feb 23 09:00:00 UTC 2026,null,9.53490941244084E-4
Mon Feb 23 10:00:00 UTC 2026,null,0.0013020235587752893
Mon Feb 23 11:00:00 UTC 2026,null,0.0011138230067668786
Mon Feb 23 12:00:00 UTC 2026,null,0.0059446893575740845
Mon Feb 23 13:00:00 UTC 2026,null,0.008572377170447787
Mon Feb 23 14:00:00 UTC 2026,null,0.007610782530020899
Mon Feb 23 15:00:00 UTC 2026,null,0.006826879736041569
Mon Feb 23 16:00:00 UTC 2026,null,0.01080285588253016
Mon Feb 23 17:00:00 UTC 2026,null,0.009467678221967368
Mon Feb 23 18:00:00 UTC 2026,null,0.0028284881125824057
Mon Feb 23 19:00:00 UTC 2026,null,0.001204786759419818
Mon Feb 23 20:00:00 UTC 2026,null,-0.0012368321835189988
Mon Feb 23 21:00:00 UTC 2026,null,0.0028736035486662814
Mon Feb 23 22:00:00 UTC 2026,null,0.006426245807918285
Mon Feb 23 23:00:00 UTC 2026,null,0.008778070396058268
Tue Feb 24 00:00:00 UTC 2026,null,0.007268944775685959
Tue Feb 24 01:00:00 UTC 2026,null,0.006368188441031819
Tue Feb 24 02:00:00 UTC 2026,null,0.011058752625030088
Tue Feb 24 03:00:00 UTC 2026,null,0.011335897842465137
Tue Feb 24 04:00:00 UTC 2026,null,0.009540872217188578
Tue Feb 24 05:00:00 UTC 2026,null,0.008928622708538114
Tue Feb 24 06:00:00 UTC 2026,null,0.007959229723205397
Tue Feb 24 07:00:00 UTC 2026,null,0.007886092435731129
Tue Feb 24 08:00:00 UTC 2026,null,0.00783366554930165
Tue Feb 24 09:00:00 UTC 2026,null,0.008355360284339142
Tue Feb 24 10:00:00 UTC 2026,null,0.00857349566767418
Tue Feb 24 11:00:00 UTC 2026,null,0.007974357086996342
Tue Feb 24 12:00:00 UTC 2026,null,0.011444212708526358
Tue Feb 24 13:00:00 UTC 2026,null,0.01212120046930032
Tue Feb 24 14:00:00 UTC 2026,null,0.009202605940225261
Tue Feb 24 15:00:00 UTC 2026,null,0.01458943824427994
Tue Feb 24 16:00:00 UTC 2026,null,0.014397105487508277
Tue Feb 24 17:00:00 UTC 2026,null,0.011096811094445158
Tue Feb 24 18:00:00 UTC 2026,null,0.009400371228275084
Tue Feb 24 19:00:00 UTC 2026,null,0.008292148613716854
Tue Feb 24 20:00:00 UTC 2026,null,0.008721560782474214
Tue Feb 24 21:00:00 UTC 2026,null,0.0053458454520090015
Tue Feb 24 22:00:00 UTC 2026,null,0.006176134257844801
Tue Feb 24 23:00:00 UTC 2026,null,0.006888101467122709
Wed Feb 25 00:00:00 UTC 2026,null,0.00642643918508945
Wed Feb 25 01:00:00 UTC 2026,null,0.011308867886739016
Wed Feb 25 02:00:00 UTC 2026,null,0.010363247723361724
Wed Feb 25 03:00:00 UTC 2026,null,0.011930473121135599
Wed Feb 25 04:00:00 UTC 2026,null,0.013348229083164576
Wed Feb 25 05:00:00 UTC 2026,null,0.012089754595240088
Wed Feb 25 06:00:00 UTC 2026,null,0.009689279214380342
Wed Feb 25 07:00:00 UTC 2026,null,0.007555987228558436
Wed Feb 25 08:00:00 UTC 2026,null,0.013849907497216485
Wed Feb 25 09:00:00 UTC 2026,null,0.004471244199407032
Wed Feb 25 10:00:00 UTC 2026,null,0.0030152284085458447
Wed Feb 25 11:00:00 UTC 2026,null,0.0056328355500063765
Wed Feb 25 12:00:00 UTC 2026,null,0.00723962249272514
Wed Feb 25 13:00:00 UTC 2026,null,0.008185984730740614
Wed Feb 25 14:00:00 UTC 2026,null,0.011330641880548775
Wed Feb 25 15:00:00 UTC 2026,null,0.006129753948508565
Wed Feb 25 16:00:00 UTC 2026,null,0.009273845191128949
Wed Feb 25 17:00:00 UTC 2026,null,0.009936617285945637
Wed Feb 25 18:00:00 UTC 2026,null,0.009964590440588061
Wed Feb 25 19:00:00 UTC 2026,null,0.006388356659311256
Wed Feb 25 20:00:00 UTC 2026,null,0.009320192340267042
Wed Feb 25 21:00:00 UTC 2026,null,0.008523337501650019
Wed Feb 25 22:00:00 UTC 2026,null,0.009503774439522772
Wed Feb 25 23:00:00 UTC 2026,null,0.010701050967069747
Thu Feb 26 00:00:00 UTC 2026,null,0.011136711984438108
Thu Feb 26 01:00:00 UTC 2026,null,0.010323753604327912
Thu Feb 26 02:00:00 UTC 2026,null,0.008557583693435511
Thu Feb 26 03:00:00 UTC 2026,null,0.006628169399732542
Thu Feb 26 04:00:00 UTC 2026,null,0.0037101362126854553
Thu Feb 26 05:00:00 UTC 2026,null,0.004454718334963026
Thu Feb 26 06:00:00 UTC 2026,null,0.007469350698120714
Thu Feb 26 07:00:00 UTC 2026,null,0.0037101851645600092
Thu Feb 26 08:00:00 UTC 2026,null,0.005856188100760384
Thu Feb 26 09:00:00 UTC 2026,null,0.0075165830876597894
Thu Feb 26 10:00:00 UTC 2026,null,0.004628678174259271
Thu Feb 26 11:00:00 UTC 2026,null,0.0056224400853439604
Thu Feb 26 12:00:00 UTC 2026,null,0.002582921511184111
Thu Feb 26 13:00:00 UTC 2026,null,0.007421127221503454
Thu Feb 26 14:00:00 UTC 2026,null,0.006607692842755419
Thu Feb 26 15:00:00 UTC 2026,null,0.0026639286886789293
Thu Feb 26 16:00:00 UTC 2026,null,0.0033485449574257586
Thu Feb 26 17:00:00 UTC 2026,null,0.004233287334431957
Thu Feb 26 18:00:00 UTC 2026,null,0.0041577532158187935
Thu Feb 26 19:00:00 UTC 2026,null,0.0037132064028178036
Thu Feb 26 20:00:00 UTC 2026,null,0.010288380089435556
Thu Feb 26 21:00:00 UTC 2026,null,0.01000895982873029
Thu Feb 26 22:00:00 UTC 2026,null,0.00833908121284832
Thu Feb 26 23:00:00 UTC 2026,null,0.013098839197706269
Fri Feb 27 00:00:00 UTC 2026,null,0.015081274696878921
Fri Feb 27 01:00:00 UTC 2026,null,0.011337217530132726
Fri Feb 27 02:00:00 UTC 2026,null,0.01613986624877839
Fri Feb 27 03:00:00 UTC 2026,null,0.013943841548723412
Fri Feb 27 04:00:00 UTC 2026,null,0.01784132495889068
Fri Feb 27 05:00:00 UTC 2026,null,0.01384785959002599
Fri Feb 27 06:00:00 UTC 2026,null,0.015183506121386081
Fri Feb 27 07:00:00 UTC 2026,null,0.011469325194815028
Fri Feb 27 08:00:00 UTC 2026,null,0.014876426017707445
Fri Feb 27 09:00:00 UTC 2026,null,0.013466390974188336
Fri Feb 27 10:00:00 UTC 2026,null,0.013402791887126675
Fri Feb 27 11:00:00 UTC 2026,null,0.009495627098797144
Fri Feb 27 12:00:00 UTC 2026,null,0.00713636372242199
Fri Feb 27 13:00:00 UTC 2026,null,0.009414884401027557
Fri Feb 27 14:00:00 UTC 2026,null,0.011073864566167657
Fri Feb 27 15:00:00 UTC 2026,null,0.007776921820449978
Fri Feb 27 16:00:00 UTC 2026,null,0.010424638249802776
Fri Feb 27 17:00:00 UTC 2026,null,0.009829584762087507
Fri Feb 27 18:00:00 UTC 2026,null,0.008873873791831244
Fri Feb 27 19:00:00 UTC 2026,null,0.009916929086988269
Fri Feb 27 20:00:00 UTC 2026,null,0.0043211011393209375
Sun Mar 01 21:00:00 UTC 2026,null,0.00466051493521924
Sun Mar 01 22:00:00 UTC 2026,null,0.0033345243269922165
Sun Mar 01 23:00:00 UTC 2026,null,8.791876543972066E-4
Mon Mar 02 00:00:00 UTC 2026,null,-9.318360374690471E-4
Mon Mar 02 01:00:00 UTC 2026,null,0.005673670428331334
Mon Mar 02 02:00:00 UTC 2026,null,0.005149868327884555
Mon Mar 02 03:00:00 UTC 2026,null,0.005936143512713876
Mon Mar 02 04:00:00 UTC 2026,null,0.009347322389837487
Mon Mar 02 05:00:00 UTC 2026,null,0.012638740986862906
Mon Mar 02 06:00:00 UTC 2026,null,0.010449185833878438
Mon Mar 02 07:00:00 UTC 2026,null,0.012760381496011775
Mon Mar 02 08:00:00 UTC 2026,null,0.008546179927792608
Mon Mar 02 09:00:00 UTC 2026,null,0.008454865248901378
Mon Mar 02 10:00:00 UTC 2026,null,0.010346391286676138
Mon Mar 02 11:00:00 UTC 2026,null,0.010469174141277904
Mon Mar 02 12:00:00 UTC 2026,null,0.010160744048173243
Mon Mar 02 13:00:00 UTC 2026,null,0.00939861274700693
Mon Mar 02 14:00:00 UTC 2026,null,0.004996748995751865
Mon Mar 02 15:00:00 UTC 2026,null,0.008953163921587404
Mon Mar 02 16:00:00 UTC 2026,null,0.008049530049381026
Mon Mar 02 17:00:00 UTC 2026,null,0.00716303360912196
Mon Mar 02 18:00:00 UTC 2026,null,0.005829610394781248
Mon Mar 02 19:00:00 UTC 2026,null,0.004036361940811695
Mon Mar 02 20:00:00 UTC 2026,null,0.005995406820093585
Mon Mar 02 21:00:00 UTC 2026,null,0.006705641085932079
Mon Mar 02 22:00:00 UTC 2026,null,0.006340453690437897
Mon Mar 02 23:00:00 UTC 2026,null,0.006763787970562873
Tue Mar 03 00:00:00 UTC 2026,null,0.006083584646682461
Tue Mar 03 01:00:00 UTC 2026,null,0.012432372497364064
Tue Mar 03 02:00:00 UTC 2026,null,0.008051802303314481
Tue Mar 03 03:00:00 UTC 2026,null,0.006915597735890344
Tue Mar 03 04:00:00 UTC 2026,null,0.002600195335609179
Tue Mar 03 05:00:00 UTC 2026,null,0.0012891588948846788
Tue Mar 03 06:00:00 UTC 2026,null,-0.001905612206486218
Tue Mar 03 07:00:00 UTC 2026,null,0.004027453889714927
Tue Mar 03 08:00:00 UTC 2026,null,0.006840083510721406
Tue Mar 03 09:00:00 UTC 2026,null,0.008957648409027463
Tue Mar 03 10:00:00 UTC 2026,null,0.0014881738691920887
Tue Mar 03 11:00:00 UTC 2026,null,0.001364425455691709
Tue Mar 03 12:00:00 UTC 2026,null,0.0026330975028985293
Tue Mar 03 13:00:00 UTC 2026,null,0.006646749987416989
Tue Mar 03 14:00:00 UTC 2026,null,0.011895382121327458
Tue Mar 03 15:00:00 UTC 2026,null,0.00941624756974857
Tue Mar 03 16:00:00 UTC 2026,null,0.009033799068228099
Tue Mar 03 17:00:00 UTC 2026,null,0.006427006958824144
Tue Mar 03 18:00:00 UTC 2026,null,0.004008397468160396
Tue Mar 03 19:00:00 UTC 2026,null,-0.004372666088333865
Tue Mar 03 20:00:00 UTC 2026,null,7.542629515508992E-4
Tue Mar 03 21:00:00 UTC 2026,null,0.0013601177029407552
Tue Mar 03 22:00:00 UTC 2026,null,8.400636309637832E-4
Tue Mar 03 23:00:00 UTC 2026,null,6.781956428918434E-4
Wed Mar 04 00:00:00 UTC 2026,null,0.006008132947005862
Wed Mar 04 01:00:00 UTC 2026,null,0.008042844292698526
Wed Mar 04 02:00:00 UTC 2026,null,1.3581447860389062E-4
Wed Mar 04 03:00:00 UTC 2026,null,0.002749988182730867
Wed Mar 04 04:00:00 UTC 2026,null,0.0024134918971974173
Wed Mar 04 05:00:00 UTC 2026,null,0.0021122229039498563
Wed Mar 04 06:00:00 UTC 2026,null,0.008694101443629698
Wed Mar 04 07:00:00 UTC 2026,null,0.006398050765171526
Wed Mar 04 08:00:00 UTC 2026,null,0.004098251915850781
Wed Mar 04 09:00:00 UTC 2026,null,0.0054837709477251195
Wed Mar 04 10:00:00 UTC 2026,null,3.6961918924749426E-4
Wed Mar 04 11:00:00 UTC 2026,null,0.0018752990090442623
Wed Mar 04 12:00:00 UTC 2026,null,0.0017844698089142241
Wed Mar 04 13:00:00 UTC 2026,null,0.003567986325103689
Wed Mar 04 14:00:00 UTC 2026,null,0.00606537791221573
Wed Mar 04 15:00:00 UTC 2026,null,0.0045942786450945405
Wed Mar 04 16:00:00 UTC 2026,null,0.007545199208371045
Wed Mar 04 17:00:00 UTC 2026,null,0.012802802133418112
Wed Mar 04 18:00:00 UTC 2026,null,0.007456997820669109
Wed Mar 04 19:00:00 UTC 2026,null,0.0062341022553571435
Wed Mar 04 20:00:00 UTC 2026,null,0.00991101686761553
Wed Mar 04 21:00:00 UTC 2026,null,0.01069196517330706
Wed Mar 04 22:00:00 UTC 2026,null,0.0077593979407817315
Wed Mar 04 23:00:00 UTC 2026,null,0.005428661329562878
Thu Mar 05 00:00:00 UTC 2026,null,0.005275933694996127
Thu Mar 05 01:00:00 UTC 2026,null,0.006344519066062482
Thu Mar 05 02:00:00 UTC 2026,null,0.008091725987449117
Thu Mar 05 03:00:00 UTC 2026,null,0.0014897674287350782
Thu Mar 05 04:00:00 UTC 2026,null,0.003439641357995349
Thu Mar 05 05:00:00 UTC 2026,null,0.0018821477993009594
Thu Mar 05 06:00:00 UTC 2026,null,0.003203404813966415
Thu Mar 05 07:00:00 UTC 2026,null,9.872856907326977E-4
Thu Mar 05 08:00:00 UTC 2026,null,0.0021745792616263415
Thu Mar 05 09:00:00 UTC 2026,null,0.0065334086267050395
Thu Mar 05 10:00:00 UTC 2026,null,0.00795008856854107
Thu Mar 05 11:00:00 UTC 2026,null,0.005823514519170736
Thu Mar 05 12:00:00 UTC 2026,null,-9.968632472423522E-4
Thu Mar 05 13:00:00 UTC 2026,null,9.4527115983567E-5
Thu Mar 05 14:00:00 UTC 2026,null,-0.0010223152069208652
Thu Mar 05 15:00:00 UTC 2026,null,-0.002668913843828946
Thu Mar 05 16:00:00 UTC 2026,null,-0.0027261498891384406
Thu Mar 05 17:00:00 UTC 2026,null,-0.0016181862020356874
Thu Mar 05 18:00:00 UTC 2026,null,-0.004376696262931468
Thu Mar 05 19:00:00 UTC 2026,null,-0.002477064547101726
Thu Mar 05 20:00:00 UTC 2026,null,-0.0027181562030103024
Thu Mar 05 21:00:00 UTC 2026,null,-0.00394961738247801
Thu Mar 05 22:00:00 UTC 2026,null,-0.0020416000850680405
Thu Mar 05 23:00:00 UTC 2026,null,-0.0030059706801024433
Fri Mar 06 00:00:00 UTC 2026,null,2.3734613993475762E-4
Fri Mar 06 01:00:00 UTC 2026,null,-4.144752198973478E-4
Fri Mar 06 02:00:00 UTC 2026,null,3.1768710764801256E-4
Fri Mar 06 03:00:00 UTC 2026,null,5.1806637732632055E-5
Fri Mar 06 04:00:00 UTC 2026,null,-8.497214998506308E-4
Fri Mar 06 05:00:00 UTC 2026,null,0.0016615422856096629
Fri Mar 06 06:00:00 UTC 2026,null,0.0017889816604945707
Fri Mar 06 07:00:00 UTC 2026,null,5.507018518153828E-4
Fri Mar 06 08:00:00 UTC 2026,null,0.007165684636141201
Fri Mar 06 09:00:00 UTC 2026,null,0.005847497484584352
Fri Mar 06 10:00:00 UTC 2026,null,0.003261526349134236
Fri Mar 06 11:00:00 UTC 2026,null,7.203448387045341E-4
Fri Mar 06 12:00:00 UTC 2026,null,-1.6032349718919647E-4
Fri Mar 06 13:00:00 UTC 2026,null,0.0057382749909180575
Fri Mar 06 14:00:00 UTC 2026,null,0.007781901433438598
Fri Mar 06 15:00:00 UTC 2026,null,0.009339724862019061
Fri Mar 06 16:00:00 UTC 2026,null,0.011913731043045495
Fri Mar 06 17:00:00 UTC 2026,null,0.00935482065836446
Fri Mar 06 18:00:00 UTC 2026,null,0.010352445074843786
Fri Mar 06 19:00:00 UTC 2026,null,0.012073489996013542
Fri Mar 06 20:00:00 UTC 2026,null,0.008955416855903842
Sun Mar 08 21:00:00 UTC 2026,null,0.01030696988679658
Sun Mar 08 22:00:00 UTC 2026,null,0.013183666165110353
Sun Mar 08 23:00:00 UTC 2026,null,0.012675787094292623
Mon Mar 09 00:00:00 UTC 2026,null,0.011325586796056442
Mon Mar 09 01:00:00 UTC 2026,null,0.012531717854105118
Mon Mar 09 02:00:00 UTC 2026,null,0.013755701912105955
Mon Mar 09 03:00:00 UTC 2026,null,0.013285496339645597
Mon Mar 09 04:00:00 UTC 2026,null,0.013984307703150733
Mon Mar 09 05:00:00 UTC 2026,null,0.011540295641565557
Mon Mar 09 06:00:00 UTC 2026,null,0.011976601365036643
Mon Mar 09 07:00:00 UTC 2026,null,0.017712552078693378
Mon Mar 09 08:00:00 UTC 2026,null,0.014700650329555032
Mon Mar 09 09:00:00 UTC 2026,null,0.015518482698563929
Mon Mar 09 10:00:00 UTC 2026,null,0.017431760860509904
Mon Mar 09 11:00:00 UTC 2026,null,0.016436258662430703
Mon Mar 09 12:00:00 UTC 2026,null,0.013003066105045313
Mon Mar 09 13:00:00 UTC 2026,null,0.013971686983333065
Mon Mar 09 14:00:00 UTC 2026,null,0.018880840504150953
Mon Mar 09 15:00:00 UTC 2026,null,0.01957716791110009
Mon Mar 09 16:00:00 UTC 2026,null,0.02149685442331606
Mon Mar 09 17:00:00 UTC 2026,null,0.023516211111463292
Mon Mar 09 18:00:00 UTC 2026,null,0.020366943492266643
Mon Mar 09 19:00:00 UTC 2026,null,0.01711029343527759
Mon Mar 09 20:00:00 UTC 2026,null,0.019324567111610236
Mon Mar 09 21:00:00 UTC 2026,null,0.017628989814518548
Mon Mar 09 22:00:00 UTC 2026,null,0.018570329402017194
Mon Mar 09 23:00:00 UTC 2026,null,0.02066853713273087
Tue Mar 10 00:00:00 UTC 2026,null,0.018122449085881343
Tue Mar 10 01:00:00 UTC 2026,null,0.018803148722836838
Tue Mar 10 02:00:00 UTC 2026,null,0.018373621906432547
Tue Mar 10 03:00:00 UTC 2026,null,0.020955307642098298
Tue Mar 10 04:00:00 UTC 2026,null,0.017805577424748975
Tue Mar 10 05:00:00 UTC 2026,null,0.016531055095950542
Tue Mar 10 06:00:00 UTC 2026,null,0.019484094585400236
Tue Mar 10 07:00:00 UTC 2026,null,0.014596780353205219
Tue Mar 10 08:00:00 UTC 2026,null,0.017609515452412516
Tue Mar 10 09:00:00 UTC 2026,null,0.012012735833289767
Tue Mar 10 10:00:00 UTC 2026,null,0.01517863731767477
Tue Mar 10 11:00:00 UTC 2026,null,0.01136667454616802
Tue Mar 10 12:00:00 UTC 2026,null,0.018076812010741072
Tue Mar 10 13:00:00 UTC 2026,null,0.018477274446046188
Tue Mar 10 14:00:00 UTC 2026,null,0.021528460976581343
Tue Mar 10 15:00:00 UTC 2026,null,0.024490422686438862
Tue Mar 10 16:00:00 UTC 2026,null,0.02126124426099274
Tue Mar 10 17:00:00 UTC 2026,null,0.020871016544796284
Tue Mar 10 18:00:00 UTC 2026,null,0.01644586198117537
Tue Mar 10 19:00:00 UTC 2026,null,0.01916576671443959
Tue Mar 10 20:00:00 UTC 2026,null,0.018768936880118936
Tue Mar 10 21:00:00 UTC 2026,null,0.017050816104251076
Tue Mar 10 22:00:00 UTC 2026,null,0.016627116352445626
Tue Mar 10 23:00:00 UTC 2026,null,0.019432924952263342
Wed Mar 11 00:00:00 UTC 2026,null,0.018849465238175434
Wed Mar 11 01:00:00 UTC 2026,null,0.02349131539925775
Wed Mar 11 02:00:00 UTC 2026,null,0.02323465357549903
Wed Mar 11 03:00:00 UTC 2026,null,0.01784112214973188
Wed Mar 11 04:00:00 UTC 2026,null,0.01834605412042034
Wed Mar 11 05:00:00 UTC 2026,null,0.020603901124222723
Wed Mar 11 06:00:00 UTC 2026,null,0.019774093803950343
Wed Mar 11 07:00:00 UTC 2026,null,0.02094945398061121
Wed Mar 11 08:00:00 UTC 2026,null,0.022077853278423376
Wed Mar 11 09:00:00 UTC 2026,null,0.024411328082060813
Wed Mar 11 10:00:00 UTC 2026,null,0.026651869986357823
Wed Mar 11 11:00:00 UTC 2026,null,0.020308583488358956
Wed Mar 11 12:00:00 UTC 2026,null,0.02561413930047518
