date,va,P_Kweek_28_Kday_60_ETE_71_ORD_68_EXT_87_E2Ekor_86_EXTkor_70_DIFF_23
Fri Feb 13 22:00:00 UTC 2026,null,0.0
Fri Feb 13 23:00:00 UTC 2026,null,0.0
Sat Feb 14 00:00:00 UTC 2026,null,0.0
Sat Feb 14 01:00:00 UTC 2026,null,0.0
Sat Feb 14 02:00:00 UTC 2026,null,0.0
Sat Feb 14 03:00:00 UTC 2026,null,0.0
Sat Feb 14 04:00:00 UTC 2026,null,0.0
Sat Feb 14 05:00:00 UTC 2026,null,0.0
Sat Feb 14 06:00:00 UTC 2026,null,0.0
Sat Feb 14 07:00:00 UTC 2026,null,0.0
Sat Feb 14 08:00:00 UTC 2026,null,0.0
Sat Feb 14 09:00:00 UTC 2026,null,0.0
Sat Feb 14 10:00:00 UTC 2026,null,0.0
Sat Feb 14 11:00:00 UTC 2026,null,0.0
Sat Feb 14 12:00:00 UTC 2026,null,0.0
Sat Feb 14 13:00:00 UTC 2026,null,0.0
Sat Feb 14 14:00:00 UTC 2026,null,0.0
Sat Feb 14 15:00:00 UTC 2026,null,0.0
Sat Feb 14 16:00:00 UTC 2026,null,0.0
Sat Feb 14 17:00:00 UTC 2026,null,0.0
Sat Feb 14 18:00:00 UTC 2026,null,0.0
Sat Feb 14 19:00:00 UTC 2026,null,0.0
Sat Feb 14 20:00:00 UTC 2026,null,0.0
Sat Feb 14 21:00:00 UTC 2026,null,0.0
Sat Feb 14 22:00:00 UTC 2026,null,0.0
Sat Feb 14 23:00:00 UTC 2026,null,0.0
Sun Feb 15 00:00:00 UTC 2026,null,0.0
Sun Feb 15 01:00:00 UTC 2026,null,0.0
Sun Feb 15 02:00:00 UTC 2026,null,0.0
Sun Feb 15 03:00:00 UTC 2026,null,0.0
Sun Feb 15 04:00:00 UTC 2026,null,0.0
Sun Feb 15 05:00:00 UTC 2026,null,0.0
Sun Feb 15 06:00:00 UTC 2026,null,0.0
Sun Feb 15 07:00:00 UTC 2026,null,0.0
Sun Feb 15 08:00:00 UTC 2026,null,0.0
Sun Feb 15 09:00:00 UTC 2026,null,0.0
Sun Feb 15 10:00:00 UTC 2026,null,0.0
Sun Feb 15 11:00:00 UTC 2026,null,0.0
Sun Feb 15 12:00:00 UTC 2026,null,0.0
Sun Feb 15 13:00:00 UTC 2026,null,0.0
Sun Feb 15 14:00:00 UTC 2026,null,0.0
Sun Feb 15 15:00:00 UTC 2026,null,0.0
Sun Feb 15 16:00:00 UTC 2026,null,0.0
Sun Feb 15 17:00:00 UTC 2026,null,0.0
Sun Feb 15 18:00:00 UTC 2026,null,0.0
Sun Feb 15 19:00:00 UTC 2026,null,0.0
Sun Feb 15 20:00:00 UTC 2026,null,0.0
Sun Feb 15 21:00:00 UTC 2026,null,-0.003043670357876671
Sun Feb 15 22:00:00 UTC 2026,null,-2.454572869252658E-4
Sun Feb 15 23:00:00 UTC 2026,null,0.007006052275388974
Mon Feb 16 00:00:00 UTC 2026,null,0.00824736484069799
Mon Feb 16 01:00:00 UTC 2026,null,0.008310482428765198
Mon Feb 16 02:00:00 UTC 2026,null,0.005596426141901922
Mon Feb 16 03:00:00 UTC 2026,null,0.006795660315167318
Mon Feb 16 04:00:00 UTC 2026,null,0.008962697505452866
Mon Feb 16 05:00:00 UTC 2026,null,0.009692056300888652
Mon Feb 16 06:00:00 UTC 2026,null,0.0098533568037249
Mon Feb 16 07:00:00 UTC 2026,null,0.012202733692869394
Mon Feb 16 08:00:00 UTC 2026,null,0.008394639212853328
Mon Feb 16 09:00:00 UTC 2026,null,0.010358297508258119
Mon Feb 16 10:00:00 UTC 2026,null,0.011978315601966827
Mon Feb 16 11:00:00 UTC 2026,null,0.01037232363893903
Mon Feb 16 12:00:00 UTC 2026,null,0.01028115378951
Mon Feb 16 13:00:00 UTC 2026,null,0.010449467357687148
Mon Feb 16 14:00:00 UTC 2026,null,0.008212299513994381
Mon Feb 16 15:00:00 UTC 2026,null,0.008394639212853328
Mon Feb 16 16:00:00 UTC 2026,null,0.008990749766815576
Mon Feb 16 17:00:00 UTC 2026,null,0.008913606048067457
Mon Feb 16 18:00:00 UTC 2026,null,0.01030219298553181
Mon Feb 16 19:00:00 UTC 2026,null,0.011354152786641869
Mon Feb 16 20:00:00 UTC 2026,null,0.004593557798178161
Mon Feb 16 21:00:00 UTC 2026,null,-5.750713579395494E-4
Mon Feb 16 22:00:00 UTC 2026,null,0.007574110567988512
Mon Feb 16 23:00:00 UTC 2026,null,0.0098603698690658
Tue Feb 17 00:00:00 UTC 2026,null,0.009720108562251362
Tue Feb 17 01:00:00 UTC 2026,null,0.009867382934406699
Tue Feb 17 02:00:00 UTC 2026,null,0.005954092474279804
Tue Feb 17 03:00:00 UTC 2026,null,0.009586860320777824
Tue Feb 17 04:00:00 UTC 2026,null,0.009474651275326096
Tue Feb 17 05:00:00 UTC 2026,null,0.007637228156054832
Tue Feb 17 06:00:00 UTC 2026,null,0.00565954372996913
Tue Feb 17 07:00:00 UTC 2026,null,0.004242904531141178
Tue Feb 17 08:00:00 UTC 2026,null,0.005975131670301614
Tue Feb 17 09:00:00 UTC 2026,null,0.005905001016894396
Tue Feb 17 10:00:00 UTC 2026,null,0.006066301519731532
Tue Feb 17 11:00:00 UTC 2026,null,0.009516729667370605
Tue Feb 17 12:00:00 UTC 2026,null,0.007097222124818892
Tue Feb 17 13:00:00 UTC 2026,null,0.007693332678780251
Tue Feb 17 14:00:00 UTC 2026,null,0.009958552783836616
Tue Feb 17 15:00:00 UTC 2026,null,0.010666872383249704
Tue Feb 17 16:00:00 UTC 2026,null,0.013317811082045772
Tue Feb 17 17:00:00 UTC 2026,null,0.011508440224137217
Tue Feb 17 18:00:00 UTC 2026,null,0.011697792988337063
Tue Feb 17 19:00:00 UTC 2026,null,0.008387626147512428
Tue Feb 17 20:00:00 UTC 2026,null,0.006816699511189128
Tue Feb 17 21:00:00 UTC 2026,null,0.003029644227194872
Tue Feb 17 22:00:00 UTC 2026,null,0.005926040212916206
Tue Feb 17 23:00:00 UTC 2026,null,0.010786094494042331
Wed Feb 18 00:00:00 UTC 2026,null,0.010365310573599018
Wed Feb 18 01:00:00 UTC 2026,null,0.011571557812204425
Wed Feb 18 02:00:00 UTC 2026,null,0.010028683437243835
Wed Feb 18 03:00:00 UTC 2026,null,0.010940381931538568
Wed Feb 18 04:00:00 UTC 2026,null,0.008962697505452866
Wed Feb 18 05:00:00 UTC 2026,null,0.010035696502583846
Wed Feb 18 06:00:00 UTC 2026,null,0.010407388965642639
Wed Feb 18 07:00:00 UTC 2026,null,0.011746884445722472
Wed Feb 18 08:00:00 UTC 2026,null,0.014313666360429522
Wed Feb 18 09:00:00 UTC 2026,null,0.010933368866197668
Wed Feb 18 10:00:00 UTC 2026,null,0.008310482428765198
Wed Feb 18 11:00:00 UTC 2026,null,0.007412810065151376
Wed Feb 18 12:00:00 UTC 2026,null,0.005498243227131994
Wed Feb 18 13:00:00 UTC 2026,null,0.007609175894692122
Wed Feb 18 14:00:00 UTC 2026,null,0.0042008261390966695
Wed Feb 18 15:00:00 UTC 2026,null,0.005266812070887639
Wed Feb 18 16:00:00 UTC 2026,null,0.0019846974914266013
Wed Feb 18 17:00:00 UTC 2026,null,0.0012833909573535252
Wed Feb 18 18:00:00 UTC 2026,null,-0.001339495480079833
Wed Feb 18 19:00:00 UTC 2026,null,-3.7169246305879255E-4
Wed Feb 18 20:00:00 UTC 2026,null,4.1377085510330147E-4
Wed Feb 18 21:00:00 UTC 2026,null,-0.005357981920317556
Wed Feb 18 22:00:00 UTC 2026,null,-9.818291477019514E-4
Wed Feb 18 23:00:00 UTC 2026,null,0.004369139707274705
Thu Feb 19 00:00:00 UTC 2026,null,0.0026719778948178785
Thu Feb 19 01:00:00 UTC 2026,null,7.503979914584846E-4
Thu Feb 19 02:00:00 UTC 2026,null,3.7870552839969207E-4
Thu Feb 19 03:00:00 UTC 2026,null,0.001500795982916081
Thu Feb 19 04:00:00 UTC 2026,null,0.0014587175908715722
Thu Feb 19 05:00:00 UTC 2026,null,9.537768863392415E-4
Thu Feb 19 06:00:00 UTC 2026,null,0.001178194977242697
Thu Feb 19 07:00:00 UTC 2026,null,0.0049862894572587635
Thu Feb 19 08:00:00 UTC 2026,null,0.0037169246305870374
Thu Feb 19 09:00:00 UTC 2026,null,0.005940066343598005
Thu Feb 19 10:00:00 UTC 2026,null,0.008015933684454524
Thu Feb 19 11:00:00 UTC 2026,null,0.006669425139033791
Thu Feb 19 12:00:00 UTC 2026,null,0.009362442229874368
Thu Feb 19 13:00:00 UTC 2026,null,0.010386349769620828
Thu Feb 19 14:00:00 UTC 2026,null,0.009874395999747598
Thu Feb 19 15:00:00 UTC 2026,null,0.009481664340666995
Thu Feb 19 16:00:00 UTC 2026,null,0.003247049252757428
Thu Feb 19 17:00:00 UTC 2026,null,0.003303153775483736
Thu Feb 19 18:00:00 UTC 2026,null,0.004432257295341024
Thu Feb 19 19:00:00 UTC 2026,null,0.005224733678844018
Thu Feb 19 20:00:00 UTC 2026,null,0.0029454874431067424
Thu Feb 19 21:00:00 UTC 2026,null,-0.002040802014152021
Thu Feb 19 22:00:00 UTC 2026,null,0.0026088603067515592
Thu Feb 19 23:00:00 UTC 2026,null,0.005035380914644172
Fri Feb 20 00:00:00 UTC 2026,null,0.0055824000112210115
Fri Feb 20 01:00:00 UTC 2026,null,0.001977684426085702
Fri Feb 20 02:00:00 UTC 2026,null,0.003380297494231854
Fri Feb 20 03:00:00 UTC 2026,null,0.002286259301078175
Fri Feb 20 04:00:00 UTC 2026,null,-8.345547755466143E-4
Fri Feb 20 05:00:00 UTC 2026,null,-6.522150766876678E-4
Fri Feb 20 06:00:00 UTC 2026,null,0.0021319718635819385
Fri Feb 20 07:00:00 UTC 2026,null,0.0010940381931536791
Fri Feb 20 08:00:00 UTC 2026,null,0.005287851266910337
Fri Feb 20 09:00:00 UTC 2026,null,0.004860054281126125
Fri Feb 20 10:00:00 UTC 2026,null,0.002707043221521488
Fri Feb 20 11:00:00 UTC 2026,null,0.004249917596482078
Fri Feb 20 12:00:00 UTC 2026,null,0.008149181925928062
Fri Feb 20 13:00:00 UTC 2026,null,0.010084787959969255
Fri Feb 20 14:00:00 UTC 2026,null,0.0069359216219817554
Fri Feb 20 15:00:00 UTC 2026,null,0.007405796999810477
Fri Feb 20 16:00:00 UTC 2026,null,0.003275101514121026
Fri Feb 20 17:00:00 UTC 2026,null,0.0027280824175441865
Fri Feb 20 18:00:00 UTC 2026,null,0.003492506539683582
Fri Feb 20 19:00:00 UTC 2026,null,7.784502528211945E-4
Fri Feb 20 20:00:00 UTC 2026,null,-0.005280838201569438
Fri Feb 20 21:00:00 UTC 2026,null,-0.005280838201569438
Fri Feb 20 22:00:00 UTC 2026,null,-0.005280838201569438
Fri Feb 20 23:00:00 UTC 2026,null,-0.005280838201569438
Sat Feb 21 00:00:00 UTC 2026,null,-0.005280838201569438
Sat Feb 21 01:00:00 UTC 2026,null,-0.005280838201569438
Sat Feb 21 02:00:00 UTC 2026,null,-0.005280838201569438
Sat Feb 21 03:00:00 UTC 2026,null,-0.005280838201569438
Sat Feb 21 04:00:00 UTC 2026,null,-0.005280838201569438
Sat Feb 21 05:00:00 UTC 2026,null,-0.005280838201569438
Sat Feb 21 06:00:00 UTC 2026,null,-0.005280838201569438
Sat Feb 21 07:00:00 UTC 2026,null,-0.005280838201569438
Sat Feb 21 08:00:00 UTC 2026,null,-0.005280838201569438
Sat Feb 21 09:00:00 UTC 2026,null,-0.005280838201569438
Sat Feb 21 10:00:00 UTC 2026,null,-0.005280838201569438
Sat Feb 21 11:00:00 UTC 2026,null,-0.005280838201569438
Sat Feb 21 12:00:00 UTC 2026,null,-0.005280838201569438
Sat Feb 21 13:00:00 UTC 2026,null,-0.005280838201569438
Sat Feb 21 14:00:00 UTC 2026,null,-0.005280838201569438
Sat Feb 21 15:00:00 UTC 2026,null,-0.005280838201569438
Sat Feb 21 16:00:00 UTC 2026,null,-0.005280838201569438
Sat Feb 21 17:00:00 UTC 2026,null,-0.005280838201569438
Sat Feb 21 18:00:00 UTC 2026,null,-0.005280838201569438
Sat Feb 21 19:00:00 UTC 2026,null,-0.005280838201569438
Sat Feb 21 20:00:00 UTC 2026,null,-0.005280838201569438
Sat Feb 21 21:00:00 UTC 2026,null,-0.005280838201569438
Sat Feb 21 22:00:00 UTC 2026,null,-0.005280838201569438
Sat Feb 21 23:00:00 UTC 2026,null,-0.005280838201569438
Sun Feb 22 00:00:00 UTC 2026,null,-0.005280838201569438
Sun Feb 22 01:00:00 UTC 2026,null,-0.005280838201569438
Sun Feb 22 02:00:00 UTC 2026,null,-0.005280838201569438
Sun Feb 22 03:00:00 UTC 2026,null,-0.005280838201569438
Sun Feb 22 04:00:00 UTC 2026,null,-0.005280838201569438
Sun Feb 22 05:00:00 UTC 2026,null,-0.005280838201569438
Sun Feb 22 06:00:00 UTC 2026,null,-0.005280838201569438
Sun Feb 22 07:00:00 UTC 2026,null,-0.005280838201569438
Sun Feb 22 08:00:00 UTC 2026,null,-0.005280838201569438
Sun Feb 22 09:00:00 UTC 2026,null,-0.005280838201569438
Sun Feb 22 10:00:00 UTC 2026,null,-0.005280838201569438
Sun Feb 22 11:00:00 UTC 2026,null,-0.005280838201569438
Sun Feb 22 12:00:00 UTC 2026,null,-0.005280838201569438
Sun Feb 22 13:00:00 UTC 2026,null,-0.005280838201569438
Sun Feb 22 14:00:00 UTC 2026,null,-0.005280838201569438
Sun Feb 22 15:00:00 UTC 2026,null,-0.005280838201569438
Sun Feb 22 16:00:00 UTC 2026,null,-0.005280838201569438
Sun Feb 22 17:00:00 UTC 2026,null,-0.005280838201569438
Sun Feb 22 18:00:00 UTC 2026,null,-0.005280838201569438
Sun Feb 22 19:00:00 UTC 2026,null,-0.005280838201569438
Sun Feb 22 20:00:00 UTC 2026,null,-0.005280838201569438
Sun Feb 22 21:00:00 UTC 2026,null,-0.010042709567924746
Sun Feb 22 22:00:00 UTC 2026,null,-0.003303153775483736
Sun Feb 22 23:00:00 UTC 2026,null,0.0044182311646601136
Mon Feb 23 00:00:00 UTC 2026,null,0.003233023122076517
Mon Feb 23 01:00:00 UTC 2026,null,0.00205482814483382
Mon Feb 23 02:00:00 UTC 2026,null,0.0010098814090646613
Mon Feb 23 03:00:00 UTC 2026,null,2.9454874431067424E-4
Mon Feb 23 04:00:00 UTC 2026,null,2.875356789697747E-4
Mon Feb 23 05:00:00 UTC 2026,null,0.0018514492499530633
Mon Feb 23 06:00:00 UTC 2026,null,0.005799805036783567
Mon Feb 23 07:00:00 UTC 2026,null,0.004958237195896054
Mon Feb 23 08:00:00 UTC 2026,null,-8.485809062284133E-4
Mon Feb 23 09:00:00 UTC 2026,null,-0.0023072984970999855
Mon Feb 23 10:00:00 UTC 2026,null,9.257246249765316E-4
Mon Feb 23 11:00:00 UTC 2026,null,-0.0015709266363232999
Mon Feb 23 12:00:00 UTC 2026,null,0.0015078090482569806
Mon Feb 23 13:00:00 UTC 2026,null,0.002447559803914423
Mon Feb 23 14:00:00 UTC 2026,null,4.909145738514198E-4
Mon Feb 23 15:00:00 UTC 2026,null,0.0046356361902226695
Mon Feb 23 16:00:00 UTC 2026,null,0.0029034090510622335
Mon Feb 23 17:00:00 UTC 2026,null,0.005287851266910337
Mon Feb 23 18:00:00 UTC 2026,null,0.005996170866324313
Mon Feb 23 19:00:00 UTC 2026,null,0.005357981920317556
Mon Feb 23 20:00:00 UTC 2026,null,0.0017953447272267553
Mon Feb 23 21:00:00 UTC 2026,null,-8.135155795248039E-4
Mon Feb 23 22:00:00 UTC 2026,null,0.00408861709364583
Mon Feb 23 23:00:00 UTC 2026,null,0.006325784937338597
Tue Feb 24 00:00:00 UTC 2026,null,0.009649977908844143
Tue Feb 24 01:00:00 UTC 2026,null,0.005554347749858302
Tue Feb 24 02:00:00 UTC 2026,null,0.00673955579244101
Tue Feb 24 03:00:00 UTC 2026,null,0.0076652804174175415
Tue Feb 24 04:00:00 UTC 2026,null,0.00819126031797257
Tue Feb 24 05:00:00 UTC 2026,null,0.009593873386118723
Tue Feb 24 06:00:00 UTC 2026,null,0.008478795996942345
Tue Feb 24 07:00:00 UTC 2026,null,0.011543505550840827
Tue Feb 24 08:00:00 UTC 2026,null,0.008345547755468807
Tue Feb 24 09:00:00 UTC 2026,null,0.007903724639002796
Tue Feb 24 10:00:00 UTC 2026,null,0.007104235190158903
Tue Feb 24 11:00:00 UTC 2026,null,0.002693017090840577
Tue Feb 24 12:00:00 UTC 2026,null,0.004523427144770942
Tue Feb 24 13:00:00 UTC 2026,null,0.008268404036720689
Tue Feb 24 14:00:00 UTC 2026,null,0.005834870363487177
Tue Feb 24 15:00:00 UTC 2026,null,0.011157786957101123
Tue Feb 24 16:00:00 UTC 2026,null,0.004544466340792752
Tue Feb 24 17:00:00 UTC 2026,null,0.005379021116339366
Tue Feb 24 18:00:00 UTC 2026,null,0.005203694482821319
Tue Feb 24 19:00:00 UTC 2026,null,0.004411218099319214
Tue Feb 24 20:00:00 UTC 2026,null,0.0037800422186533567
Tue Feb 24 21:00:00 UTC 2026,null,-0.0029034090510622335
Tue Feb 24 22:00:00 UTC 2026,null,0.001732227139160436
Tue Feb 24 23:00:00 UTC 2026,null,0.0055262954884947035
Wed Feb 25 00:00:00 UTC 2026,null,0.005428112573724775
Wed Feb 25 01:00:00 UTC 2026,null,0.007581123633328524
Wed Feb 25 02:00:00 UTC 2026,null,0.006795660315167318
Wed Feb 25 03:00:00 UTC 2026,null,0.004747845235674397
Wed Feb 25 04:00:00 UTC 2026,null,0.005996170866324313
Wed Feb 25 05:00:00 UTC 2026,null,-4.909145738514198E-4
Wed Feb 25 06:00:00 UTC 2026,null,0.0034714673436608834
Wed Feb 25 07:00:00 UTC 2026,null,0.003534584931728091
Wed Feb 25 08:00:00 UTC 2026,null,0.006017210062346123
Wed Feb 25 09:00:00 UTC 2026,null,0.0055403216191765026
Wed Feb 25 10:00:00 UTC 2026,null,0.009685043235547752
Wed Feb 25 11:00:00 UTC 2026,null,0.008050999011158133
Wed Feb 25 12:00:00 UTC 2026,null,0.007055143732774383
Wed Feb 25 13:00:00 UTC 2026,null,0.0033592582982091557
Wed Feb 25 14:00:00 UTC 2026,null,-5.680582925995381E-4
Wed Feb 25 15:00:00 UTC 2026,null,2.875356789697747E-4
Wed Feb 25 16:00:00 UTC 2026,null,-0.003029644227194872
Wed Feb 25 17:00:00 UTC 2026,null,-0.00365380704251983
Wed Feb 25 18:00:00 UTC 2026,null,-5.890974886213485E-4
Wed Feb 25 19:00:00 UTC 2026,null,-0.0018724884459748736
Wed Feb 25 20:00:00 UTC 2026,null,-0.003001591965832162
Wed Feb 25 21:00:00 UTC 2026,null,-0.006346824133360407
Wed Feb 25 22:00:00 UTC 2026,null,-0.004299009053867486
Wed Feb 25 23:00:00 UTC 2026,null,-0.0014306653295088623
Thu Feb 26 00:00:00 UTC 2026,null,-0.002559768849366151
Thu Feb 26 01:00:00 UTC 2026,null,0.002664964829476979
Thu Feb 26 02:00:00 UTC 2026,null,-9.958552783837504E-4
Thu Feb 26 03:00:00 UTC 2026,null,0.004860054281126125
Thu Feb 26 04:00:00 UTC 2026,null,0.005806818102124467
Thu Feb 26 05:00:00 UTC 2026,null,0.0036187417158162205
Thu Feb 26 06:00:00 UTC 2026,null,0.004888106542488835
Thu Feb 26 07:00:00 UTC 2026,null,0.007875672377639198
Thu Feb 26 08:00:00 UTC 2026,null,0.0017532663351822464
Thu Feb 26 09:00:00 UTC 2026,null,0.009236207053740841
Thu Feb 26 10:00:00 UTC 2026,null,0.010926355800856768
Thu Feb 26 11:00:00 UTC 2026,null,0.011739871380381572
Thu Feb 26 12:00:00 UTC 2026,null,0.015351600030857782
Thu Feb 26 13:00:00 UTC 2026,null,0.01444691460190306
Thu Feb 26 14:00:00 UTC 2026,null,0.014853672391665462
Thu Feb 26 15:00:00 UTC 2026,null,0.014355744752474031
Thu Feb 26 16:00:00 UTC 2026,null,0.008058012076498144
Thu Feb 26 17:00:00 UTC 2026,null,0.0069359216219817554
Thu Feb 26 18:00:00 UTC 2026,null,0.005098498502710491
Thu Feb 26 19:00:00 UTC 2026,null,0.002489638195958932
Thu Feb 26 20:00:00 UTC 2026,null,-7.013065340899516E-6
Thu Feb 26 21:00:00 UTC 2026,null,-3.226010056733841E-4
Thu Feb 26 22:00:00 UTC 2026,null,0.0019426190993820924
Thu Feb 26 23:00:00 UTC 2026,null,0.0026860040254996775
Fri Feb 27 00:00:00 UTC 2026,null,0.003204970860713807
Fri Feb 27 01:00:00 UTC 2026,null,0.00408160402830493
Fri Feb 27 02:00:00 UTC 2026,null,0.006248641218590478
Fri Feb 27 03:00:00 UTC 2026,null,0.0061364321731387506
Fri Feb 27 04:00:00 UTC 2026,null,0.004186800008415759
Fri Feb 27 05:00:00 UTC 2026,null,0.006522150766878454
Fri Feb 27 06:00:00 UTC 2026,null,0.006395915590745815
Fri Feb 27 07:00:00 UTC 2026,null,0.010666872383249704
Fri Feb 27 08:00:00 UTC 2026,null,0.011515453289478117
Fri Feb 27 09:00:00 UTC 2026,null,0.01338794173545299
Fri Feb 27 10:00:00 UTC 2026,null,0.015246404050746953
Fri Feb 27 11:00:00 UTC 2026,null,0.014138339726911475
Fri Feb 27 12:00:00 UTC 2026,null,0.015183286462679746
Fri Feb 27 13:00:00 UTC 2026,null,0.011073630173012106
Fri Feb 27 14:00:00 UTC 2026,null,0.014068209073504256
Fri Feb 27 15:00:00 UTC 2026,null,0.01653680807344049
Fri Feb 27 16:00:00 UTC 2026,null,0.011185839218463833
Fri Feb 27 17:00:00 UTC 2026,null,0.012490269371840057
Fri Feb 27 18:00:00 UTC 2026,null,0.011269996002552851
Fri Feb 27 19:00:00 UTC 2026,null,0.0082894432327425
Fri Feb 27 20:00:00 UTC 2026,null,0.0076793065480993405
Fri Feb 27 21:00:00 UTC 2026,null,0.0076793065480993405
Fri Feb 27 22:00:00 UTC 2026,null,0.0076793065480993405
Fri Feb 27 23:00:00 UTC 2026,null,0.0076793065480993405
Sat Feb 28 00:00:00 UTC 2026,null,0.0076793065480993405
Sat Feb 28 01:00:00 UTC 2026,null,0.0076793065480993405
Sat Feb 28 02:00:00 UTC 2026,null,0.0076793065480993405
Sat Feb 28 03:00:00 UTC 2026,null,0.0076793065480993405
Sat Feb 28 04:00:00 UTC 2026,null,0.0076793065480993405
Sat Feb 28 05:00:00 UTC 2026,null,0.0076793065480993405
Sat Feb 28 06:00:00 UTC 2026,null,0.0076793065480993405
Sat Feb 28 07:00:00 UTC 2026,null,0.0076793065480993405
Sat Feb 28 08:00:00 UTC 2026,null,0.0076793065480993405
Sat Feb 28 09:00:00 UTC 2026,null,0.0076793065480993405
Sat Feb 28 10:00:00 UTC 2026,null,0.0076793065480993405
Sat Feb 28 11:00:00 UTC 2026,null,0.0076793065480993405
Sat Feb 28 12:00:00 UTC 2026,null,0.0076793065480993405
Sat Feb 28 13:00:00 UTC 2026,null,0.0076793065480993405
Sat Feb 28 14:00:00 UTC 2026,null,0.0076793065480993405
Sat Feb 28 15:00:00 UTC 2026,null,0.0076793065480993405
Sat Feb 28 16:00:00 UTC 2026,null,0.0076793065480993405
Sat Feb 28 17:00:00 UTC 2026,null,0.0076793065480993405
Sat Feb 28 18:00:00 UTC 2026,null,0.0076793065480993405
Sat Feb 28 19:00:00 UTC 2026,null,0.0076793065480993405
Sat Feb 28 20:00:00 UTC 2026,null,0.0076793065480993405
Sat Feb 28 21:00:00 UTC 2026,null,0.0076793065480993405
Sat Feb 28 22:00:00 UTC 2026,null,0.0076793065480993405
Sat Feb 28 23:00:00 UTC 2026,null,0.0076793065480993405
Sun Mar 01 00:00:00 UTC 2026,null,0.0076793065480993405
Sun Mar 01 01:00:00 UTC 2026,null,0.0076793065480993405
Sun Mar 01 02:00:00 UTC 2026,null,0.0076793065480993405
Sun Mar 01 03:00:00 UTC 2026,null,0.0076793065480993405
Sun Mar 01 04:00:00 UTC 2026,null,0.0076793065480993405
Sun Mar 01 05:00:00 UTC 2026,null,0.0076793065480993405
Sun Mar 01 06:00:00 UTC 2026,null,0.0076793065480993405
Sun Mar 01 07:00:00 UTC 2026,null,0.0076793065480993405
Sun Mar 01 08:00:00 UTC 2026,null,0.0076793065480993405
Sun Mar 01 09:00:00 UTC 2026,null,0.0076793065480993405
Sun Mar 01 10:00:00 UTC 2026,null,0.0076793065480993405
Sun Mar 01 11:00:00 UTC 2026,null,0.0076793065480993405
Sun Mar 01 12:00:00 UTC 2026,null,0.0076793065480993405
Sun Mar 01 13:00:00 UTC 2026,null,0.0076793065480993405
Sun Mar 01 14:00:00 UTC 2026,null,0.0076793065480993405
Sun Mar 01 15:00:00 UTC 2026,null,0.0076793065480993405
Sun Mar 01 16:00:00 UTC 2026,null,0.0076793065480993405
Sun Mar 01 17:00:00 UTC 2026,null,0.0076793065480993405
Sun Mar 01 18:00:00 UTC 2026,null,0.0076793065480993405
Sun Mar 01 19:00:00 UTC 2026,null,0.0076793065480993405
Sun Mar 01 20:00:00 UTC 2026,null,0.0076793065480993405
Sun Mar 01 21:00:00 UTC 2026,null,0.0061644844345014604
Sun Mar 01 22:00:00 UTC 2026,null,0.005224733678844018
Sun Mar 01 23:00:00 UTC 2026,null,0.00927127238044445
Mon Mar 02 00:00:00 UTC 2026,null,0.009720108562251362
Mon Mar 02 01:00:00 UTC 2026,null,0.007104235190158903
Mon Mar 02 02:00:00 UTC 2026,null,0.005764739710079958
Mon Mar 02 03:00:00 UTC 2026,null,0.007812554789572879
Mon Mar 02 04:00:00 UTC 2026,null,0.006557216093582063
Mon Mar 02 05:00:00 UTC 2026,null,0.007503979914580405
Mon Mar 02 06:00:00 UTC 2026,null,0.008240351775357091
Mon Mar 02 07:00:00 UTC 2026,null,0.012833909573535252
Mon Mar 02 08:00:00 UTC 2026,null,0.00976218695429587
Mon Mar 02 09:00:00 UTC 2026,null,0.014278601033725913
Mon Mar 02 10:00:00 UTC 2026,null,0.016396546766626052
Mon Mar 02 11:00:00 UTC 2026,null,0.017771107573409495
Mon Mar 02 12:00:00 UTC 2026,null,0.016670056314914916
Mon Mar 02 13:00:00 UTC 2026,null,0.01179597590310788
Mon Mar 02 14:00:00 UTC 2026,null,0.012651569874676305
Mon Mar 02 15:00:00 UTC 2026,null,0.006494098505515744
Mon Mar 02 16:00:00 UTC 2026,null,0.004453296491363723
Mon Mar 02 17:00:00 UTC 2026,null,0.00617149749984236
Mon Mar 02 18:00:00 UTC 2026,null,0.00779852865889108
Mon Mar 02 19:00:00 UTC 2026,null,0.007272548758336939
Mon Mar 02 20:00:00 UTC 2026,null,0.005315903528273047
Mon Mar 02 21:00:00 UTC 2026,null,0.00468472764760719
Mon Mar 02 22:00:00 UTC 2026,null,0.005322916593613947
Mon Mar 02 23:00:00 UTC 2026,null,0.008941658309430167
Tue Mar 03 00:00:00 UTC 2026,null,0.008394639212853328
Tue Mar 03 01:00:00 UTC 2026,null,0.006900856295278146
Tue Mar 03 02:00:00 UTC 2026,null,0.003941342721490493
Tue Mar 03 03:00:00 UTC 2026,null,0.004607583928859071
Tue Mar 03 04:00:00 UTC 2026,null,0.003303153775483736
Tue Mar 03 05:00:00 UTC 2026,null,0.00465667538624448
Tue Mar 03 06:00:00 UTC 2026,null,0.0037169246305870374
Tue Mar 03 07:00:00 UTC 2026,null,1.2623517613352675E-4
Tue Mar 03 08:00:00 UTC 2026,null,0.0023634030198262934
Tue Mar 03 09:00:00 UTC 2026,null,0.006101366846435141
Tue Mar 03 10:00:00 UTC 2026,null,0.004698753778288989
Tue Mar 03 11:00:00 UTC 2026,null,0.005084472372028692
Tue Mar 03 12:00:00 UTC 2026,null,0.004355113576592906
Tue Mar 03 13:00:00 UTC 2026,null,0.004186800008415759
Tue Mar 03 14:00:00 UTC 2026,null,0.003289127644801937
Tue Mar 03 15:00:00 UTC 2026,null,0.005575386945880112
Tue Mar 03 16:00:00 UTC 2026,null,0.0029595135737876532
Tue Mar 03 17:00:00 UTC 2026,null,0.004376152772615605
Tue Mar 03 18:00:00 UTC 2026,null,0.011718832184359762
Tue Mar 03 19:00:00 UTC 2026,null,0.007868659312299187
Tue Mar 03 20:00:00 UTC 2026,null,0.003829133676038765
Tue Mar 03 21:00:00 UTC 2026,null,0.002749121613565997
Tue Mar 03 22:00:00 UTC 2026,null,-1.9636582954074555E-4
Tue Mar 03 23:00:00 UTC 2026,null,0.0040254995055786225
Wed Mar 04 00:00:00 UTC 2026,null,0.007237483431633329
Wed Mar 04 01:00:00 UTC 2026,null,0.004916158803851545
Wed Mar 04 02:00:00 UTC 2026,null,0.005203694482821319
Wed Mar 04 03:00:00 UTC 2026,null,0.006367863329382217
Wed Mar 04 04:00:00 UTC 2026,null,0.004376152772615605
Wed Mar 04 05:00:00 UTC 2026,null,0.007826580920254678
Wed Mar 04 06:00:00 UTC 2026,null,0.008114116599224452
Wed Mar 04 07:00:00 UTC 2026,null,0.011010512584945786
Wed Mar 04 08:00:00 UTC 2026,null,0.010000631175880237
Wed Mar 04 09:00:00 UTC 2026,null,0.013205602036594044
Wed Mar 04 10:00:00 UTC 2026,null,0.01190818494855872
Wed Mar 04 11:00:00 UTC 2026,null,0.010737003036656922
Wed Mar 04 12:00:00 UTC 2026,null,0.009727121627592261
Wed Mar 04 13:00:00 UTC 2026,null,0.0053930472470211654
Wed Mar 04 14:00:00 UTC 2026,null,0.010133879417354663
Wed Mar 04 15:00:00 UTC 2026,null,0.008184247252631671
Wed Mar 04 16:00:00 UTC 2026,null,0.009025815093519185
Wed Mar 04 17:00:00 UTC 2026,null,0.010673885448590603
Wed Mar 04 18:00:00 UTC 2026,null,0.013100406056483216
Wed Mar 04 19:00:00 UTC 2026,null,0.013759634198511783
Wed Mar 04 20:00:00 UTC 2026,null,0.011592597008226235
Wed Mar 04 21:00:00 UTC 2026,null,0.006206562826545969
Wed Mar 04 22:00:00 UTC 2026,null,0.007405796999810477
Wed Mar 04 23:00:00 UTC 2026,null,0.009138024138970913
