date,P_Kweek_0_Kday_59_ETE_70_ORD_72_EXT_86_E2Ekor_86_EXTkor_70_DIFF_23
Tue Feb 10 17:00:00 UTC 2026,0.9578529735663586
Tue Feb 10 18:00:00 UTC 2026,0.9578528750171525
Tue Feb 10 19:00:00 UTC 2026,0.9578528326035702
Tue Feb 10 20:00:00 UTC 2026,0.9578525325898481
Tue Feb 10 21:00:00 UTC 2026,0.9578522369422302
Tue Feb 10 22:00:00 UTC 2026,0.9578524203186009
Tue Feb 10 23:00:00 UTC 2026,0.9578525350847648
Wed Feb 11 00:00:00 UTC 2026,0.9578526498509288
Wed Feb 11 01:00:00 UTC 2026,0.9578524016067262
Wed Feb 11 02:00:00 UTC 2026,0.9578526953831568
Wed Feb 11 03:00:00 UTC 2026,0.9578523747863728
Wed Feb 11 04:00:00 UTC 2026,0.9578523635592481
Wed Feb 11 05:00:00 UTC 2026,0.9578524851864326
Wed Feb 11 06:00:00 UTC 2026,0.9578521677082943
Wed Feb 11 07:00:00 UTC 2026,0.9578527596272595
Wed Feb 11 08:00:00 UTC 2026,0.9578526698102616
Wed Feb 11 09:00:00 UTC 2026,0.9578522625151255
Wed Feb 11 10:00:00 UTC 2026,0.9578523317490613
Wed Feb 11 11:00:00 UTC 2026,0.9578521957761061
Wed Feb 11 12:00:00 UTC 2026,0.9578522562778339
Wed Feb 11 13:00:00 UTC 2026,0.9578519494030912
Wed Feb 11 14:00:00 UTC 2026,0.9578514747452066
Wed Feb 11 15:00:00 UTC 2026,0.9578516125893491
Wed Feb 11 16:00:00 UTC 2026,0.9578514915858938
Wed Feb 11 17:00:00 UTC 2026,0.9578516992877013
Wed Feb 11 18:00:00 UTC 2026,0.9578517922233449
Wed Feb 11 19:00:00 UTC 2026,0.9578517579182416
Wed Feb 11 20:00:00 UTC 2026,0.957851969362424
Wed Feb 11 21:00:00 UTC 2026,0.9578514697553734
Wed Feb 11 22:00:00 UTC 2026,0.957851414867208
Wed Feb 11 23:00:00 UTC 2026,0.9578517666504497
Thu Feb 12 00:00:00 UTC 2026,0.9578518882776343
Thu Feb 12 01:00:00 UTC 2026,0.957851813430136
Thu Feb 12 02:00:00 UTC 2026,0.9578519724810698
Thu Feb 12 03:00:00 UTC 2026,0.957851558324913
Thu Feb 12 04:00:00 UTC 2026,0.9578516674775146
Thu Feb 12 05:00:00 UTC 2026,0.9578515177825181
Thu Feb 12 06:00:00 UTC 2026,0.9578519537691953
Thu Feb 12 07:00:00 UTC 2026,0.9578521465015032
Thu Feb 12 08:00:00 UTC 2026,0.9578515601961004
Thu Feb 12 09:00:00 UTC 2026,0.9578518583386351
Thu Feb 12 10:00:00 UTC 2026,0.9578519150979878
Thu Feb 12 11:00:00 UTC 2026,0.9578522294574804
Thu Feb 12 12:00:00 UTC 2026,0.9578520978506293
Thu Feb 12 13:00:00 UTC 2026,0.9578519263251126
Thu Feb 12 14:00:00 UTC 2026,0.9578516026096827
Thu Feb 12 15:00:00 UTC 2026,0.9578511728602971
Thu Feb 12 16:00:00 UTC 2026,0.9578512583111909
Thu Feb 12 17:00:00 UTC 2026,0.9578515277621845
Thu Feb 12 18:00:00 UTC 2026,0.9578516699724312
Thu Feb 12 19:00:00 UTC 2026,0.9578516874368475
Thu Feb 12 20:00:00 UTC 2026,0.9578517691453663
Thu Feb 12 21:00:00 UTC 2026,0.9578513986502502
Thu Feb 12 22:00:00 UTC 2026,0.9578511466636728
Thu Feb 12 23:00:00 UTC 2026,0.9578513624739593
Fri Feb 13 00:00:00 UTC 2026,0.9578514005214376
Fri Feb 13 01:00:00 UTC 2026,0.9578515614435588
Fri Feb 13 02:00:00 UTC 2026,0.9578518028267405
Fri Feb 13 03:00:00 UTC 2026,0.957851923830196
Fri Feb 13 04:00:00 UTC 2026,0.957851989945486
Fri Feb 13 05:00:00 UTC 2026,0.9578520323590684
Fri Feb 13 06:00:00 UTC 2026,0.9578517610368873
Fri Feb 13 07:00:00 UTC 2026,0.9578518864064468
Fri Feb 13 08:00:00 UTC 2026,0.9578524365355587
Fri Feb 13 09:00:00 UTC 2026,0.957851973104799
Fri Feb 13 10:00:00 UTC 2026,0.9578518221623442
Fri Feb 13 11:00:00 UTC 2026,0.9578519225827377
Fri Feb 13 12:00:00 UTC 2026,0.9578516992877013
Fri Feb 13 13:00:00 UTC 2026,0.9578518645759265
Fri Feb 13 14:00:00 UTC 2026,0.9578520086573606
Fri Feb 13 15:00:00 UTC 2026,0.9578519743522572
Fri Feb 13 16:00:00 UTC 2026,0.957851977470903
Fri Feb 13 17:00:00 UTC 2026,0.9578520186370271
Fri Feb 13 18:00:00 UTC 2026,0.9578519182166336
Fri Feb 13 19:00:00 UTC 2026,0.9578520111522772
Fri Feb 13 20:00:00 UTC 2026,0.9578516631114105
Fri Feb 13 21:00:00 UTC 2026,0.9578516631114105
Fri Feb 13 22:00:00 UTC 2026,0.9578516631114105
Fri Feb 13 23:00:00 UTC 2026,0.9578516631114105
Sat Feb 14 00:00:00 UTC 2026,0.9578516631114105
Sat Feb 14 01:00:00 UTC 2026,0.9578516631114105
Sat Feb 14 02:00:00 UTC 2026,0.9578516631114105
Sat Feb 14 03:00:00 UTC 2026,0.9578516631114105
Sat Feb 14 04:00:00 UTC 2026,0.9578516631114105
Sat Feb 14 05:00:00 UTC 2026,0.9578516631114105
Sat Feb 14 06:00:00 UTC 2026,0.9578516631114105
Sat Feb 14 07:00:00 UTC 2026,0.9578516631114105
Sat Feb 14 08:00:00 UTC 2026,0.9578516631114105
Sat Feb 14 09:00:00 UTC 2026,0.9578516631114105
Sat Feb 14 10:00:00 UTC 2026,0.9578516631114105
Sat Feb 14 11:00:00 UTC 2026,0.9578516631114105
Sat Feb 14 12:00:00 UTC 2026,0.9578516631114105
Sat Feb 14 13:00:00 UTC 2026,0.9578516631114105
Sat Feb 14 14:00:00 UTC 2026,0.9578516631114105
Sat Feb 14 15:00:00 UTC 2026,0.9578516631114105
Sat Feb 14 16:00:00 UTC 2026,0.9578516631114105
Sat Feb 14 17:00:00 UTC 2026,0.9578516631114105
Sat Feb 14 18:00:00 UTC 2026,0.9578516631114105
Sat Feb 14 19:00:00 UTC 2026,0.9578516631114105
Sat Feb 14 20:00:00 UTC 2026,0.9578516631114105
Sat Feb 14 21:00:00 UTC 2026,0.9578516631114105
Sat Feb 14 22:00:00 UTC 2026,0.9578516631114105
Sat Feb 14 23:00:00 UTC 2026,0.9578516631114105
Sun Feb 15 00:00:00 UTC 2026,0.9578516631114105
Sun Feb 15 01:00:00 UTC 2026,0.9578516631114105
Sun Feb 15 02:00:00 UTC 2026,0.9578516631114105
Sun Feb 15 03:00:00 UTC 2026,0.9578516631114105
Sun Feb 15 04:00:00 UTC 2026,0.9578516631114105
Sun Feb 15 05:00:00 UTC 2026,0.9578516631114105
Sun Feb 15 06:00:00 UTC 2026,0.9578516631114105
Sun Feb 15 07:00:00 UTC 2026,0.9578516631114105
Sun Feb 15 08:00:00 UTC 2026,0.9578516631114105
Sun Feb 15 09:00:00 UTC 2026,0.9578516631114105
Sun Feb 15 10:00:00 UTC 2026,0.9578516631114105
Sun Feb 15 11:00:00 UTC 2026,0.9578516631114105
Sun Feb 15 12:00:00 UTC 2026,0.9578516631114105
Sun Feb 15 13:00:00 UTC 2026,0.9578516631114105
Sun Feb 15 14:00:00 UTC 2026,0.9578516631114105
Sun Feb 15 15:00:00 UTC 2026,0.9578516631114105
Sun Feb 15 16:00:00 UTC 2026,0.9578516631114105
Sun Feb 15 17:00:00 UTC 2026,0.9578516631114105
Sun Feb 15 18:00:00 UTC 2026,0.9578516631114105
Sun Feb 15 19:00:00 UTC 2026,0.9578516631114105
Sun Feb 15 20:00:00 UTC 2026,0.9578516631114105
Sun Feb 15 21:00:00 UTC 2026,0.9578512863790027
Sun Feb 15 22:00:00 UTC 2026,0.9578514778638524
Sun Feb 15 23:00:00 UTC 2026,0.9578516518842858
Mon Feb 16 00:00:00 UTC 2026,0.9578518857827177
Mon Feb 16 01:00:00 UTC 2026,0.9578519699861532
Mon Feb 16 02:00:00 UTC 2026,0.957851820914886
Mon Feb 16 03:00:00 UTC 2026,0.9578521065828375
Mon Feb 16 04:00:00 UTC 2026,0.9578518820403428
Mon Feb 16 05:00:00 UTC 2026,0.9578518221623442
Mon Feb 16 06:00:00 UTC 2026,0.9578519949353193
Mon Feb 16 07:00:00 UTC 2026,0.9578518483589686
Mon Feb 16 08:00:00 UTC 2026,0.9578516506368274
Mon Feb 16 09:00:00 UTC 2026,0.9578520298641517
Mon Feb 16 10:00:00 UTC 2026,0.957852309918541
Mon Feb 16 11:00:00 UTC 2026,0.9578522643863129
Mon Feb 16 12:00:00 UTC 2026,0.957851866447114
Mon Feb 16 13:00:00 UTC 2026,0.9578519930641318
Mon Feb 16 14:00:00 UTC 2026,0.9578518184199694
Mon Feb 16 15:00:00 UTC 2026,0.9578522625151255
Mon Feb 16 16:00:00 UTC 2026,0.9578521483726906
Mon Feb 16 17:00:00 UTC 2026,0.957852014270923
Mon Feb 16 18:00:00 UTC 2026,0.9578520217556729
Mon Feb 16 19:00:00 UTC 2026,0.957852174569315
Mon Feb 16 20:00:00 UTC 2026,0.9578520579319636
Mon Feb 16 21:00:00 UTC 2026,0.9578516013622245
Mon Feb 16 22:00:00 UTC 2026,0.9578519088606964
Mon Feb 16 23:00:00 UTC 2026,0.9578521652133777
Tue Feb 17 00:00:00 UTC 2026,0.9578519462844455
Tue Feb 17 01:00:00 UTC 2026,0.9578518651996557
Tue Feb 17 02:00:00 UTC 2026,0.9578520055387149
Tue Feb 17 03:00:00 UTC 2026,0.9578522057557726
Tue Feb 17 04:00:00 UTC 2026,0.9578522531591881
Tue Feb 17 05:00:00 UTC 2026,0.9578520666641718
Tue Feb 17 06:00:00 UTC 2026,0.9578520123997355
Tue Feb 17 07:00:00 UTC 2026,0.9578520267455061
Tue Feb 17 08:00:00 UTC 2026,0.9578519556403827
Tue Feb 17 09:00:00 UTC 2026,0.9578522313286678
Tue Feb 17 10:00:00 UTC 2026,0.957852174569315
Tue Feb 17 11:00:00 UTC 2026,0.9578518938911966
Tue Feb 17 12:00:00 UTC 2026,0.9578517903521575
Tue Feb 17 13:00:00 UTC 2026,0.9578513556129387
Tue Feb 17 14:00:00 UTC 2026,0.957851895138655
Tue Feb 17 15:00:00 UTC 2026,0.9578515639384754
Tue Feb 17 16:00:00 UTC 2026,0.9578515302571011
Tue Feb 17 17:00:00 UTC 2026,0.9578513861756671
Tue Feb 17 18:00:00 UTC 2026,0.9578513138230854
Tue Feb 17 19:00:00 UTC 2026,0.9578512932400235
Tue Feb 17 20:00:00 UTC 2026,0.9578514129960206
Tue Feb 17 21:00:00 UTC 2026,0.9578515165350598
Tue Feb 17 22:00:00 UTC 2026,0.9578514504197697
Tue Feb 17 23:00:00 UTC 2026,0.9578516824470142
Wed Feb 18 00:00:00 UTC 2026,0.9578516057283285
Wed Feb 18 01:00:00 UTC 2026,0.9578516880605765
Wed Feb 18 02:00:00 UTC 2026,0.9578516319249529
Wed Feb 18 03:00:00 UTC 2026,0.9578515371181218
Wed Feb 18 04:00:00 UTC 2026,0.9578516537554732
Wed Feb 18 05:00:00 UTC 2026,0.9578518059453862
Wed Feb 18 06:00:00 UTC 2026,0.9578515408604967
Wed Feb 18 07:00:00 UTC 2026,0.9578517728877413
Wed Feb 18 08:00:00 UTC 2026,0.9578513924129586
Wed Feb 18 09:00:00 UTC 2026,0.9578515895113706
Wed Feb 18 10:00:00 UTC 2026,0.957851636291057
Wed Feb 18 11:00:00 UTC 2026,0.957851636291057
Wed Feb 18 12:00:00 UTC 2026,0.9578516244402031
Wed Feb 18 13:00:00 UTC 2026,0.957851065578883
Wed Feb 18 14:00:00 UTC 2026,0.9578512190162544
Wed Feb 18 15:00:00 UTC 2026,0.9578511772264012
Wed Feb 18 16:00:00 UTC 2026,0.9578510973890698
Wed Feb 18 17:00:00 UTC 2026,0.9578509639110313
Wed Feb 18 18:00:00 UTC 2026,0.9578510531043
Wed Feb 18 19:00:00 UTC 2026,0.9578510131856343
Wed Feb 18 20:00:00 UTC 2026,0.9578508634906379
Wed Feb 18 21:00:00 UTC 2026,0.9578507487244738
Wed Feb 18 22:00:00 UTC 2026,0.9578507792872023
Wed Feb 18 23:00:00 UTC 2026,0.9578512757756072
Thu Feb 19 00:00:00 UTC 2026,0.9578512539450869
Thu Feb 19 01:00:00 UTC 2026,0.9578512782705239
Thu Feb 19 02:00:00 UTC 2026,0.9578513238027518
Thu Feb 19 03:00:00 UTC 2026,0.9578512763993363
Thu Feb 19 04:00:00 UTC 2026,0.9578511734840263
Thu Feb 19 05:00:00 UTC 2026,0.9578514242231453
Thu Feb 19 06:00:00 UTC 2026,0.9578515339994761
Thu Feb 19 07:00:00 UTC 2026,0.9578516138368075
Thu Feb 19 08:00:00 UTC 2026,0.9578514778638524
Thu Feb 19 09:00:00 UTC 2026,0.9578516974165139
Thu Feb 19 10:00:00 UTC 2026,0.9578516194503699
Thu Feb 19 11:00:00 UTC 2026,0.9578517990843656
Thu Feb 19 12:00:00 UTC 2026,0.9578520030437983
Thu Feb 19 13:00:00 UTC 2026,0.9578518882776343
Thu Feb 19 14:00:00 UTC 2026,0.9578520217556729
Thu Feb 19 15:00:00 UTC 2026,0.9578517654029914
Thu Feb 19 16:00:00 UTC 2026,0.9578515882639123
Thu Feb 19 17:00:00 UTC 2026,0.9578516294300363
Thu Feb 19 18:00:00 UTC 2026,0.9578517179995758
Thu Feb 19 19:00:00 UTC 2026,0.9578514360739993
Thu Feb 19 20:00:00 UTC 2026,0.957851484724873
Thu Feb 19 21:00:00 UTC 2026,0.9578512071654005
Thu Feb 19 22:00:00 UTC 2026,0.9578511865823385
Thu Feb 19 23:00:00 UTC 2026,0.9578515558299964
Fri Feb 20 00:00:00 UTC 2026,0.9578516737148061
Fri Feb 20 01:00:00 UTC 2026,0.9578515932537455
Fri Feb 20 02:00:00 UTC 2026,0.9578517298504298
Fri Feb 20 03:00:00 UTC 2026,0.9578518627047391
Fri Feb 20 04:00:00 UTC 2026,0.9578516500130984
Fri Feb 20 05:00:00 UTC 2026,0.9578517491860334
Fri Feb 20 06:00:00 UTC 2026,0.9578516762097227
Fri Feb 20 07:00:00 UTC 2026,0.9578518583386351
Fri Feb 20 08:00:00 UTC 2026,0.9578518627047391
Fri Feb 20 09:00:00 UTC 2026,0.9578519868268403
Fri Feb 20 10:00:00 UTC 2026,0.9578518508538852
Fri Feb 20 11:00:00 UTC 2026,0.9578519737285281
Fri Feb 20 12:00:00 UTC 2026,0.9578518627047391
Fri Feb 20 13:00:00 UTC 2026,0.9578515495927049
Fri Feb 20 14:00:00 UTC 2026,0.9578519824607362
Fri Feb 20 15:00:00 UTC 2026,0.9578518396267605
Fri Feb 20 16:00:00 UTC 2026,0.9578518433691354
Fri Feb 20 17:00:00 UTC 2026,0.9578518514776143
Fri Feb 20 18:00:00 UTC 2026,0.9578516787046393
Fri Feb 20 19:00:00 UTC 2026,0.9578516886843057
Fri Feb 20 20:00:00 UTC 2026,0.9578517148809301
Fri Feb 20 21:00:00 UTC 2026,0.9578517148809301
Fri Feb 20 22:00:00 UTC 2026,0.9578517148809301
Fri Feb 20 23:00:00 UTC 2026,0.9578517148809301
Sat Feb 21 00:00:00 UTC 2026,0.9578517148809301
Sat Feb 21 01:00:00 UTC 2026,0.9578517148809301
Sat Feb 21 02:00:00 UTC 2026,0.9578517148809301
Sat Feb 21 03:00:00 UTC 2026,0.9578517148809301
Sat Feb 21 04:00:00 UTC 2026,0.9578517148809301
Sat Feb 21 05:00:00 UTC 2026,0.9578517148809301
Sat Feb 21 06:00:00 UTC 2026,0.9578517148809301
Sat Feb 21 07:00:00 UTC 2026,0.9578517148809301
Sat Feb 21 08:00:00 UTC 2026,0.9578517148809301
Sat Feb 21 09:00:00 UTC 2026,0.9578517148809301
Sat Feb 21 10:00:00 UTC 2026,0.9578517148809301
Sat Feb 21 11:00:00 UTC 2026,0.9578517148809301
Sat Feb 21 12:00:00 UTC 2026,0.9578517148809301
Sat Feb 21 13:00:00 UTC 2026,0.9578517148809301
Sat Feb 21 14:00:00 UTC 2026,0.9578517148809301
Sat Feb 21 15:00:00 UTC 2026,0.9578517148809301
Sat Feb 21 16:00:00 UTC 2026,0.9578517148809301
Sat Feb 21 17:00:00 UTC 2026,0.9578517148809301
Sat Feb 21 18:00:00 UTC 2026,0.9578517148809301
Sat Feb 21 19:00:00 UTC 2026,0.9578517148809301
Sat Feb 21 20:00:00 UTC 2026,0.9578517148809301
Sat Feb 21 21:00:00 UTC 2026,0.9578517148809301
Sat Feb 21 22:00:00 UTC 2026,0.9578517148809301
Sat Feb 21 23:00:00 UTC 2026,0.9578517148809301
Sun Feb 22 00:00:00 UTC 2026,0.9578517148809301
Sun Feb 22 01:00:00 UTC 2026,0.9578517148809301
Sun Feb 22 02:00:00 UTC 2026,0.9578517148809301
Sun Feb 22 03:00:00 UTC 2026,0.9578517148809301
Sun Feb 22 04:00:00 UTC 2026,0.9578517148809301
Sun Feb 22 05:00:00 UTC 2026,0.9578517148809301
Sun Feb 22 06:00:00 UTC 2026,0.9578517148809301
Sun Feb 22 07:00:00 UTC 2026,0.9578517148809301
Sun Feb 22 08:00:00 UTC 2026,0.9578517148809301
Sun Feb 22 09:00:00 UTC 2026,0.9578517148809301
Sun Feb 22 10:00:00 UTC 2026,0.9578517148809301
Sun Feb 22 11:00:00 UTC 2026,0.9578517148809301
Sun Feb 22 12:00:00 UTC 2026,0.9578517148809301
Sun Feb 22 13:00:00 UTC 2026,0.9578517148809301
Sun Feb 22 14:00:00 UTC 2026,0.9578517148809301
Sun Feb 22 15:00:00 UTC 2026,0.9578517148809301
Sun Feb 22 16:00:00 UTC 2026,0.9578517148809301
Sun Feb 22 17:00:00 UTC 2026,0.9578517148809301
Sun Feb 22 18:00:00 UTC 2026,0.9578517148809301
Sun Feb 22 19:00:00 UTC 2026,0.9578517148809301
Sun Feb 22 20:00:00 UTC 2026,0.9578517148809301
Sun Feb 22 21:00:00 UTC 2026,0.9578514853486022
Sun Feb 22 22:00:00 UTC 2026,0.957851459775707
Sun Feb 22 23:00:00 UTC 2026,0.9578519986776942
Mon Feb 23 00:00:00 UTC 2026,0.9578516737148061
Mon Feb 23 01:00:00 UTC 2026,0.9578517928470741
Mon Feb 23 02:00:00 UTC 2026,0.9578519681149658
Mon Feb 23 03:00:00 UTC 2026,0.9578515134164141
Mon Feb 23 04:00:00 UTC 2026,0.9578519450369871
Mon Feb 23 05:00:00 UTC 2026,0.9578517990843656
Mon Feb 23 06:00:00 UTC 2026,0.9578519749759864
Mon Feb 23 07:00:00 UTC 2026,0.9578519525217369
Mon Feb 23 08:00:00 UTC 2026,0.9578518146775944
Mon Feb 23 09:00:00 UTC 2026,0.9578518720606763
Mon Feb 23 10:00:00 UTC 2026,0.9578515427316842
Mon Feb 23 11:00:00 UTC 2026,0.9578516450232651
Mon Feb 23 12:00:00 UTC 2026,0.9578516419046194
Mon Feb 23 13:00:00 UTC 2026,0.9578516843182017
Mon Feb 23 14:00:00 UTC 2026,0.95785182528099
Mon Feb 23 15:00:00 UTC 2026,0.9578517317216172
Mon Feb 23 16:00:00 UTC 2026,0.957851599491037
Mon Feb 23 17:00:00 UTC 2026,0.9578514959519978
Mon Feb 23 18:00:00 UTC 2026,0.9578516730910769
Mon Feb 23 19:00:00 UTC 2026,0.9578517785013035
Mon Feb 23 20:00:00 UTC 2026,0.9578518695657597
Mon Feb 23 21:00:00 UTC 2026,0.957851628182578
Mon Feb 23 22:00:00 UTC 2026,0.9578519930641318
Mon Feb 23 23:00:00 UTC 2026,0.9578521078302957
Tue Feb 24 00:00:00 UTC 2026,0.9578524284270798
Tue Feb 24 01:00:00 UTC 2026,0.9578525693898682
Tue Feb 24 02:00:00 UTC 2026,0.9578522107456058
Tue Feb 24 03:00:00 UTC 2026,0.9578521221760663
Tue Feb 24 04:00:00 UTC 2026,0.9578521920337313
Tue Feb 24 05:00:00 UTC 2026,0.9578522569015631
Tue Feb 24 06:00:00 UTC 2026,0.9578522681286878
Tue Feb 24 07:00:00 UTC 2026,0.9578523492134775
Tue Feb 24 08:00:00 UTC 2026,0.9578520822574005
Tue Feb 24 09:00:00 UTC 2026,0.9578519993014234
Tue Feb 24 10:00:00 UTC 2026,0.9578519830844654
Tue Feb 24 11:00:00 UTC 2026,0.9578522637625837
Tue Feb 24 12:00:00 UTC 2026,0.9578521776879608
Tue Feb 24 13:00:00 UTC 2026,0.9578521340269202
Tue Feb 24 14:00:00 UTC 2026,0.9578521059591083
Tue Feb 24 15:00:00 UTC 2026,0.9578518658233849
Tue Feb 24 16:00:00 UTC 2026,0.9578519674912366
Tue Feb 24 17:00:00 UTC 2026,0.9578516986639721
Tue Feb 24 18:00:00 UTC 2026,0.9578519275725709
Tue Feb 24 19:00:00 UTC 2026,0.9578515945012038
Tue Feb 24 20:00:00 UTC 2026,0.9578515283859137
Tue Feb 24 21:00:00 UTC 2026,0.9578512283721916
Tue Feb 24 22:00:00 UTC 2026,0.9578514398163741
Tue Feb 24 23:00:00 UTC 2026,0.9578516138368075
Wed Feb 25 00:00:00 UTC 2026,0.9578516306774946
Wed Feb 25 01:00:00 UTC 2026,0.9578517797487619
Wed Feb 25 02:00:00 UTC 2026,0.9578521633421903
Wed Feb 25 03:00:00 UTC 2026,0.9578517672741789
Wed Feb 25 04:00:00 UTC 2026,0.9578516044808703
Wed Feb 25 05:00:00 UTC 2026,0.9578518078165738
Wed Feb 25 06:00:00 UTC 2026,0.95785196499632
Wed Feb 25 07:00:00 UTC 2026,0.9578518589623641
Wed Feb 25 08:00:00 UTC 2026,0.95785164876564
Wed Feb 25 09:00:00 UTC 2026,0.9578515470977883
Wed Feb 25 10:00:00 UTC 2026,0.9578515408604967
Wed Feb 25 11:00:00 UTC 2026,0.9578514734977484
Wed Feb 25 12:00:00 UTC 2026,0.9578513375247932
Wed Feb 25 13:00:00 UTC 2026,0.9578512732806905
Wed Feb 25 14:00:00 UTC 2026,0.9578512745281489
Wed Feb 25 15:00:00 UTC 2026,0.9578518676945723
Wed Feb 25 16:00:00 UTC 2026,0.9578516231927447
Wed Feb 25 17:00:00 UTC 2026,0.9578514772401232
Wed Feb 25 18:00:00 UTC 2026,0.9578512140264211
Wed Feb 25 19:00:00 UTC 2026,0.9578513418908973
Wed Feb 25 20:00:00 UTC 2026,0.9578511248331525
Wed Feb 25 21:00:00 UTC 2026,0.9578509470703441
Wed Feb 25 22:00:00 UTC 2026,0.9578511628806307
Wed Feb 25 23:00:00 UTC 2026,0.9578513418908973
Thu Feb 26 00:00:00 UTC 2026,0.957851094270424
Thu Feb 26 01:00:00 UTC 2026,0.957851558324913
Thu Feb 26 02:00:00 UTC 2026,0.9578515689283086
Thu Feb 26 03:00:00 UTC 2026,0.9578516269351197
Thu Feb 26 04:00:00 UTC 2026,0.9578514572807904
Thu Feb 26 05:00:00 UTC 2026,0.9578517342165338
Thu Feb 26 06:00:00 UTC 2026,0.9578518315182815
Thu Feb 26 07:00:00 UTC 2026,0.9578518446165937
Thu Feb 26 08:00:00 UTC 2026,0.957851911355613
Thu Feb 26 09:00:00 UTC 2026,0.9578520710302758
Thu Feb 26 10:00:00 UTC 2026,0.95785200179634
Thu Feb 26 11:00:00 UTC 2026,0.9578519013759464
Thu Feb 26 12:00:00 UTC 2026,0.9578520672879008
Thu Feb 26 13:00:00 UTC 2026,0.9578522643863129
Thu Feb 26 14:00:00 UTC 2026,0.9578518053216571
Thu Feb 26 15:00:00 UTC 2026,0.9578515321282886
Thu Feb 26 16:00:00 UTC 2026,0.9578515477215174
Thu Feb 26 17:00:00 UTC 2026,0.9578513387722515
Thu Feb 26 18:00:00 UTC 2026,0.9578512838840861
Thu Feb 26 19:00:00 UTC 2026,0.9578513225552936
Thu Feb 26 20:00:00 UTC 2026,0.9578512533213577
Thu Feb 26 21:00:00 UTC 2026,0.9578511828399635
Thu Feb 26 22:00:00 UTC 2026,0.9578511360602772
Thu Feb 26 23:00:00 UTC 2026,0.9578515658096628
Fri Feb 27 00:00:00 UTC 2026,0.9578517423250128
Fri Feb 27 01:00:00 UTC 2026,0.9578515701757668
Fri Feb 27 02:00:00 UTC 2026,0.957851537741851
Fri Feb 27 03:00:00 UTC 2026,0.95785147225029
Fri Feb 27 04:00:00 UTC 2026,0.9578513786909173
Fri Feb 27 05:00:00 UTC 2026,0.95785150905031
Fri Feb 27 06:00:00 UTC 2026,0.957851299477315
Fri Feb 27 07:00:00 UTC 2026,0.9578514934570812
Fri Feb 27 08:00:00 UTC 2026,0.9578510343924255
Fri Feb 27 09:00:00 UTC 2026,0.9578510605890498
Fri Feb 27 10:00:00 UTC 2026,0.9578511959382757
Fri Feb 27 11:00:00 UTC 2026,0.9578511185958609
Fri Feb 27 12:00:00 UTC 2026,0.9578508360465552
Fri Feb 27 13:00:00 UTC 2026,0.9578509901076556
Fri Feb 27 14:00:00 UTC 2026,0.9578507219041204
Fri Feb 27 15:00:00 UTC 2026,0.9578507718024525
Fri Feb 27 16:00:00 UTC 2026,0.9578507649414318
Fri Feb 27 17:00:00 UTC 2026,0.957850933972032
Fri Feb 27 18:00:00 UTC 2026,0.9578506688871424
Fri Feb 27 19:00:00 UTC 2026,0.9578509595449272
Fri Feb 27 20:00:00 UTC 2026,0.9578504936192508
Fri Feb 27 21:00:00 UTC 2026,0.9578504936192508
Fri Feb 27 22:00:00 UTC 2026,0.9578504936192508
Fri Feb 27 23:00:00 UTC 2026,0.9578504936192508
Sat Feb 28 00:00:00 UTC 2026,0.9578504936192508
Sat Feb 28 01:00:00 UTC 2026,0.9578504936192508
Sat Feb 28 02:00:00 UTC 2026,0.9578504936192508
Sat Feb 28 03:00:00 UTC 2026,0.9578504936192508
Sat Feb 28 04:00:00 UTC 2026,0.9578504936192508
Sat Feb 28 05:00:00 UTC 2026,0.9578504936192508
Sat Feb 28 06:00:00 UTC 2026,0.9578504936192508
Sat Feb 28 07:00:00 UTC 2026,0.9578504936192508
Sat Feb 28 08:00:00 UTC 2026,0.9578504936192508
Sat Feb 28 09:00:00 UTC 2026,0.9578504936192508
Sat Feb 28 10:00:00 UTC 2026,0.9578504936192508
Sat Feb 28 11:00:00 UTC 2026,0.9578504936192508
Sat Feb 28 12:00:00 UTC 2026,0.9578504936192508
Sat Feb 28 13:00:00 UTC 2026,0.9578504936192508
Sat Feb 28 14:00:00 UTC 2026,0.9578504936192508
Sat Feb 28 15:00:00 UTC 2026,0.9578504936192508
Sat Feb 28 16:00:00 UTC 2026,0.9578504936192508
Sat Feb 28 17:00:00 UTC 2026,0.9578504936192508
Sat Feb 28 18:00:00 UTC 2026,0.9578504936192508
Sat Feb 28 19:00:00 UTC 2026,0.9578504936192508
Sat Feb 28 20:00:00 UTC 2026,0.9578504936192508
Sat Feb 28 21:00:00 UTC 2026,0.9578504936192508
Sat Feb 28 22:00:00 UTC 2026,0.9578504936192508
Sat Feb 28 23:00:00 UTC 2026,0.9578504936192508
Sun Mar 01 00:00:00 UTC 2026,0.9578504936192508
Sun Mar 01 01:00:00 UTC 2026,0.9578504936192508
Sun Mar 01 02:00:00 UTC 2026,0.9578504936192508
Sun Mar 01 03:00:00 UTC 2026,0.9578504936192508
Sun Mar 01 04:00:00 UTC 2026,0.9578504936192508
Sun Mar 01 05:00:00 UTC 2026,0.9578504936192508
Sun Mar 01 06:00:00 UTC 2026,0.9578504936192508
Sun Mar 01 07:00:00 UTC 2026,0.9578504936192508
Sun Mar 01 08:00:00 UTC 2026,0.9578504936192508
Sun Mar 01 09:00:00 UTC 2026,0.9578504936192508
Sun Mar 01 10:00:00 UTC 2026,0.9578504936192508
Sun Mar 01 11:00:00 UTC 2026,0.9578504936192508
Sun Mar 01 12:00:00 UTC 2026,0.9578504936192508
Sun Mar 01 13:00:00 UTC 2026,0.9578504936192508
Sun Mar 01 14:00:00 UTC 2026,0.9578504936192508
Sun Mar 01 15:00:00 UTC 2026,0.9578504936192508
Sun Mar 01 16:00:00 UTC 2026,0.9578504936192508
Sun Mar 01 17:00:00 UTC 2026,0.9578504936192508
Sun Mar 01 18:00:00 UTC 2026,0.9578504936192508
Sun Mar 01 19:00:00 UTC 2026,0.9578504936192508
Sun Mar 01 20:00:00 UTC 2026,0.9578504936192508
Sun Mar 01 21:00:00 UTC 2026,0.9578504144056484
Sun Mar 01 22:00:00 UTC 2026,0.9578504268802315
Sun Mar 01 23:00:00 UTC 2026,0.9578506988261417
Mon Mar 02 00:00:00 UTC 2026,0.9578507842770355
Mon Mar 02 01:00:00 UTC 2026,0.9578509190025324
Mon Mar 02 02:00:00 UTC 2026,0.9578509726432394
Mon Mar 02 03:00:00 UTC 2026,0.9578511628806307
Mon Mar 02 04:00:00 UTC 2026,0.9578511210907775
Mon Mar 02 05:00:00 UTC 2026,0.9578510899043199
Mon Mar 02 06:00:00 UTC 2026,0.9578510580941332
Mon Mar 02 07:00:00 UTC 2026,0.9578511242094233
Mon Mar 02 08:00:00 UTC 2026,0.9578508703516585
Mon Mar 02 09:00:00 UTC 2026,0.9578507212803912
Mon Mar 02 10:00:00 UTC 2026,0.9578507811583897
Mon Mar 02 11:00:00 UTC 2026,0.9578507817821189
Mon Mar 02 12:00:00 UTC 2026,0.9578509464466151
Mon Mar 02 13:00:00 UTC 2026,0.9578509926025722
Mon Mar 02 14:00:00 UTC 2026,0.9578508953008246
Mon Mar 02 15:00:00 UTC 2026,0.9578508185821388
Mon Mar 02 16:00:00 UTC 2026,0.9578509071516784
Mon Mar 02 17:00:00 UTC 2026,0.9578512165213378
Mon Mar 02 18:00:00 UTC 2026,0.9578511404263812
Mon Mar 02 19:00:00 UTC 2026,0.9578513412671681
Mon Mar 02 20:00:00 UTC 2026,0.9578511348128189
Mon Mar 02 21:00:00 UTC 2026,0.9578508485211382
Mon Mar 02 22:00:00 UTC 2026,0.957850905280491
Mon Mar 02 23:00:00 UTC 2026,0.9578510462432793
Tue Mar 03 00:00:00 UTC 2026,0.9578512289959208
Tue Mar 03 01:00:00 UTC 2026,0.9578512458366079
Tue Mar 03 02:00:00 UTC 2026,0.9578509738906977
Tue Mar 03 03:00:00 UTC 2026,0.9578508909347205
Tue Mar 03 04:00:00 UTC 2026,0.9578508728465751
Tue Mar 03 05:00:00 UTC 2026,0.9578509333483028
Tue Mar 03 06:00:00 UTC 2026,0.9578506676396842
Tue Mar 03 07:00:00 UTC 2026,0.9578507300125993
Tue Mar 03 08:00:00 UTC 2026,0.9578505035989172
Tue Mar 03 09:00:00 UTC 2026,0.9578504961141674
Tue Mar 03 10:00:00 UTC 2026,0.9578506090091439
Tue Mar 03 11:00:00 UTC 2026,0.9578505927921859
Tue Mar 03 12:00:00 UTC 2026,0.9578507930092437
